"Pop","Date","Plant_ID","Loc","Time","Year","L_area","L_weight","Trichomes","Conc","herb_p","fl_m","fl_h","Leaves","Height","SLA"
"I1",2022-06-15,"I1 - Plant 1","Field","2022","2022",1.19,0.0111,372,0.443456103420585,0.01,0,0,NA,25,107.207207207207
"I1",2022-06-15,"I1 - Plant 2","Field","2022","2022",2.323,0.0206,252,0.507289995421887,0.01,0,0,NA,33,112.766990291262
"I1",2022-06-15,"I1 - Plant 3","Field","2022","2022",3.179,0.0309,180,0.379595215534127,0.02,0,1,NA,37,102.880258899676
"I1",2022-06-15,"I1 - Plant 4","Field","2022","2022",3.376,0.034,184,0.339914137985058,0.03,0,0,NA,48,99.2941176470588
"I1",2022-06-15,"I1 - Plant 5","Field","2022","2022",1.647,0.0138,176,0.22494841104367,0,0,0,NA,36,119.347826086957
"I1",2022-06-15,"I1 - Plant 6","Field","2022","2022",2.196,0.0105,124,0.78334299103366,0,0,0,NA,24,209.142857142857
"I1",2022-06-15,"I1 - Plant 7","Field","2022","2022",2.029,0.0182,192,0.371654017798182,0.05,0,0,NA,30,111.483516483516
"I1",2022-06-15,"I1 - Plant 8","Field","2022","2022",2.073,0.0164,140,0.30307253201769,0.02,0,2,NA,32,126.40243902439
"I1",2022-06-15,"I1 - Plant 9","Field","2022","2022",2.449,0.0193,96,0.140963277438765,0.01,0,0,NA,25,126.891191709845
"I1",2022-06-15,"I1 - Plant 10","Field","2022","2022",2.446,0.0208,104,0.478728554782216,0.01,0,0,NA,39,117.596153846154
"I1",2022-06-15,"I1 - Plant 11","Field","2022","2022",1.583,0.0106,136,0.355638239892626,0,0,1,NA,23,149.339622641509
"I1",2022-06-15,"I1 - Plant 12","Field","2022","2022",2.347,0.0254,152,0.503183507729998,0.02,0,1,NA,46,92.4015748031496
"I1",2022-06-15,"I1 - Plant 13","Field","2022","2022",2.92,0.0265,92,0.985554800992502,0,0,1,NA,49,110.188679245283
"I1",2022-06-15,"I1 - Plant 14","Field","2022","2022",2.565,0.02,104,0.314043190283949,0.01,0,1,NA,33,128.25
"I1",2022-06-15,"I1 - Plant 15","Field","2022","2022",2.462,0.0165,116,0.370229415829921,0,0,2,NA,31,149.212121212121
"I2",2022-06-15,"I2 - Plant 1","Field","2022","2022",1.689,0.0145,176,0.099882134840693,0.4,0,0,NA,33,116.48275862069
"I2",2022-06-15,"I2 - Plant 2","Field","2022","2022",1.296,0.0099,164,0.353975696941147,0.1,0,0,NA,40,130.909090909091
"I2",2022-06-15,"I2 - Plant 3","Field","2022","2022",1.073,0.0068,168,0.337458888848335,0.5,0,0,NA,29,157.794117647059
"I2",2022-06-15,"I2 - Plant 4","Field","2022","2022",2.055,0.0109,116,0.338210333851359,0.05,0,0,NA,32,188.532110091743
"I2",2022-06-15,"I2 - Plant 5","Field","2022","2022",1.456,0.0094,196,0.306065551456669,0.1,0,1,NA,48,154.893617021277
"I2",2022-06-15,"I2 - Plant 6","Field","2022","2022",1.358,0.0073,232,0.430641167864384,0,0,0,NA,30,186.027397260274
"I2",2022-06-15,"I2 - Plant 7","Field","2022","2022",1.54,0.0094,240,0.490221552884072,0.02,0,0,NA,31,163.829787234043
"I2",2022-06-15,"I2 - Plant 8","Field","2022","2022",3.256,0.0258,292,0.286822544375507,0,0,0,NA,42,126.201550387597
"I2",2022-06-15,"I2 - Plant 9","Field","2022","2022",2.323,0.0112,164,0.877468310932014,0,0,0,NA,35,207.410714285714
"I2",2022-06-15,"I2 - Plant 10","Field","2022","2022",1.951,0.0137,168,0.0554353502338324,0,0,0,NA,46,142.408759124088
"I2",2022-06-15,"I2 - Plant 11","Field","2022","2022",1.357,0.0077,184,0.530795911523668,0.03,0,0,NA,28,176.233766233766
"I2",2022-06-15,"I2 - Plant 12","Field","2022","2022",1.316,0.0077,112,0.535314232172987,0.01,0,0,NA,25,170.909090909091
"I2",2022-06-15,"I2 - Plant 13","Field","2022","2022",2.622,0.0149,144,0.368208366309427,0,0,0,NA,25,175.973154362416
"I2",2022-06-15,"I2 - Plant 14","Field","2022","2022",2.613,0.015,100,0.425254066308875,0,0,0,NA,37,174.2
"I2",2022-06-15,"I2 - Plant 15","Field","2022","2022",2.361,0.0168,124,0.385515882007559,0,0,0,NA,35,140.535714285714
"I3",2022-06-15,"I3 - Plant 1","Field","2022","2022",2.483,0.0211,264,1.11911344156703,0.02,0,0,NA,52,117.677725118483
"I3",2022-06-15,"I3 - Plant 2","Field","2022","2022",2.086,0.0136,116,0.988897475766185,0.04,0,0,NA,47,153.382352941176
"I3",2022-06-15,"I3 - Plant 3","Field","2022","2022",1.895,0.0146,136,0.86342354279651,0.02,0,0,NA,39,129.794520547945
"I3",2022-06-15,"I3 - Plant 4","Field","2022","2022",1.678,0.0156,180,0.829812874756939,0.01,0,0,NA,43,107.564102564103
"I3",2022-06-15,"I3 - Plant 5","Field","2022","2022",1.606,0.0153,244,1.26635293466531,0.02,0,0,NA,46,104.967320261438
"I3",2022-06-15,"I3 - Plant 6","Field","2022","2022",3.639,0.0374,116,0.571345001097597,0.01,0,0,NA,51,97.2994652406417
"I3",2022-06-15,"I3 - Plant 7","Field","2022","2022",2.214,0.0217,148,0.70613274476791,0.05,0,0,NA,42,102.027649769585
"I3",2022-06-15,"I3 - Plant 8","Field","2022","2022",2.36,0.0237,192,0.551531967629358,0.02,0,0,NA,34,99.57805907173
"I3",2022-06-15,"I3 - Plant 9","Field","2022","2022",1.689,0.0181,200,0.533474890913045,0.02,0,0,NA,55,93.3149171270718
"I3",2022-06-15,"I3 - Plant 10","Field","2022","2022",2.449,0.018,272,0.549621675358111,0.01,0,0,NA,38,136.055555555556
"I3",2022-06-15,"I3 - Plant 11","Field","2022","2022",1.371,0.0091,204,0.789989738277959,0.07,0,0,NA,53,150.659340659341
"I3",2022-06-15,"I3 - Plant 12","Field","2022","2022",1.29,0.0129,140,0.652287281975739,0.05,0,0,NA,48,100
"I3",2022-06-15,"I3 - Plant 13","Field","2022","2022",2.44,0.0201,212,0.999421185417484,0.03,0,2,NA,37,121.393034825871
"I3",2022-06-15,"I3 - Plant 14","Field","2022","2022",2.834,0.0221,144,0.701896012961422,0.03,0,2,NA,38,128.235294117647
"I3",2022-06-15,"I3 - Plant 15","Field","2022","2022",1.208,0.0094,144,0.922157238957551,0.04,0,0,NA,43,128.510638297872
"I4",2022-06-15,"I4 - Plant 1","Field","2022","2022",3.668,0.0245,110,0.345791876941066,0,0,0,NA,42,149.714285714286
"I4",2022-06-15,"I4 - Plant 2","Field","2022","2022",1.765,0.0104,91,0.139713671470618,0,0,1,NA,34,169.711538461538
"I4",2022-06-15,"I4 - Plant 3","Field","2022","2022",1.896,0.0131,87,0.135121522576124,0,0,0,NA,42,144.732824427481
"I4",2022-06-15,"I4 - Plant 4","Field","2022","2022",1.66,0.0057,92,0.980634581371069,0,0,0,NA,20,291.228070175439
"I4",2022-06-15,"I4 - Plant 5","Field","2022","2022",2.171,0.0115,112,0.471123098321744,0,0,1,NA,36,188.782608695652
"I4",2022-06-15,"I4 - Plant 6","Field","2022","2022",2.14,0.0081,116,0.216179673112025,0.02,0,0,NA,35,264.197530864198
"I4",2022-06-15,"I4 - Plant 7","Field","2022","2022",2.941,0.0144,108,0.274214564063601,0,0,0,NA,25,204.236111111111
"I4",2022-06-15,"I4 - Plant 8","Field","2022","2022",2.295,0.0106,90,0.629551786033872,0,0,0,NA,29,216.509433962264
"I4",2022-06-15,"I4 - Plant 9","Field","2022","2022",1.004,0.045,146,0.410894471559649,0,0,0,NA,23,22.3111111111111
"I4",2022-06-15,"I4 - Plant 10","Field","2022","2022",2.317,0.0103,108,0.314216101425241,0,0,0,NA,56,224.95145631068
"N1",2022-06-17,"N1 - Plant 1","Field","2022","2022",1.215,0.0087,228,0.792889972188793,0,0,0,NA,30,139.655172413793
"N1",2022-06-17,"N1 - Plant 2","Field","2022","2022",1.917,0.0122,139,0.44519698563892,0.005,0,0,NA,22,157.131147540984
"N1",2022-06-17,"N1 - Plant 3","Field","2022","2022",1.941,0.0163,83,0.243781859469301,0,0,0,NA,33,119.079754601227
"N1",2022-06-17,"N1 - Plant 4","Field","2022","2022",1.179,0.0081,77,0.313647566558671,0,0,0,NA,32,145.555555555556
"N1",2022-06-17,"N1 - Plant 5","Field","2022","2022",1.377,0.0087,134,0.239452752649074,0.01,0,0,NA,39,158.275862068966
"N1",2022-06-17,"N1 - Plant 6","Field","2022","2022",1.469,0.0113,98,0.580941350523579,0,0,0,NA,30,130
"N1",2022-06-17,"N1 - Plant 7","Field","2022","2022",0.986,0.0065,81,0.488082066471799,0,0,0,NA,15,151.692307692308
"N1",2022-06-17,"N1 - Plant 8","Field","2022","2022",0.788,0.0063,128,0.387836942053025,0,0,0,NA,10,125.079365079365
"N1",2022-06-17,"N1 - Plant 9","Field","2022","2022",1.141,0.0075,78,0.65543101707263,0.4,0,0,NA,23,152.133333333333
"N1",2022-06-17,"N1 - Plant 10","Field","2022","2022",1.748,0.0182,243,0.679840312974353,0.02,0,0,NA,26,96.043956043956
"N1",2022-06-17,"N1 - Plant 11","Field","2022","2022",2.858,0.0251,345,0.883882986643795,0.03,0,0,NA,18,113.864541832669
"N2",2022-06-17,"N2 - Plant 1","Field","2022","2022",1.729,0.0065,81,0.529303623005812,0.1,0,0,NA,21,266
"N2",2022-06-17,"N2 - Plant 2","Field","2022","2022",2.056,0.0135,82,0.498789786867999,0.4,0,0,NA,34,152.296296296296
"N2",2022-06-17,"N2 - Plant 3","Field","2022","2022",1.308,0.0067,93,0.692178773182705,0.05,0,0,NA,36,195.223880597015
"N2",2022-06-17,"N2 - Plant 4","Field","2022","2022",4.815,0.0248,139,0.694178749026429,0.03,0,0,NA,35,194.153225806452
"N2",2022-06-17,"N2 - Plant 5","Field","2022","2022",3.432,0.0239,187,0.655583775234047,0.02,0,0,NA,28,143.598326359833
"N2",2022-06-17,"N2 - Plant 6","Field","2022","2022",1.614,0.0075,100,0.733815155765264,0.1,0,0,NA,30,215.2
"N2",2022-06-17,"N2 - Plant 7","Field","2022","2022",1.742,0.0094,188,1.34758332031523,0.05,0,0,NA,29,185.31914893617
"N2",2022-06-17,"N2 - Plant 8","Field","2022","2022",1.951,0.0101,107,0.598226721714565,0.1,0,0,NA,24,193.168316831683
"N2",2022-06-17,"N2 - Plant 9","Field","2022","2022",2.854,0.135,83,0.693398626033357,0.03,0,0,NA,18,21.1407407407407
"N2",2022-06-17,"N2 - Plant 10","Field","2022","2022",1.409,0.008,112,0.858591464126147,0.07,0,0,NA,24,176.125
"N2",2022-06-17,"N2 - Plant 11","Field","2022","2022",1.586,0.01,184,0.5981332915187,0.05,0,0,NA,24,158.6
"N3",2022-06-17,"N3 - Plant 1","Field","2022","2022",0.801,0.0059,92,0.624451501076872,0,0,0,NA,34,135.762711864407
"N3",2022-06-17,"N3 - Plant 2","Field","2022","2022",3.171,0.0238,132,0.413978397042194,0,0,0,NA,37,133.235294117647
"N3",2022-06-17,"N3 - Plant 3","Field","2022","2022",1.835,0.0078,95,0.534665610574235,0,0,0,NA,36,235.25641025641
"N3",2022-06-17,"N3 - Plant 4","Field","2022","2022",0.965,0.0054,133,0.575037486000272,0,0,0,NA,32,178.703703703704
"N3",2022-06-17,"N3 - Plant 5","Field","2022","2022",2.185,0.0141,115,0.596088546544349,0,0,0,NA,40,154.964539007092
"N3",2022-06-17,"N3 - Plant 6","Field","2022","2022",1.505,0.0106,141,0.618923294001148,0.02,0,0,NA,36,141.981132075472
"N3",2022-06-17,"N3 - Plant 7","Field","2022","2022",0.94,0.0059,108,0.941749198404018,0,0,0,NA,20,159.322033898305
"N4",2022-06-17,"N4 - Plant 1","Field","2022","2022",2.475,0.014,98,0.158623919972274,0.01,0,0,NA,16,176.785714285714
"N4",2022-06-17,"N4 - Plant 2","Field","2022","2022",2.264,0.0172,74,0.418345153854098,0.01,0,0,NA,24,131.627906976744
"N4",2022-06-17,"N4 - Plant 3","Field","2022","2022",2.94,0.0183,99,0.202136729812794,0,0,0,NA,28,160.655737704918
"N4",2022-06-17,"N4 - Plant 4","Field","2022","2022",1.775,0.0185,109,0.255820967275113,0.01,0,0,NA,27,95.945945945946
"N4",2022-06-17,"N4 - Plant 5","Field","2022","2022",2.317,0.0178,135,0.9141637407018,0.3,0,0,NA,41,130.168539325843
"N4",2022-06-17,"N4 - Plant 6","Field","2022","2022",2.063,0.0151,162,0.628654781642041,0.01,0,0,NA,25,136.622516556291
"N4",2022-06-17,"N4 - Plant 7","Field","2022","2022",2.752,0.0231,170,0.590087598489392,0,0,0,NA,29,119.134199134199
"N5",2022-08-10,"Culvan-1","Field","2022","2022",0.887,0.0067,164,0.905289996219649,0.02,1,0,NA,30,132.388059701493
"N5",2022-06-17,"N5 - Plant 1","Field","2022","2022",1.888,0.0147,132,0.182654066640479,0.01,0,0,NA,18,128.43537414966
"N5",2022-08-10,"Culvan-2","Field","2022","2022",1.04,0.0069,144,0.761171963239268,0.04,0,0,NA,43,150.724637681159
"N5",2022-08-10,"Culvan-3","Field","2022","2022",1.69,0.0127,124,0.60472975596236,0.05,0,0,NA,65,133.070866141732
"N5",2022-06-17,"N5 - Plant 3","Field","2022","2022",1.898,0.0136,167,0.36414321891531,0.01,0,0,NA,22,139.558823529412
"N5",2022-08-10,"Culvan-4","Field","2022","2022",1.472,0.0103,104,0.505013475232661,0.03,0,0,NA,40,142.912621359223
"N5",2022-06-17,"N5 - Plant 4","Field","2022","2022",2.461,0.0254,240,0.890219497062919,0.1,0,0,NA,20,96.8897637795276
"N5",2022-08-10,"Culvan-5","Field","2022","2022",1.193,0.0105,100,0.88892769524182,0,2,0,NA,31,113.619047619048
"N5",2022-06-17,"N5 - Plant 5","Field","2022","2022",1.964,0.0187,217,0.732751691612433,0.01,0,0,NA,21,105.026737967914
"N5",2022-08-10,"Culvan-6","Field","2022","2022",1.318,0.0103,152,0.446813926156489,0.06,0,1,NA,61,127.961165048544
"N5",2022-06-17,"N5 - Plant 6","Field","2022","2022",2.012,0.0151,281,0.396524124275146,0.01,0,0,NA,37,133.245033112583
"N5",2022-06-17,"N5 - Plant 7","Field","2022","2022",1.131,0.0106,289,1.11592387842639,0,0,0,NA,16,106.698113207547
"N5",2022-06-17,"N5 - Plant 8","Field","2022","2022",1.447,0.0137,137,1.20532665660874,0,0,0,NA,18,105.620437956204
"N5",2022-06-17,"N5 - Plant 9","Field","2022","2022",2.549,0.0178,201,0.506015445416456,0.02,0,0,NA,39,143.202247191011
"N5",2022-06-17,"N5 - Plant 10","Field","2022","2022",1.279,0.0078,178,0.153180844671191,0.03,0,0,NA,30,163.974358974359
"N5",2022-06-17,"N5 - Plant 11","Field","2022","2022",2.112,0.0081,107,0.526696237703321,0.03,0,0,NA,32,260.740740740741
"N6",2022-06-17,"N6 - Plant 1","Field","2022","2022",0.987,0.0066,323,0.373249221316595,0.02,0,0,NA,20,149.545454545455
"N6",2022-06-17,"N6 - Plant 2","Field","2022","2022",1.29,0.0072,190,0.339835978514784,0,0,0,NA,37,179.166666666667
"N6",2022-06-17,"N6 - Plant 3","Field","2022","2022",1.611,0.0113,276,0.514930411608869,0,0,0,NA,40,142.566371681416
"N6",2022-06-17,"N6 - Plant 4","Field","2022","2022",1.246,0.0092,415,0.451650425505762,0,0,0,NA,22,135.434782608696
"N6",2022-06-17,"N6 - Plant 5","Field","2022","2022",1.297,0.0055,174,0.142616649072026,0.01,0,0,NA,26,235.818181818182
"N6",2022-06-17,"N6 - Plant 6","Field","2022","2022",1.653,0.011,251,0.245207678808178,0,0,0,NA,24,150.272727272727
"N6",2022-06-17,"N6 - Plant 7","Field","2022","2022",1.518,0.0074,126,0.377306852529023,0.03,0,0,NA,41,205.135135135135
"N6",2022-06-17,"N6 - Plant 8","Field","2022","2022",1.807,0.009,171,0.465307170081127,0,0,0,NA,44,200.777777777778
"N8",2022-06-17,"N8 - Plant 1","Field","2022","2022",2.422,0.0161,98,0.288373926836354,0.01,0,0,NA,37,150.434782608696
"N8",2022-06-17,"N8 - Plant 2","Field","2022","2022",2.795,0.0204,96,0.234887359096606,0,0,0,NA,35,137.009803921569
"N8",2022-06-17,"N8 - Plant 3","Field","2022","2022",2.534,0.0225,306,0.21398869994748,0.05,0,0,NA,38,112.622222222222
"N8",2022-06-17,"N8 - Plant 4","Field","2022","2022",2.547,0.0182,118,0.227808529354075,0.02,0,0,NA,24,139.945054945055
"N8",2022-06-17,"N8 - Plant 5","Field","2022","2022",5.262,0.043,78,0.330368825328798,0.03,0,0,NA,26,122.372093023256
"N8",2022-06-17,"N8 - Plant 6","Field","2022","2022",3.686,0.0317,126,0.596840498722505,0.01,0,0,NA,34,116.277602523659
"N8",2022-06-17,"N8 - Plant 7","Field","2022","2022",2.794,0.0217,94,0.37989843282568,0,0,0,NA,27,128.755760368664
"N8",2022-06-17,"N8 - Plant 8","Field","2022","2022",1.637,0.0134,124,0.382478508784582,0,0,0,NA,25,122.164179104478
"N8",2022-06-17,"N8 - Plant 9","Field","2022","2022",1.67,0.0116,122,0.529686513566706,0,0,0,NA,24,143.965517241379
"N8",2022-06-17,"N8 - Plant 10","Field","2022","2022",1.677,0.0159,158,0.217438893240327,0,0,0,NA,24,105.471698113208
"N9",2022-08-12,"UWM-1","Field","2022","2022",1.795,0.0157,104,0.309407073260848,0.02,0,3,NA,31,114.331210191083
"N9",2022-08-12,"UWM-2","Field","2022","2022",1.185,0.0104,100,0.450247280524481,0.01,0,0,NA,47,113.942307692308
"N9",2022-08-12,"UWM-3","Field","2022","2022",1.309,0.012,116,0.691191390848019,0.02,0,3,NA,33,109.083333333333
"N9",2022-08-12,"UWM-4","Field","2022","2022",2.519,0.0181,76,0.556048428799775,0.04,0,0,NA,30,139.171270718232
"N9",2022-08-12,"UWM-5","Field","2022","2022",1.877,0.0145,84,0.684664522661236,0.02,0,0,NA,31,129.448275862069
"N9",2022-08-12,"UWM-6","Field","2022","2022",2.036,0.0147,72,0.814384368350882,0,0,0,NA,30,138.503401360544
"N10",2022-08-12,"Kettle-2","Field","2022","2022",1.2,0.0062,60,0.708832591401194,0,0,0,NA,20,193.548387096774
"N10",2022-08-12,"Kettle-3","Field","2022","2022",1.21,0.0064,44,0.693852940238927,0,0,0,NA,30,189.0625
"N10",2022-08-12,"Kettle-4","Field","2022","2022",1.07,0.0074,68,0.88317900646543,0,0,1,NA,28,144.594594594595
"N10",2022-08-12,"Kettle-5","Field","2022","2022",1.45,0.0111,96,0.447547433891198,0,0,0,NA,31,130.630630630631
"N10",2022-08-12,"Kettle-6","Field","2022","2022",1.145,0.0049,56,0.286001078302304,0,0,0,NA,26,233.673469387755
"N7",2022-06-17,"N7A - Plant 1","Field","2022","2022",2.24,0.0153,295,0.499939463627714,0,0,0,NA,53,146.40522875817
"N7",2022-06-17,"N7A - Plant 2","Field","2022","2022",2.061,0.0157,247,0.300196125388446,0,0,0,NA,20,131.273885350318
"N7",2022-06-17,"N7A - Plant 3","Field","2022","2022",2.497,0.0128,139,0.489193752167675,0,0,0,NA,32,195.078125
"N7",2022-06-17,"N7A - Plant 4","Field","2022","2022",1.475,0.0095,395,0.914479353620102,0,0,0,NA,29,155.263157894737
"N7",2022-06-17,"N7A - Plant 5","Field","2022","2022",2.296,0.0182,250,0.899756473536931,0,0,0,NA,25,126.153846153846
"N7",2022-06-17,"N7A - Plant 6","Field","2022","2022",3.502,0.0171,94,0.599209549908885,0.02,0,0,NA,57,204.795321637427
"N7",2022-06-17,"N7A - Plant 7","Field","2022","2022",1.92,0.0156,242,0.385562143056566,0,0,0,NA,38,123.076923076923
"N7",2022-06-17,"N7A - Plant 8","Field","2022","2022",2.64,0.0174,226,0.631330547228936,0,0,0,NA,25,151.724137931035
"N7",2022-06-17,"N7A - Plant 9","Field","2022","2022",2.461,0.022,455,0.078583659764711,0,0,0,NA,33,111.863636363636
"N7",2022-06-17,"N7A - Plant 10","Field","2022","2022",2.213,0.0179,398,0.3121089724677,0,0,0,NA,32,123.631284916201
"N7",2022-06-17,"N7A - Plant 11","Field","2022","2022",1.397,0.0089,160,0.210189863685847,0,4,4,NA,24,156.966292134831
"N7",2022-08-10,"Deer-Run-1","Field","2022","2022",3.104,0.0248,100,0.337856608855072,0.01,0,3,NA,46,125.161290322581
"N7",2022-08-10,"Deer-Run-2","Field","2022","2022",1.247,0.0089,116,0.398998158305442,0.06,0,0,NA,44,140.112359550562
"N7",2022-08-10,"Deer-Run-3","Field","2022","2022",1.602,0.0147,188,0.122353809482876,0.05,0,0,NA,55,108.979591836735
"N7",2022-08-10,"Deer-Run-5","Field","2022","2022",1.582,0.0136,116,0.148966071470165,0.02,4,2,NA,53,116.323529411765
"N7",2022-08-10,"Deer-Run-6","Field","2022","2022",1.187,0.012,144,0.461175083639413,0.03,0,0,NA,37,98.9166666666667
"DUDU",2022-06-06,"Plant1_Pop Dudu","Field","2022","2022",1.756,0.0111,45,0.532265336947444,0.01,0,3,NA,33,158.198198198198
"DUDU",2022-06-06,"Plant2_Pop Dudu","Field","2022","2022",2.768,0.0166,101,0.230981640827668,0,5,1,NA,41,166.746987951807
"DUDU",2022-06-06,"Plant3_Pop Dudu","Field","2022","2022",3.27,0.0221,104,0.470891629785498,0.01,5,13,NA,43,147.963800904977
"DUDU",2022-06-06,"Plant4_Pop Dudu","Field","2022","2022",2.203,0.0139,109,0.817630337807423,0,5,2,NA,26,158.489208633094
"DUDU",2022-06-06,"Plant5_Pop Dudu","Field","2022","2022",4.194,0.0406,86,0.235182867731069,0.01,0,5,NA,30,103.300492610837
"DUDU",2022-06-06,"Plant6_Pop Dudu","Field","2022","2022",2.726,0.0178,85,0.278372009644625,0.02,2,3,NA,27,153.14606741573
"ARB",2022-06-17,"Plant-4-Arb","Field","2022","2022",4.782,0.0444,95,0.536588104232628,0.1,0,2,NA,35,107.702702702703
"ARB",2022-06-17,"Plant-6-Arb","Field","2022","2022",4.664,0.0455,89,0.198393744107258,0.1,0,0,NA,27,102.505494505494
"ARB",2022-06-17,"Plant-7-Arb","Field","2022","2022",2.036,0.0161,88,0.868106659225523,0.1,0,3,NA,25,126.459627329193
"ARB",2022-06-17,"Plant-8-Arb","Field","2022","2022",1.841,0.0174,238,0.500184298430922,0.15,0,0,NA,25,105.804597701149
"ARB",2022-06-17,"Plant-12-Arb","Field","2022","2022",5.748,0.454,153,0.46860423908572,0.3,0,1,NA,45,12.6607929515419
"ARB",2022-06-17,"Plant-15-Arb","Field","2022","2022",6.24,0.0665,113,0.342552267021313,0.15,0,1,NA,34,93.8345864661654
"PS",2022-06-15,"PS1","Field","2022","2022",4.751,0.039,122,0.614487950715897,0.02,3,0,NA,31,121.820512820513
"PS",2022-06-15,"PS2","Field","2022","2022",3.599,0.0315,117,0.803746476306942,0.02,3,0,NA,32,114.253968253968
"PS",2022-06-15,"PS3","Field","2022","2022",2.968,0.0284,98,0.26128916121441,0.01,3,0,NA,35,104.507042253521
"PS",2022-06-15,"PS4","Field","2022","2022",2.751,0.0286,60,0.361768096452641,0.03,4,0,NA,18,96.1888111888112
"PS",2022-06-15,"PS5","Field","2022","2022",2.597,0.0227,120,0.590284505136267,0.03,2,0,NA,23,114.405286343612
"CAH",2022-06-21,"Plant-5-CAH","Field","2022","2022",2.885,0.029,92,0.213458512091852,0.05,0,2,NA,54,99.4827586206896
"CAH",2022-06-21,"Plant-8-CAH","Field","2022","2022",2.144,0.0192,80,0.193041159069338,0.02,1,0,NA,45,111.666666666667
"CAH",2022-06-21,"Plant-9-CAH","Field","2022","2022",1.775,0.0211,160,0.277403612793955,0.06,0,0,NA,38,84.1232227488152
"CAH",2022-06-21,"Plant-11-CAH","Field","2022","2022",2.628,0.0344,237,0.301912946883838,0.02,2,0,NA,40,76.3953488372093
"CAH",2022-06-21,"Plant-12-CAH","Field","2022","2022",2.706,0.0339,222,0.206386664516935,0.08,0,0,NA,30,79.8230088495575
"CAH",2022-06-21,"Plant-14-CAH","Field","2022","2022",2.71,0.0241,114,0.175993213183645,0.07,0,0,NA,44,112.448132780083
"ECO",2022-06-22,"Eco1","Field","2022","2022",0.868,0.0076,44,0.203744886025967,0,3,0,NA,32,114.210526315789
"ECO",2022-06-22,"Eco2","Field","2022","2022",0.925,0.0072,64,0.392868101122314,0.05,0,0,NA,28,128.472222222222
"ECO",2022-06-22,"Eco3","Field","2022","2022",0.939,0.005,36,0.257679518793463,0.02,2,0,NA,37,187.8
"ECO",2022-06-22,"Eco4","Field","2022","2022",1.086,0.0093,24,0.289495929315577,0.04,2,0,NA,34,116.774193548387
"ECO",2022-06-22,"Eco5","Field","2022","2022",0.487,0.0045,204,0.265639712292611,0.06,0,1,NA,31,108.222222222222
"ECO",2022-06-22,"Eco6","Field","2022","2022",0.7,0.0072,56,0.344764923901241,0.01,0,0,NA,28,97.2222222222222
"FLAT",2022-06-23,"Flat1","Field","2022","2022",5.059,0.0437,115,0.383890877920403,0.1,2,1,NA,41,115.766590389016
"FLAT",2022-06-23,"Flat2","Field","2022","2022",2.92,0.0356,148,0.764951559607776,0.05,0,1,NA,33,82.0224719101124
"FLAT",2022-06-23,"Flat3","Field","2022","2022",2.541,0.0161,95,0.265848619619659,0.02,4,0,NA,37,157.826086956522
"FLAT",2022-06-23,"Flat4","Field","2022","2022",4.036,0.0378,72,0.448755066589461,0.08,1,2,NA,31,106.772486772487
"FLAT",2022-06-23,"Flat5","Field","2022","2022",4.088,0.0358,113,0.374293628904943,0.02,1,2,NA,39,114.189944134078
"FLAT",2022-06-23,"Flat6","Field","2022","2022",3.006,0.0283,101,0.0422224616112745,0.15,0,1,NA,31,106.219081272085
"ICH",2022-06-22,"Ich1","Field","2022","2022",3.065,0.0223,178,0.810024089899089,0.03,0,1,NA,31,137.443946188341
"ICH",2022-06-22,"Ich2","Field","2022","2022",1.771,0.0121,70,0.811029467738896,0.06,1,0,NA,26,146.363636363636
"ICH",2022-06-22,"Ich3","Field","2022","2022",4.133,0.0228,138,1.05252342335355,0,0,0,NA,37,181.271929824561
"ICH",2022-06-22,"Ich4","Field","2022","2022",2.471,0.0197,178,0.285803095578078,0.1,0,0,NA,46,125.431472081218
"ICH",2022-06-22,"Ich5","Field","2022","2022",2.604,0.0195,210,0.2695596762509,0.06,0,0,NA,26,133.538461538462
"ICH",2022-06-22,"Ich6","Field","2022","2022",5.226,0.0321,152,0.391680061029131,0.25,0,0,NA,47,162.803738317757
"BR",2022-06-21,"BlackRiver1","Field","2022","2022",1.341,0.0126,174,0.546134135961004,0.03,0,4,NA,42,106.428571428571
"QUI",2023-06-07,"QUI-1","Field","2023","2023",2.001,0.0106,125,0.218834866041068,0.07,0,1,11,30,188.77358490566
"QUI",2023-06-07,"QUI-2","Field","2023","2023",1.684,0.0094,148,0.263013291442696,0.1,1,0,8,28,179.148936170213
"QUI",2023-06-07,"QUI-3","Field","2023","2023",1.516,0.0073,123,0.313569179828811,0.15,1,1,12,27,207.671232876712
"QUI",2023-06-07,"QUI-4","Field","2023","2023",1.679,0.0083,116,0.320004619749521,0.08,0,1,6,29,202.289156626506
"QUI",2023-06-07,"QUI-5","Field","2023","2023",1.429,0.0064,97,0.293914998449347,0.05,0,2,6,27,223.28125
"QUI",2023-06-07,"QUI-6","Field","2023","2023",1.046,0.0057,146,0.369198050134405,0.1,0,2,6,26,183.508771929825
"QUI",2023-06-07,"QUI-7","Field","2023","2023",0.885,0.0037,85,0.351544073054621,0.05,0,2,7,28,239.189189189189
"QUI",2023-06-07,"QUI-8","Field","2023","2023",2.794,0.0144,111,0.353399335013744,0.03,1,2,8,41,194.027777777778
"QUI",2023-06-07,"QUI-9","Field","2023","2023",1.286,0.0064,141,0.305423420289535,0.06,0,3,7,24,200.9375
"QUI",2023-06-07,"QUI-10","Field","2023","2023",2.477,0.0136,116,0.25176576581551,0.03,3,0,9,22,182.132352941176
"QUI",2023-06-07,"QUI-11","Field","2023","2023",1.492,0.0069,151,0.294465779343462,0.07,0,2,11,23,216.231884057971
"QUI",2023-06-07,"QUI-12","Field","2023","2023",1.831,0.0091,125,0.256519874585764,0.25,0,1,9,23,201.208791208791
"QUI",2023-06-07,"QUI-13","Field","2023","2023",1.697,0.0074,133,0.300988184668505,0.1,2,0,11,23,229.324324324324
"QUI",2023-06-07,"QUI-14","Field","2023","2023",2.201,0.0131,135,0.276985733072345,0.06,0,1,9,22,168.015267175573
"QUI",2023-06-07,"QUI-15","Field","2023","2023",2.17,0.0102,114,0.302002781052401,0.2,0,1,20,25,212.745098039216
"QUI",2023-06-07,"QUI-16","Field","2023","2023",1.364,0.0103,82,0.268231215702731,0.1,0,2,12,27,132.427184466019
"QUI",2023-06-07,"QUI-17","Field","2023","2023",2.178,0.0106,90,0.292088724958335,0.15,0,2,10,24,205.471698113208
"QUI",2023-06-07,"QUI-18","Field","2023","2023",1.494,0.0072,88,0.278551110350355,0.08,0,2,10,28,207.5
"QUI",2023-06-07,"QUI-19","Field","2023","2023",1.209,0.0055,93,0.233618984777833,0.2,1,0,7,23,219.818181818182
"QUI",2023-06-07,"QUI-20","Field","2023","2023",1.53,0.0075,92,0.270028500725632,0.05,1,0,6,24,204
"QUI",2023-06-07,"QUI-21","Field","2023","2023",1.878,0.0108,288,0.29287141359734,0.15,0,0,7,21,173.888888888889
"QUI",2023-06-07,"QUI-22","Field","2023","2023",0.961,0.0052,111,0.305829258843093,0.4,0,0,12,28,184.807692307692
"QUI",2023-06-07,"QUI-24","Field","2023","2023",1.725,0.0084,98,0.286349008272296,0.35,0,1,12,29,205.357142857143
"QUI",2023-06-07,"QUI-26","Field","2023","2023",2.108,0.0115,143,0.300785265391726,0.1,0,0,6,19,183.304347826087
"COO",2023-06-08,"COO-1","Field","2023","2023",0.879,0.0044,334,0.18888977848209,0.103,0,1,5,20,199.772727272727
"COO",2023-06-08,"COO-2","Field","2023","2023",1.513,0.007,195,0.221385851234863,0.3,0,1,10,31,216.142857142857
"COO",2023-06-08,"COO-3","Field","2023","2023",1.326,0.007,328,0.0747042025916609,0.36,0,1,12,30,189.428571428571
"COO",2023-06-08,"COO-4","Field","2023","2023",0.855,0.0037,214,0.0994023774224925,0.08,1,3,7,33,231.081081081081
"COO",2023-06-08,"COO-5","Field","2023","2023",0.657,0.0033,333,0.100098100657164,0.11,1,0,6,22,199.090909090909
"COO",2023-06-08,"COO-6","Field","2023","2023",1.684,0.0086,249,0.0859517282188471,0.25,1,0,6,44,195.813953488372
"COO",2023-06-08,"COO-7","Field","2023","2023",1.055,0.0046,223,0.069486278331626,0.185,1,0,6,31,229.347826086957
"COO",2023-06-08,"COO-8","Field","2023","2023",0.961,0.0041,128,0.198513949895043,0.16,0,2,7,35,234.390243902439
"COO",2023-06-08,"COO-9","Field","2023","2023",1.413,0.0076,172,0.218631946764289,0.14,0,1,8,35,185.921052631579
"COO",2023-06-08,"COO-10","Field","2023","2023",1.915,0.0094,132,0.258114240331886,0.28,1,2,7,31,203.723404255319
"COO",2023-06-08,"COO-11","Field","2023","2023",1.269,0.0063,176,0.268231215702731,0.112,0,2,6,28,201.428571428571
"COO",2023-06-08,"COO-12","Field","2023","2023",1.159,0.0042,108,0.241126998018661,0.17,0,1,5,61,275.952380952381
"COO",2023-06-08,"COO-13","Field","2023","2023",1.531,0.0078,164,0.277159663881013,0.21,1,0,9,31,196.282051282051
"COO",2023-06-08,"COO-14","Field","2023","2023",1.634,0.0084,232,0.221124955021861,0.23,0,1,8,39,194.52380952381
"COO",2023-06-08,"COO-15","Field","2023","2023",1.58,0.0083,160,0.232024619031711,0.071,0,0,8,49,190.361445783133
"COO",2023-06-08,"COO-16","Field","2023","2023",1.543,0.0066,172,0.220777093404525,0.14,2,1,6,32,233.787878787879
"COO",2023-06-08,"COO-17","Field","2023","2023",1.433,0.0077,176,0.161872526202354,0.15,0,1,7,35,186.103896103896
"COO",2023-06-08,"COO-18","Field","2023","2023",1.006,0.0039,84,0.201006958152615,0.13,0,1,5,24,257.948717948718
"COO",2023-06-08,"COO-19","Field","2023","2023",1.218,0.005,116,0.209848440926563,0.12,0,0,9,32,243.6
"COO",2023-06-08,"COO-20","Field","2023","2023",1.165,0.006,124,0.117636123864503,0.26,0,0,7,30,194.166666666667
"COO",2023-06-08,"COO-21","Field","2023","2023",1.37,0.0079,152,0.218458015955621,0.13,1,0,10,50,173.417721518987
"COO",2023-06-08,"COO-22","Field","2023","2023",0.792,0.0039,144,0.24509841814991,0.19,0,0,13,44,203.076923076923
"COO",2023-06-08,"COO-23","Field","2023","2023",1.399,0.0071,160,0.200485165726612,0.27,0,0,5,27,197.042253521127
"COO",2023-06-08,"COO-24","Field","2023","2023",0.987,0.0062,156,0.116331642799494,0.46,1,0,8,40,159.193548387097
"COO",2023-06-08,"COO-25","Field","2023","2023",1.62,0.011,216,0.141957448609888,0.12,0,1,6,46,147.272727272727
"COO",2023-06-08,"COO-26","Field","2023","2023",1.77,0.0087,132,0.16222038781969,0.13,0,3,14,21,203.448275862069
"COO",2023-06-08,"COO-27","Field","2023","2023",1.481,0.0075,192,0.17445352136266,0.11,1,0,9,25,197.466666666667
"COO",2023-06-08,"COO-28","Field","2023","2023",0.895,0.0046,116,0.187266424267857,0.27,2,1,8,49,194.565217391304
"COO",2023-06-08,"COO-29","Field","2023","2023",1.658,0.0092,112,0.170279181954632,0.2,2,1,8,38,180.217391304348
"COO",2023-06-08,"COO-30","Field","2023","2023",3.031,0.0166,148,0.213414022504254,0.23,1,0,9,59,182.590361445783
"DUDU",2023-06-12,"DUDU-1","Field","2023","2023",1.722,0.0111,108,0.0386715367293092,0,1,0,7,38,155.135135135135
"DUDU",2023-06-12,"DUDU-2","Field","2023","2023",1.871,0.0119,100,0.0509916356766136,0.001,6,0,36,34,157.226890756303
"DUDU",2023-06-12,"DUDU-3","Field","2023","2023",1.03,0.0054,128,0.0795162882981374,0,1,0,6,30,190.740740740741
"DUDU",2023-06-12,"DUDU-4","Field","2023","2023",1.263,0.0088,108,0.0273660341659004,0,6,0,42,34,143.522727272727
"DUDU",2023-06-12,"DUDU-5","Field","2023","2023",2.218,0.0109,72,0.056064617596092,0,1,0,9,41,203.48623853211
"DUDU",2023-06-12,"DUDU-6","Field","2023","2023",1.954,0.0141,116,0.0576589833422137,0.01,1,0,15,21,138.581560283688
"DUDU",2023-06-12,"DUDU-7","Field","2023","2023",1.247,0.0064,124,0.0698921168851843,0.01,1,0,11,30,194.84375
"DUDU",2023-06-12,"DUDU-8","Field","2023","2023",1.871,0.0119,68,0.0549630558078624,0,2,0,13,28,157.226890756303
"DUDU",2023-06-12,"DUDU-9","Field","2023","2023",1.803,0.0094,112,0.0539194709558554,0,0,1,16,43,191.808510638298
"DUDU",2023-06-12,"DUDU-10","Field","2023","2023",0.829,0.004,64,0.0598621069186729,0.02,3,0,17,30,207.25
"DUDU",2023-06-12,"DUDU-11","Field","2023","2023",1.724,0.01,104,0.0376569403454135,0.005,2,0,28,39,172.4
"DUDU",2023-06-12,"DUDU-12","Field","2023","2023",1.857,0.0113,92,0.048266719674151,0.04,2,0,7,30,164.336283185841
"DUDU",2023-06-12,"DUDU-13","Field","2023","2023",1.514,0.008,136,0.0326129468940465,0.001,8,0,32,38,189.25
"DUDU",2023-06-12,"DUDU-14","Field","2023","2023",2.223,0.0098,92,0.0600360377273407,0.002,3,1,30,47,226.836734693878
"DUDU",2023-06-12,"DUDU-15","Field","2023","2023",1.355,0.0061,132,0.0530498169125163,0,2,0,5,27,222.131147540984
"DUDU",2023-06-12,"DUDU-16","Field","2023","2023",2.323,0.0186,116,0.0477739157162588,0,8,1,18,42,124.89247311828
"DUDU",2023-06-12,"DUDU-17","Field","2023","2023",1.812,0.0142,92,0.0306997079987004,0,1,0,23,43,127.605633802817
"DUDU",2023-06-12,"DUDU-18","Field","2023","2023",1.213,0.0052,136,0.0436285647763423,0,5,0,34,23,233.269230769231
"DUDU",2023-06-12,"DUDU-19","Field","2023","2023",1.905,0.0115,80,0.0698921168851843,0.01,4,3,22,37,165.652173913043
"DUDU",2023-06-12,"DUDU-20","Field","2023","2023",2.501,0.0089,72,0.0661815929669373,0.04,2,0,11,26,281.011235955056
"DUDU",2023-06-12,"DUDU-21","Field","2023","2023",1.59,0.0079,124,0.046179549970137,0.01,3,1,21,41,201.26582278481
"DUDU",2023-06-12,"DUDU-22","Field","2023","2023",1.313,0.0066,88,0.162133422415356,0,4,0,13,30,198.939393939394
"DUDU",2023-06-12,"DUDU-23","Field","2023","2023",0.815,0.004,100,0.171351755274751,0,3,1,12,26,203.75
"DUDU",2023-06-12,"DUDU-24","Field","2023","2023",1.899,0.008,112,0.0384106405163074,0,2,0,10,40,237.375
"SUW",2023-06-14,"SUW-1","Field","2023","2023",1.483,0.0059,112,0.225270305961777,0.015,2,0,13,39,251.35593220339
"SUW",2023-06-14,"SUW-2","Field","2023","2023",1.564,0.0061,128,0.205906009263426,0.03,3,0,19,54,256.393442622951
"SUW",2023-06-14,"SUW-3","Field","2023","2023",0.549,0.0017,120,0.199267650065937,0.01,2,0,13,31,322.941176470588
"SUW",2023-06-14,"SUW-4","Field","2023","2023",1.317,0.0044,124,0.252258569773402,0,2,0,8,33,299.318181818182
"SUW",2023-06-14,"SUW-5","Field","2023","2023",0.729,0.0028,132,0.0861546474956262,0.4,1,0,15,37,260.357142857143
"SUW",2023-06-14,"SUW-6","Field","2023","2023",1.331,0.0061,122,0.107490160025546,0.01,1,0,29,40,218.196721311475
"SUW",2023-06-14,"SUW-7","Field","2023","2023",1.106,0.0043,116,0.0865025091129619,0,2,0,23,52,257.209302325581
"SUW",2023-06-14,"SUW-8","Field","2023","2023",1.136,0.0056,132,0.0865894745172958,0.02,2,0,11,44,202.857142857143
"SUW",2023-06-14,"SUW-9","Field","2023","2023",0.649,0.0029,82,0.100445962274499,0.02,1,0,19,36,223.793103448276
"SUW",2023-06-14,"SUW-10","Field","2023","2023",1.357,0.0044,144,0.246982668577145,0.02,2,0,14,59,308.409090909091
"SUW",2023-06-14,"SUW-11","Field","2023","2023",0.852,0.0031,118,0.254722589562863,0.03,2,0,14,47,274.838709677419
"SUW",2023-06-14,"SUW-12","Field","2023","2023",0.759,0.0026,96,0.222284493746313,0.15,1,0,15,56,291.923076923077
"SUW",2023-06-14,"SUW-13","Field","2023","2023",0.603,0.0035,156,0.247968276492929,0,1,0,8,27,172.285714285714
"SUW",2023-06-14,"SUW-14","Field","2023","2023",0.841,0.0035,148,0.0675150625000573,0.02,2,0,16,45,240.285714285714
"SUW",2023-06-14,"SUW-15","Field","2023","2023",0.791,0.0039,140,0.0601230031316746,0.55,1,0,11,48,202.820512820513
"SUW",2023-06-14,"SUW-16","Field","2023","2023",1.533,0.0059,76,0.0807338039588123,0.02,3,0,18,45,259.830508474576
"SUW",2023-06-14,"SUW-17","Field","2023","2023",1.229,0.005,120,0.0737185946758765,0,2,0,10,46,245.8
"SUW",2023-06-14,"SUW-18","Field","2023","2023",1.17,0.0042,48,0.0899231483500958,0,6,0,26,38,278.571428571429
"SUW",2023-06-14,"SUW-19","Field","2023","2023",1.528,0.007,108,0.245446279767245,0,5,0,13,47,218.285714285714
"SUW",2023-06-14,"SUW-20","Field","2023","2023",0.847,0.0021,112,0.474107316229217,0,1,0,16,50,403.333333333333
"SHE",2023-06-29,"SHE-1","Field","2023","2023",2.12,0.0128,128,0.217124546422501,0.25,0,1,9,25,165.625
"SHE",2023-06-29,"SHE-2","Field","2023","2023",0.703,0.0045,116,0.253736981647079,0.25,0,1,6,13,156.222222222222
"SHE",2023-06-29,"SHE-3","Field","2023","2023",0.683,0.0036,148,0.304292870033194,0.15,0,2,7,15,189.722222222222
"SHE",2023-06-29,"SHE-4","Field","2023","2023",1.425,0.0073,152,0.285392388824623,0.04,0,1,8,17,195.205479452055
"SHE",2023-06-29,"SHE-5","Field","2023","2023",1.207,0.0065,104,0.288349212571976,0.19,0,1,6,17,185.692307692308
"SHE",2023-06-29,"SHE-6","Field","2023","2023",1.184,0.0071,172,0.233445053969165,0.21,0,1,9,26,166.760563380282
"SHE",2023-06-29,"SHE-7","Field","2023","2023",1.015,0.0062,176,0.280725245458703,0.1,0,1,8,18,163.709677419355
"SHE",2023-06-29,"SHE-8","Field","2023","2023",0.957,0.0056,184,0.255447301265646,0.28,1,0,8,29,170.892857142857
"SHE",2023-06-29,"SHE-9","Field","2023","2023",1.655,0.007,204,0.34531155241069,0.1,0,1,3,20,236.428571428571
"SHE",2023-06-29,"SHE-10","Field","2023","2023",1.459,0.0084,180,0.253910912455746,0.11,1,0,6,36,173.690476190476
"SHE",2023-06-29,"SHE-11","Field","2023","2023",1.135,0.0064,156,0.266231011403051,0.09,0,1,12,18,177.34375
"SHE",2023-06-29,"SHE-12","Field","2023","2023",0.705,0.0042,212,0.215878042293715,0.21,0,1,8,19,167.857142857143
"SHE",2023-06-29,"SHE-13","Field","2023","2023",1.198,0.0068,244,0.248895907472491,0.08,0,1,6,32,176.176470588235
"SHE",2023-06-29,"SHE-14","Field","2023","2023",0.788,0.0043,104,0.185034312223287,0.1,1,0,4,17,183.255813953488
"SHE",2023-06-29,"SHE-15","Field","2023","2023",0.719,0.0041,188,0.23243045758527,0.1,1,0,5,33,175.365853658537
"SHE",2023-06-29,"SHE-16","Field","2023","2023",0.619,0.0023,132,0.288378201040088,0.12,0,1,5,24,269.130434782609
"SHE",2023-06-29,"SHE-17","Field","2023","2023",1.196,0.0077,212,0.26553528816838,0.03,0,1,4,38,155.324675324675
"SHE",2023-06-29,"SHE-18","Field","2023","2023",1.593,0.0054,108,0.251243973389506,0.16,0,1,6,17,295
"SHE",2023-06-29,"SHE-19","Field","2023","2023",0.868,0.0033,100,0.213645930249144,0.23,0,2,5,41,263.030303030303
"SHE",2023-06-29,"SHE-20","Field","2023","2023",1.682,0.0067,100,0.229357679965471,0.05,0,1,3,32,251.044776119403
"SHE",2023-06-29,"SHE-21","Field","2023","2023",0.865,0.0049,116,0.23466256962984,0.12,0,1,5,38,176.530612244898
"SHE",2023-06-29,"SHE-22","Field","2023","2023",0.973,0.005,140,0.266810780765277,0.13,1,0,5,47,194.6
"SHE",2023-06-29,"SHE-23","Field","2023","2023",0.872,0.0058,148,0.250896111772171,0.24,0,1,6,53,150.344827586207
"SHE",2023-06-29,"SHE-24","Field","2023","2023",1.049,0.0052,132,0.277594490902682,0.3,0,1,6,46,201.730769230769
"SHE",2023-06-29,"SHE-25","Field","2023","2023",0.568,0.002,128,0.314786695489486,0.12,0,1,4,23,284
"SHE",2023-06-29,"SHE-26","Field","2023","2023",0.969,0.0045,184,0.220255300978522,0.15,0,1,5,19,215.333333333333
"SHE",2023-06-29,"SHE-27","Field","2023","2023",1.029,0.0066,196,0.218805877572956,0.16,0,1,4,26,155.909090909091
"SHE",2023-06-29,"SHE-28","Field","2023","2023",0.978,0.0046,164,0.252896316071851,0.07,1,0,8,30,212.608695652174
"SHE",2023-06-29,"SHE-29","Field","2023","2023",0.917,0.0054,172,0.258317159608665,0.17,0,1,7,24,169.814814814815
"SHE",2023-06-29,"SHE-30","Field","2023","2023",1.75,0.007,112,0.263216210719475,0.17,0,1,4,50,250
"KAN",2023-06-27,"KAN-1","Field","2023","2023",0.846,0.0073,228,0.295451387259246,0.081,1,1,5,25,115.890410958904
"KAN",2023-06-27,"KAN-2","Field","2023","2023",1.282,0.0105,196,0.213645930249144,0.001,1,0,5,17,122.095238095238
"KAN",2023-06-27,"KAN-3","Field","2023","2023",1.848,0.0127,124,0.249736573047719,0.06,2,0,4,21,145.511811023622
"KAN",2023-06-27,"KAN-4","Field","2023","2023",0.513,0.0036,188,0.282000738055601,0.01,2,0,5,16,142.5
"KAN",2023-06-27,"KAN-5","Field","2023","2023",0.846,0.0053,192,0.209587544713562,0,0,1,6,25,159.622641509434
"KAN",2023-06-27,"KAN-6","Field","2023","2023",0.99,0.0079,204,0.195760045424469,0.001,1,0,6,22,125.316455696203
"KAN",2023-06-27,"KAN-7","Field","2023","2023",1.792,0.0129,152,0.274898563368331,0.015,1,0,6,26,138.914728682171
"KAN",2023-06-27,"KAN-8","Field","2023","2023",0.928,0.0077,248,0.238981851378424,0,1,0,6,15,120.519480519481
"KAN",2023-06-27,"KAN-9","Field","2023","2023",1.341,0.0105,308,0.198513949895043,0.03,3,0,6,27,127.714285714286
"KAN",2023-06-27,"KAN-10","Field","2023","2023",1.718,0.0131,180,0.265651242040825,0.25,1,0,4,17,131.145038167939
"KAN",2023-06-27,"KAN-11","Field","2023","2023",0.813,0.0056,208,0.22399481336488,0.2,2,0,4,19,145.178571428571
"KAN",2023-06-27,"KAN-12","Field","2023","2023",1.486,0.0107,148,0.246228968406251,0,1,0,7,34,138.878504672897
"KAN",2023-06-27,"KAN-13","Field","2023","2023",1.12,0.0094,184,0.242141594402557,0.01,0,3,8,21,119.148936170213
"KAN",2023-06-27,"KAN-14","Field","2023","2023",1.543,0.0104,140,0.23332910009672,0,1,0,6,25,148.365384615385
"KAN",2023-06-27,"KAN-15","Field","2023","2023",0.867,0.0047,172,0.126999399064455,0.01,2,0,5,15,184.468085106383
"KAN",2023-06-27,"KAN-17","Field","2023","2023",1.024,0.0057,140,0.146305718826583,0.13,1,0,7,15,179.649122807018
"KAN",2023-06-27,"KAN-18","Field","2023","2023",0.547,0.0024,144,0.0819458308732572,0.04,0,1,6,20,227.916666666667
"KAN",2023-06-27,"KAN-19","Field","2023","2023",1.05,0.0067,156,0.186106885543405,0,2,0,4,20,156.716417910448
"KAN",2023-06-27,"KAN-20","Field","2023","2023",0.941,0.0087,248,0.352210807821181,0.01,1,0,8,16,108.16091954023
"KAN",2023-06-27,"KAN-21","Field","2023","2023",0.835,0.0074,196,0.195789033892581,0.12,0,2,8,21,112.837837837838
"KAN",2023-06-27,"KAN-22","Field","2023","2023",0.887,0.0077,208,0.263361153060032,0.185,0,1,8,16,115.194805194805
"KAN",2023-06-27,"KAN-23","Field","2023","2023",1.049,0.0077,164,0.23843107048431,0.105,0,1,6,26,136.233766233766
"KAN",2023-06-27,"KAN-24","Field","2023","2023",1.082,0.0089,184,0.223241113193986,0.05,4,0,7,30,121.573033707865
"KAN",2023-06-27,"KAN-25","Field","2023","2023",1.323,0.0101,176,0.260491294717013,0.02,1,0,6,22,130.990099009901
"KAN",2023-06-27,"KAN-26","Field","2023","2023",1.25,0.0097,188,0.222110562937645,0.01,1,0,6,26,128.865979381443
"KAN",2023-06-27,"KAN-27","Field","2023","2023",1.066,0.0083,144,0.261158029483573,0,1,1,7,19,128.433734939759
"KAN",2023-06-27,"KAN-28","Field","2023","2023",0.621,0.0041,196,0.253968889391969,0.015,1,0,7,17,151.463414634146
"KAN",2023-06-27,"KAN-29","Field","2023","2023",0.776,0.005,158,0.255157416584532,0.05,0,1,7,16,155.2
"KAN",2023-06-27,"KAN-30","Field","2023","2023",0.979,0.0081,164,0.193817818061012,0.03,1,0,8,14,120.864197530864
"TAL",2023-07-06,"TAL-1","Field","2023","2023",2.429,0.0122,84,0.150277138957832,0.3,1,0,6,41,199.098360655738
"TAL",2023-07-06,"TAL-2","Field","2023","2023",1.136,0.0087,176,0.159437494881004,0.13,0,1,9,37,130.574712643678
"TAL",2023-07-06,"TAL-3","Field","2023","2023",1.238,0.0068,144,0.133144954304051,0.08,0,1,20,19,182.058823529412
"TAL",2023-07-06,"TAL-4","Field","2023","2023",1.159,0.0059,92,0.159031656327446,0.13,0,1,9,38,196.440677966102
"TAL",2023-07-06,"TAL-5","Field","2023","2023",1.545,0.0092,104,0.222574378427426,0.1,0,1,9,40,167.934782608696
"TAL",2023-07-06,"TAL-6","Field","2023","2023",0.733,0.0042,192,0.15311800883274,0.19,0,2,8,21,174.52380952381
"TAL",2023-07-06,"TAL-7","Field","2023","2023",1.416,0.0064,116,0.165235188503265,0.12,0,1,6,33,221.25
"TAL",2023-07-06,"TAL-8","Field","2023","2023",0.881,0.0045,156,0.186106885543405,0.09,0,1,10,35,195.777777777778
"TAL",2023-07-06,"TAL-9","Field","2023","2023",1.035,0.006,152,0.16822100071873,0.13,0,0,6,31,172.5
"TAL",2023-07-06,"TAL-10","Field","2023","2023",0.735,0.0036,132,0.204920401347641,0.1,0,1,16,39,204.166666666667
"TAL",2023-07-06,"TAL-11","Field","2023","2023",0.912,0.006,124,0.0980399194212611,0.16,1,2,6,34,152
"TAL",2023-07-06,"TAL-12","Field","2023","2023",0.838,0.005,172,0.163669811225255,0.09,0,1,18,40,167.6
"TAL",2023-07-06,"TAL-13","Field","2023","2023",0.915,0.0051,156,0.126216710425449,0.2,0,1,6,30,179.411764705882
"TAL",2023-07-06,"TAL-14","Field","2023","2023",1.542,0.0084,116,0.146943465125032,0.08,0,1,8,38,183.571428571429
"TAL",2023-07-06,"TAL-15","Field","2023","2023",1.23,0.0071,128,0.124042575317101,0.14,0,1,8,40,173.239436619718
"TAL",2023-07-06,"TAL-16","Field","2023","2023",0.903,0.0049,136,0.14201542554611,0.1,0,1,8,40,184.285714285714
"TAL",2023-07-06,"TAL-17","Field","2023","2023",1.075,0.0067,108,0.132565184941825,0.13,1,0,11,29,160.44776119403
"TAL",2023-07-06,"TAL-19","Field","2023","2023",1.305,0.0069,116,0.167496289015947,0,0,1,6,24,189.130434782609
"TAL",2023-07-06,"TAL-20","Field","2023","2023",1.302,0.0067,104,0.138044005414862,0.15,0,1,10,32,194.328358208955
"TAL",2023-07-06,"TAL-21","Field","2023","2023",1.824,0.0112,136,0.169351550975071,0.15,1,0,22,60,162.857142857143
"TAL",2023-07-06,"TAL-22","Field","2023","2023",1.545,0.0086,164,0.210921014246682,0.13,0,1,21,48,179.651162790698
"TAL",2023-07-06,"TAL-23","Field","2023","2023",1.67,0.0094,108,0.108562733345665,0.18,0,1,19,49,177.659574468085
"OAK",2023-06-27,"OAK-1","Field","2023","2023",0.869,0.0041,96,0.289653693636985,0.4,0,0,4,21,211.951219512195
"OAK",2023-06-27,"OAK-2","Field","2023","2023",1.057,0.0061,144,0.193817818061012,0.14,0,1,5,56,173.27868852459
"OAK",2023-06-27,"OAK-3","Field","2023","2023",0.881,0.005,200,0.253823947051412,0.22,0,0,6,53,176.2
"OAK",2023-06-27,"OAK-4","Field","2023","2023",0.923,0.0071,168,0.299364830454272,0.01,0,1,6,38,130
"OAK",2023-06-27,"OAK-5","Field","2023","2023",1.377,0.0074,124,0.234459650353061,0.08,0,2,5,51,186.081081081081
"OAK",2023-06-27,"OAK-6","Field","2023","2023",0.991,0.0034,144,0.317917450045507,0.051,0,2,3,43,291.470588235294
"OAK",2023-06-27,"OAK-7","Field","2023","2023",1.403,0.0066,136,0.236314912312184,0.11,0,2,5,59,212.575757575758
"OAK",2023-06-27,"OAK-8","Field","2023","2023",0.722,0.0039,168,0.200688085003391,0.05,0,0,5,47,185.128205128205
"OAK",2023-06-27,"OAK-9","Field","2023","2023",1.054,0.0053,184,0.220429231787189,0.19,0,0,5,42,198.867924528302
"OAK",2023-06-27,"OAK-10","Field","2023","2023",1.522,0.0068,128,0.201296842833728,0,0,0,5,44,223.823529411765
"OAK",2023-06-27,"OAK-11","Field","2023","2023",0.679,0.0035,172,0.210138325607676,0.35,1,1,4,39,194
"OAK",2023-06-27,"OAK-12","Field","2023","2023",0.764,0.0039,140,0.221733712852198,0.06,1,1,5,44,195.897435897436
"OAK",2023-06-27,"OAK-13","Field","2023","2023",1.822,0.01,148,0.278898971967691,0.09,0,1,5,49,182.2
"OAK",2023-06-27,"OAK-14","Field","2023","2023",1.511,0.0128,184,0.183237027200386,0.12,0,6,8,51,118.046875
"OAK",2023-06-27,"OAK-15","Field","2023","2023",1.913,0.0114,144,0.337832527637973,0.29,1,6,9,60,167.80701754386
"OAK",2023-06-27,"OAK-16","Field","2023","2023",2.32,0.0182,252,0.202427393090069,0.06,0,1,9,42,127.472527472527
"OAK",2023-06-27,"OAK-17","Field","2023","2023",1.225,0.0064,124,0.247910299556706,0.14,0,3,6,44,191.40625
"OAK",2023-06-27,"OAK-18","Field","2023","2023",1.929,0.0115,148,0.252055650496623,0.21,1,4,8,48,167.739130434783
"OAK",2023-06-27,"OAK-19","Field","2023","2023",1.932,0.0094,152,0.311916837146467,0.08,0,2,8,55,205.531914893617
"OAK",2023-06-27,"OAK-20","Field","2023","2023",2.286,0.0136,172,0.287972362486529,0.021,0,2,7,59,168.088235294118
"OAK",2023-06-27,"OAK-21","Field","2023","2023",1.161,0.007,196,0.271564889535531,0.205,0,2,7,49,165.857142857143
"OAK",2023-06-27,"OAK-22","Field","2023","2023",1.354,0.0064,136,0.274608678687218,0.09,0,3,7,52,211.5625
"OAK",2023-06-27,"OAK-23","Field","2023","2023",1.745,0.0096,168,0.285566319633291,0.15,0,4,5,62,181.770833333333
"OAK",2023-06-27,"OAK-24","Field","2023","2023",1.475,0.0076,168,0.271361970258752,0.14,0,3,5,44,194.078947368421
"OAK",2023-06-27,"OAK-25","Field","2023","2023",0.819,0.004,144,0.248721976663823,0.11,0,3,6,53,204.75
"OAK",2023-06-27,"OAK-26","Field","2023","2023",0.72,0.0043,168,0.273999920856881,0.13,0,1,7,59,167.441860465116
"OAK",2023-06-27,"OAK-27","Field","2023","2023",1.435,0.0083,208,0.250838134835948,0.14,0,3,6,56,172.89156626506
"OAK",2023-06-27,"OAK-28","Field","2023","2023",1.081,0.0063,188,0.231705745882487,0.08,0,1,7,46,171.587301587302
"OAK",2023-06-27,"OAK-29","Field","2023","2023",1.435,0.0084,168,0.244547637255795,0.005,0,2,8,50,170.833333333333
"OAK",2023-06-27,"OAK-30","Field","2023","2023",0.996,0.0049,152,0.278290214137354,0.07,0,3,8,53,203.265306122449
"PLA",2023-06-26,"PLA-1","Field","2023","2023",0.525,0.0024,144,0.0684426934796191,0.28,2,0,5,34,218.75
"PLA",2023-06-26,"PLA-2","Field","2023","2023",1.459,0.0077,104,0.10024304299772,0.1,0,2,7,26,189.480519480519
"PLA",2023-06-26,"PLA-3","Field","2023","2023",1.143,0.0062,124,0.125549975658889,0.05,0,2,4,40,184.354838709677
"PLA",2023-06-26,"PLA-4","Field","2023","2023",1.412,0.0084,168,0.149813323468051,0.4,0,2,6,39,168.095238095238
"PLA",2023-06-26,"PLA-5","Field","2023","2023",1.482,0.01,152,0.115085138670708,0.095,2,1,7,49,148.2
"PLA",2023-06-26,"PLA-6","Field","2023","2023",1.099,0.0065,112,0.154422489897749,0.07,1,0,6,27,169.076923076923
"PLA",2023-06-26,"PLA-7","Field","2023","2023",0.887,0.0059,154,0.17978739949514,0.27,0,1,8,29,150.338983050847
"PLA",2023-06-26,"PLA-8","Field","2023","2023",1.148,0.0074,188,0.0814005387253722,0.07,3,0,6,32,155.135135135135
"PLA",2023-06-26,"PLA-9","Field","2023","2023",1.041,0.0057,152,0.167351346675391,0.05,0,1,5,42,182.631578947368
"PLA",2023-06-26,"PLA-10","Field","2023","2023",0.839,0.0048,144,0.0985617118472646,0.06,2,0,9,41,174.791666666667
"PLA",2023-06-26,"PLA-11","Field","2023","2023",0.897,0.0046,164,0.134942239326952,0.13,2,0,6,40,195
"PLA",2023-06-26,"PLA-12","Field","2023","2023",0.649,0.0032,48,0.119433408887404,0.1,1,1,7,21,202.8125
"PLA",2023-06-26,"PLA-13","Field","2023","2023",1.168,0.0056,124,0.212863241610139,0.005,0,3,9,34,208.571428571429
"PLA",2023-06-26,"PLA-14","Field","2023","2023",1.059,0.0066,116,0.173062074893318,0,2,0,6,27,160.454545454545
"PLA",2023-06-26,"PLA-15","Field","2023","2023",1.378,0.0083,148,0.202688289303071,0.07,1,1,6,54,166.024096385542
"PLA",2023-06-26,"PLA-16","Field","2023","2023",1.789,0.0116,168,0.0737185946758766,0.08,3,0,6,45,154.224137931034
"PLA",2023-06-26,"PLA-17","Field","2023","2023",1.084,0.0046,96,0.201093923556949,0.001,5,0,3,27,235.652173913043
"PLA",2023-06-26,"PLA-18","Field","2023","2023",1.23,0.0082,124,0.15578494789898,0.06,3,0,7,41,150
"PLA",2023-06-26,"PLA-19","Field","2023","2023",1.391,0.0093,136,0.146044822613582,0.06,1,0,5,37,149.569892473118
"PLA",2023-06-26,"PLA-20","Field","2023","2023",1.128,0.0066,148,0.133492815921387,0.11,1,0,5,40,170.909090909091
"PLA",2023-06-26,"PLA-21","Field","2023","2023",0.966,0.0071,72,0.147668176827815,0.2,0,3,4,36,136.056338028169
"PLA",2023-06-26,"PLA-22","Field","2023","2023",1.162,0.0078,132,0.143522825887898,0.1,3,0,7,47,148.974358974359
"PLA",2023-06-26,"PLA-23","Field","2023","2023",1.06,0.0072,104,0.1237816791041,0.015,0,1,5,33,147.222222222222
"PLA",2023-06-26,"PLA-24","Field","2023","2023",1.157,0.0073,144,0.128709718683021,0.11,1,1,6,35,158.493150684932
"PLA",2023-06-26,"PLA-25","Field","2023","2023",0.879,0.0061,112,0.123810667572211,0.2,1,0,6,37,144.098360655738
"PLA",2023-06-26,"PLA-26","Field","2023","2023",1.448,0.009,132,0.0903096612582466,0.05,2,0,6,33,160.888888888889
"PLA",2023-06-26,"PLA-27","Field","2023","2023",1.253,0.0092,148,0.089082482774868,0.12,0,2,8,41,136.195652173913
"PLA",2023-06-26,"PLA-28","Field","2023","2023",1.13,0.0073,140,0.140826898353547,0.14,1,1,6,52,154.794520547945
"PLA",2023-06-26,"PLA-29","Field","2023","2023",1.506,0.0097,134,0.146798522784476,0.16,0,1,5,41,155.257731958763
"PLA",2023-06-26,"PLA-30","Field","2023","2023",1.189,0.0061,96,0.153543173031706,0.15,1,0,6,40,194.918032786885
"BEC",2023-06-25,"BEC-1","Field","2023","2023",0.774,0.0045,144,0.0546151941905267,0.1,0,2,4,43,172
"BEC",2023-06-25,"BEC-2","Field","2023","2023",1.364,0.009,224,0.0922422257990002,0.29,1,0,6,36,151.555555555556
"BEC",2023-06-25,"BEC-3","Field","2023","2023",1.182,0.0071,172,0.13468134311395,0.023,0,1,4,31,166.478873239437
"BEC",2023-06-25,"BEC-4","Field","2023","2023",1.133,0.0066,156,0.0704428977792991,0.03,0,1,6,82,171.666666666667
"BEC",2023-06-25,"BEC-5","Field","2023","2023",0.748,0.0046,164,0.0816034580021514,0.5,2,0,6,29,162.608695652174
"BEC",2023-06-25,"BEC-6","Field","2023","2023",1.076,0.0071,188,0.103721659171077,0.205,0,1,6,44,151.549295774648
"BEC",2023-06-25,"BEC-7","Field","2023","2023",0.749,0.0048,192,0.0927495239909481,0.08,0,1,7,31,156.041666666667
"BEC",2023-06-25,"BEC-8","Field","2023","2023",0.846,0.0062,208,0.0557747329149789,0.06,1,0,5,40,136.451612903226
"BEC",2023-06-25,"BEC-9","Field","2023","2023",0.82,0.0062,204,0.113722680669477,0.04,0,1,8,46,132.258064516129
"BEC",2023-06-25,"BEC-10","Field","2023","2023",0.778,0.0055,176,0.0774581070622348,0.06,0,1,7,42,141.454545454545
"BEC",2023-06-25,"BEC-11","Field","2023","2023",1.2,0.0055,152,0.104881197895529,0.14,0,1,6,46,218.181818181818
"BEC",2023-06-25,"BEC-13","Field","2023","2023",0.947,0.0059,200,0.0920103180541097,0.03,0,1,6,39,160.508474576271
"BEC",2023-06-25,"BEC-14","Field","2023","2023",0.717,0.0033,168,0.082038285023821,0.43,1,0,8,45,217.272727272727
"BEC",2023-06-25,"BEC-15","Field","2023","2023",0.654,0.0029,152,0.0961846574621376,0.3,1,0,3,29,225.51724137931
"BEC",2023-06-25,"BEC-16","Field","2023","2023",1.591,0.0112,176,0.0496291776753823,0.15,1,0,6,57,142.053571428571
"BEC",2023-06-25,"BEC-17","Field","2023","2023",0.75,0.0035,144,0.0824151351092679,0.3,2,0,4,37,214.285714285714
"BEC",2023-06-25,"BEC-18","Field","2023","2023",1.322,0.0084,136,0.0858357743464019,0.19,0,1,8,42,157.380952380952
"BEC",2023-06-25,"BEC-19","Field","2023","2023",0.606,0.0026,96,0.0535426208704085,0.12,2,0,5,40,233.076923076923
"BEC",2023-06-25,"BEC-20","Field","2023","2023",1.421,0.0088,124,0.114969184798263,0.26,0,1,6,54,161.477272727273
"BEC",2023-06-25,"BEC-21","Field","2023","2023",1.083,0.008,140,0.084328374004614,0.15,0,3,7,56,135.375
"BEC",2023-06-25,"BEC-22","Field","2023","2023",1.929,0.0099,148,0.0910536986064367,0.14,0,2,4,46,194.848484848485
"BEC",2023-06-25,"BEC-23","Field","2023","2023",0.531,0.0029,192,0.0623841036443564,0.17,1,0,7,41,183.103448275862
"BEC",2023-06-25,"BEC-24","Field","2023","2023",0.778,0.0059,176,0.100851800828058,0.19,0,1,5,35,131.864406779661
"BEC",2023-06-25,"BEC-25","Field","2023","2023",0.798,0.0058,128,0.0760956490610035,0.14,1,0,7,40,137.586206896552
"BEC",2023-06-25,"BEC-26","Field","2023","2023",0.69,0.005,72,0.0884737249445306,0.23,0,1,6,38,138
"BEC",2023-06-25,"BEC-27","Field","2023","2023",1.106,0.0067,152,0.100764835423724,0.3,0,1,7,31,165.074626865672
"BEC",2023-06-25,"BEC-28","Field","2023","2023",0.924,0.0054,172,0.0985907003153759,0.18,0,1,12,34,171.111111111111
"BEC",2023-06-25,"BEC-29","Field","2023","2023",1.215,0.0066,112,0.0919813295859984,0.15,1,0,4,27,184.090909090909
"BEC",2023-06-25,"BEC-30","Field","2023","2023",1.537,0.0088,124,0.0924741335438906,0.36,0,1,9,38,174.659090909091
"REF",2023-06-23,"REF-1","Field","2023","2023",3.514,0.0098,72,0.174598463703217,0.001,0,1,31,52,358.571428571429
"REF",2023-06-23,"REF-2","Field","2023","2023",1.974,0.0052,68,0.11291100356236,0.02,1,0,7,37,379.615384615385
"REF",2023-06-23,"REF-3","Field","2023","2023",2.478,0.0096,60,0.0748781334003287,0.08,2,0,5,42,258.125
"REF",2023-06-23,"REF-4","Field","2023","2023",2.411,0.0078,82,0.0713125518226382,0.05,1,0,10,62,309.102564102564
"REF",2023-06-23,"REF-5","Field","2023","2023",1.748,0.0061,88,0.0684137050115078,0.02,2,0,15,46,286.55737704918
"REF",2023-06-23,"REF-6","Field","2023","2023",2.173,0.0081,52,0.0651669965830416,0.02,1,1,10,47,268.271604938272
"REF",2023-06-23,"REF-7","Field","2023","2023",1.152,0.0038,68,0.0613115303242381,0.12,1,1,13,40,303.157894736842
"REF",2023-06-23,"REF-8","Field","2023","2023",1.883,0.0067,188,0.0386425482611978,0.03,0,2,13,36,281.044776119403
"REF",2023-06-23,"REF-9","Field","2023","2023",2.537,0.007,64,0.0727039982919809,0.065,1,1,6,39,362.428571428571
"REF",2023-06-23,"REF-10","Field","2023","2023",1.99,0.007,96,0.0903869638398767,0.1,4,1,11,67,284.285714285714
"REF",2023-06-23,"REF-11","Field","2023","2023",2.353,0.009,116,0.0816904234064853,0.016,0,2,8,34,261.444444444445
"REF",2023-06-23,"REF-12","Field","2023","2023",1.321,0.0051,144,0.0655728351365999,0.011,0,1,5,52,259.019607843137
"REF",2023-06-23,"REF-13","Field","2023","2023",2.01,0.0072,116,0.214428618888149,0.021,1,2,15,66,279.166666666667
"REF",2023-06-23,"REF-14","Field","2023","2023",1.275,0.0045,108,0.0871112669432993,0.055,2,0,13,35,283.333333333333
"REF",2023-06-23,"REF-15","Field","2023","2023",1.557,0.0065,128,0.0591084067477789,0.05,1,1,6,51,239.538461538462
"REF",2023-06-23,"REF-16","Field","2023","2023",1.768,0.0069,132,0.0933147991191185,0.01,3,0,7,70,256.231884057971
"REF",2023-06-23,"REF-17","Field","2023","2023",1.788,0.0065,108,0.0832268122163844,0.09,1,0,9,55,275.076923076923
"REF",2023-06-23,"REF-18","Field","2023","2023",1.289,0.005,116,0.0806758270225896,0.05,2,0,14,62,257.8
"REF",2023-06-23,"REF-19","Field","2023","2023",2.89,0.0115,124,0.0820962619600436,0.05,0,1,9,45,251.304347826087
"REF",2023-06-23,"REF-20","Field","2023","2023",2.081,0.0074,144,0.0696891976084052,0.021,1,0,11,53,281.216216216216
"REF",2023-06-23,"REF-21","Field","2023","2023",1.301,0.0041,172,0.0923002027352228,0.042,0,2,10,54,317.317073170732
"REF",2023-06-23,"REF-22","Field","2023","2023",1.132,0.0028,108,0.0972306275007012,0.09,1,0,6,30,404.285714285714
"REF",2023-06-23,"REF-23","Field","2023","2023",2.163,0.0089,144,0.0740374678251009,0.18,2,1,8,44,243.033707865169
"REF",2023-06-23,"REF-24","Field","2023","2023",1.182,0.004,192,0.0656018236047112,0,2,0,10,39,295.5
"REF",2023-06-23,"REF-25","Field","2023","2023",1.749,0.0062,116,0.0459186537571353,0.05,3,0,8,40,282.096774193548
"REF",2023-06-23,"REF-26","Field","2023","2023",1.359,0.0049,112,0.0840095008553897,0.04,0,1,7,45,277.34693877551
"REF",2023-06-23,"REF-27","Field","2023","2023",2.237,0.0073,120,0.0747621795278835,0.03,0,3,8,63,306.438356164384
"REF",2023-06-23,"REF-28","Field","2023","2023",2.102,0.0077,144,0.0771972108492331,0.1,1,1,12,23,272.987012987013
"REF",2023-06-23,"REF-29","Field","2023","2023",1.763,0.0066,132,0.0784727034461305,0.05,0,1,16,60,267.121212121212
"REF",2023-06-23,"REF-30","Field","2023","2023",2.785,0.0107,148,0.0855169011971775,0.08,3,2,17,43,260.280373831776
"GRE",2023-06-22,"GRE-1","Field","2023","2023",1.424,0.0064,96,0.07424038710188,0.48,2,0,8,47,222.5
"GRE",2023-06-22,"GRE-2","Field","2023","2023",1.076,0.0041,156,0.118988919043031,0.13,2,0,5,40,262.439024390244
"GRE",2023-06-22,"GRE-3","Field","2023","2023",1.271,0.0064,152,0.12778208770346,0.34,0,1,10,60,198.59375
"GRE",2023-06-22,"GRE-4","Field","2023","2023",0.516,0.0023,128,0.176424737194229,0.3,1,1,7,44,224.347826086957
"GRE",2023-06-22,"GRE-5","Field","2023","2023",1.206,0.0053,76,0.139048938976054,0.23,0,2,7,57,227.547169811321
"GRE",2023-06-22,"GRE-6","Field","2023","2023",0.737,0.0037,132,0.162133422415356,0.4,0,1,9,56,199.189189189189
"GRE",2023-06-22,"GRE-7","Field","2023","2023",0.798,0.0039,76,0.125086160169108,0.19,0,3,8,51,204.615384615385
"GRE",2023-06-22,"GRE-8","Field","2023","2023",0.742,0.0038,100,0.142537217972114,0.41,1,1,9,57,195.263157894737
"GRE",2023-06-22,"GRE-9","Field","2023","2023",1.448,0.0064,136,0.152016447044511,0.16,0,2,6,54,226.25
"GRE",2023-06-22,"GRE-10","Field","2023","2023",0.593,0.0022,144,0.0951120841420194,0.13,2,0,5,61,269.545454545455
"GRE",2023-06-22,"GRE-11","Field","2023","2023",1.132,0.0089,108,0.134420446900949,0.24,1,0,10,57,127.191011235955
"GRE",2023-06-22,"GRE-12","Field","2023","2023",0.72,0.004,128,0.0952280380144646,0.29,2,1,8,66,180
"GRE",2023-06-22,"GRE-13","Field","2023","2023",0.636,0.0031,124,0.163872730502034,0.24,1,0,12,33,205.161290322581
"GRE",2023-06-22,"GRE-14","Field","2023","2023",0.651,0.0024,104,0.248606022791378,0.16,0,1,6,20,271.25
"GRE",2023-06-22,"GRE-15","Field","2023","2023",1.264,0.0059,148,0.15334991657763,0.13,0,2,5,31,214.237288135593
"GRE",2023-06-22,"GRE-16","Field","2023","2023",1.024,0.0054,132,0.175207221533554,0.22,0,1,4,35,189.62962962963
"GRE",2023-06-22,"GRE-17","Field","2023","2023",1.012,0.0053,112,0.179845376431363,0.35,0,1,9,47,190.943396226415
"GRE",2023-06-22,"GRE-18","Field","2023","2023",0.802,0.0041,168,0.139812301969651,0.16,2,0,7,31,195.609756097561
"GRE",2023-06-22,"GRE-19","Field","2023","2023",1.277,0.0078,120,0.144421468399349,0.31,1,0,9,45,163.717948717949
"GRE",2023-06-22,"GRE-20","Field","2023","2023",1.113,0.0049,88,0.115510302869674,0.31,0,1,7,56,227.142857142857
"GRE",2023-06-22,"GRE-21","Field","2023","2023",1.952,0.0069,84,0.225038398216887,0.1,0,1,7,34,282.898550724638
"GRE",2023-06-22,"GRE-22","Field","2023","2023",1.061,0.0058,104,0.167757185228949,0.14,0,1,7,34,182.931034482759
"GRE",2023-06-22,"GRE-23","Field","2023","2023",0.904,0.0043,96,0.169322562506959,0.12,1,1,16,50,210.232558139535
"GRE",2023-06-22,"GRE-24","Field","2023","2023",1.192,0.007,192,0.186367781756407,0.21,0,1,10,41,170.285714285714
"GRE",2023-06-22,"GRE-25","Field","2023","2023",1.05,0.0054,124,0.154161593684747,0.18,0,1,7,26,194.444444444444
"GRE",2023-06-22,"GRE-26","Field","2023","2023",1.201,0.0063,112,0.261071064079239,0.22,1,0,7,41,190.634920634921
"GRE",2023-06-22,"GRE-27","Field","2023","2023",0.774,0.0033,132,0.208543959861555,0.3,2,0,4,42,234.545454545455
"GRE",2023-06-22,"GRE-28","Field","2023","2023",0.798,0.0033,88,0.265970115190049,0.19,0,1,6,22,241.818181818182
"GRE",2023-06-22,"GRE-29","Field","2023","2023",1.465,0.0065,76,0.226603775494897,0.21,0,1,8,50,225.384615384615
"GRE",2023-06-22,"GRE-30","Field","2023","2023",0.686,0.0036,204,0.108504756409442,0.24,1,0,6,42,190.555555555556
"ARB",2023-05-31,"ARB-12A","Garden","Early","2023",1.074,0.005275,141.25,0.246253530819518,0.01,NA,NA,19,12,203.601895734597
"ARB",2023-06-12,"ARB-12A","Garden","Early","2023",1.074,0.005275,141.25,0.246253530819518,0.005,NA,NA,19,12,203.601895734597
"ARB",2023-06-20,"ARB-12A","Garden","Mid","2023",1.074,0.005275,141.25,0.246253530819518,0.05,0,0,NA,NA,203.601895734597
"ARB",2023-06-29,"ARB-12A","Garden","Mid","2023",1.074,0.005275,141.25,0.246253530819518,0.07,NA,NA,27,16,203.601895734597
"ARB",2023-07-03,"ARB-12A","Garden","Mid","2023",1.074,0.005275,141.25,0.246253530819518,0.05,NA,NA,NA,NA,203.601895734597
"ARB",2023-07-10,"ARB-12A","Garden","Mid","2023",1.074,0.005275,141.25,0.246253530819518,0.05,NA,NA,NA,NA,203.601895734597
"ARB",2023-07-17,"ARB-12A","Garden","Late","2023",1.074,0.005275,141.25,0.246253530819518,0.18,NA,NA,37,23,203.601895734597
"ARB",2023-07-28,"ARB-12A","Garden","Late","2023",1.074,0.005275,141.25,0.246253530819518,0.35,NA,NA,NA,NA,203.601895734597
"ARB",2023-08-03,"ARB-12A","Garden","Late","2023",1.074,0.005275,141.25,0.246253530819518,0.18,NA,NA,33,25,203.601895734597
"ARB",2023-08-07,"ARB-12A","Garden","Late","2023",1.074,0.005275,141.25,0.246253530819518,0.2,NA,NA,NA,NA,203.601895734597
"ARB",2023-08-15,"ARB-12A","Garden","Late","2023",1.074,0.005275,141.25,0.246253530819518,0.15,NA,NA,NA,NA,203.601895734597
"ARB",2023-05-31,"ARB-7C","Garden","Early","2023",0.90375,0.0047,104.75,0.5822313137346,0.01,NA,NA,22,24,192.287234042553
"ARB",2023-06-05,"ARB-7C","Garden","Early","2023",0.90375,0.0047,104.75,0.5822313137346,0.07,NA,NA,NA,NA,192.287234042553
"ARB",2023-06-12,"ARB-7C","Garden","Early","2023",0.90375,0.0047,104.75,0.5822313137346,0.12,NA,1,22,19,192.287234042553
"ARB",2023-06-20,"ARB-7C","Garden","Mid","2023",0.90375,0.0047,104.75,0.5822313137346,0.1,0,0,NA,NA,192.287234042553
"ARB",2023-06-29,"ARB-7C","Garden","Mid","2023",0.90375,0.0047,104.75,0.5822313137346,0.12,NA,NA,29,32,192.287234042553
"ARB",2023-07-03,"ARB-7C","Garden","Mid","2023",0.90375,0.0047,104.75,0.5822313137346,0.02,1,1,NA,NA,192.287234042553
"ARB",2023-07-10,"ARB-7C","Garden","Mid","2023",0.90375,0.0047,104.75,0.5822313137346,0.01,NA,1,NA,NA,192.287234042553
"ARB",2023-07-17,"ARB-7C","Garden","Late","2023",0.90375,0.0047,104.75,0.5822313137346,0.15,NA,NA,49,30,192.287234042553
"ARB",2023-07-28,"ARB-7C","Garden","Late","2023",0.90375,0.0047,104.75,0.5822313137346,0.03,NA,NA,NA,NA,192.287234042553
"ARB",2023-08-03,"ARB-7C","Garden","Late","2023",0.90375,0.0047,104.75,0.5822313137346,0.18,NA,NA,47,34,192.287234042553
"ARB",2023-08-07,"ARB-7C","Garden","Late","2023",0.90375,0.0047,104.75,0.5822313137346,0.05,NA,NA,NA,NA,192.287234042553
"ARB",2023-08-15,"ARB-7C","Garden","Late","2023",0.90375,0.0047,104.75,0.5822313137346,0.07,NA,NA,NA,NA,192.287234042553
"ARB",2023-05-31,"ARB-7D","Garden","Early","2023",1.12925,0.006225,58,0.192712920298277,0.01,NA,NA,12,19,181.40562248996
"ARB",2023-06-05,"ARB-7D","Garden","Early","2023",1.12925,0.006225,58,0.192712920298277,0.01,NA,NA,NA,NA,181.40562248996
"ARB",2023-06-12,"ARB-7D","Garden","Early","2023",1.12925,0.006225,58,0.192712920298277,0.04,NA,NA,17,22,181.40562248996
"ARB",2023-06-20,"ARB-7D","Garden","Mid","2023",1.12925,0.006225,58,0.192712920298277,0.1,0,0,NA,NA,181.40562248996
"ARB",2023-06-29,"ARB-7D","Garden","Mid","2023",1.12925,0.006225,58,0.192712920298277,0.05,NA,NA,32,32,181.40562248996
"ARB",2023-07-03,"ARB-7D","Garden","Mid","2023",1.12925,0.006225,58,0.192712920298277,0.01,NA,NA,NA,NA,181.40562248996
"ARB",2023-07-17,"ARB-7D","Garden","Late","2023",1.12925,0.006225,58,0.192712920298277,0.07,NA,NA,53,44,181.40562248996
"ARB",2023-07-28,"ARB-7D","Garden","Late","2023",1.12925,0.006225,58,0.192712920298277,0.1,NA,NA,NA,NA,181.40562248996
"ARB",2023-08-03,"ARB-7D","Garden","Late","2023",1.12925,0.006225,58,0.192712920298277,0.25,NA,NA,66,41,181.40562248996
"ARB",2023-08-07,"ARB-7D","Garden","Late","2023",1.12925,0.006225,58,0.192712920298277,0.05,NA,NA,NA,NA,181.40562248996
"ARB",2023-08-15,"ARB-7D","Garden","Late","2023",1.12925,0.006225,58,0.192712920298277,0.13,NA,NA,NA,NA,181.40562248996
"ARB",2023-05-31,"ARB-7E","Garden","Early","2023",0.759,0.004175,70.25,0.11139367895786,0.02,NA,NA,12,22,181.796407185629
"ARB",2023-06-05,"ARB-7E","Garden","Early","2023",0.759,0.004175,70.25,0.11139367895786,0.2,NA,NA,NA,NA,181.796407185629
"ARB",2023-06-12,"ARB-7E","Garden","Early","2023",0.759,0.004175,70.25,0.11139367895786,0.25,NA,NA,11,22,181.796407185629
"ARB",2023-06-20,"ARB-7E","Garden","Mid","2023",0.759,0.004175,70.25,0.11139367895786,0.28,0,0,NA,NA,181.796407185629
"ARB",2023-06-29,"ARB-7E","Garden","Mid","2023",0.759,0.004175,70.25,0.11139367895786,0.2,NA,NA,27,34,181.796407185629
"ARB",2023-07-03,"ARB-7E","Garden","Mid","2023",0.759,0.004175,70.25,0.11139367895786,0.02,NA,NA,NA,NA,181.796407185629
"ARB",2023-07-10,"ARB-7E","Garden","Mid","2023",0.759,0.004175,70.25,0.11139367895786,0.02,NA,NA,NA,NA,181.796407185629
"ARB",2023-07-17,"ARB-7E","Garden","Late","2023",0.759,0.004175,70.25,0.11139367895786,0.12,NA,NA,49,38,181.796407185629
"ARB",2023-07-28,"ARB-7E","Garden","Late","2023",0.759,0.004175,70.25,0.11139367895786,0.05,NA,NA,NA,NA,181.796407185629
"ARB",2023-08-03,"ARB-7E","Garden","Late","2023",0.759,0.004175,70.25,0.11139367895786,0.35,NA,NA,57,33,181.796407185629
"ARB",2023-08-07,"ARB-7E","Garden","Late","2023",0.759,0.004175,70.25,0.11139367895786,0.18,NA,NA,NA,NA,181.796407185629
"ARB",2023-08-15,"ARB-7E","Garden","Late","2023",0.759,0.004175,70.25,0.11139367895786,0.13,NA,NA,NA,NA,181.796407185629
"ARB",2023-05-31,"ARB-7F","Garden","Early","2023",0.7725,0.004175,101.75,0.242971676886252,0.03,NA,NA,18,18,185.02994011976
"ARB",2023-06-05,"ARB-7F","Garden","Early","2023",0.7725,0.004175,101.75,0.242971676886252,0.03,NA,NA,NA,NA,185.02994011976
"ARB",2023-06-12,"ARB-7F","Garden","Early","2023",0.7725,0.004175,101.75,0.242971676886252,0.02,NA,NA,17,18,185.02994011976
"ARB",2023-06-20,"ARB-7F","Garden","Mid","2023",0.7725,0.004175,101.75,0.242971676886252,0.6,0,0,NA,NA,185.02994011976
"ARB",2023-06-29,"ARB-7F","Garden","Mid","2023",0.7725,0.004175,101.75,0.242971676886252,0.05,NA,NA,32,22,185.02994011976
"ARB",2023-07-03,"ARB-7F","Garden","Mid","2023",0.7725,0.004175,101.75,0.242971676886252,0.05,NA,NA,NA,NA,185.02994011976
"ARB",2023-07-10,"ARB-7F","Garden","Mid","2023",0.7725,0.004175,101.75,0.242971676886252,0.03,NA,NA,NA,NA,185.02994011976
"ARB",2023-07-17,"ARB-7F","Garden","Late","2023",0.7725,0.004175,101.75,0.242971676886252,0.28,NA,NA,54,36,185.02994011976
"ARB",2023-07-28,"ARB-7F","Garden","Late","2023",0.7725,0.004175,101.75,0.242971676886252,0.04,NA,NA,NA,NA,185.02994011976
"ARB",2023-08-03,"ARB-7F","Garden","Late","2023",0.7725,0.004175,101.75,0.242971676886252,0.15,NA,NA,53,38,185.02994011976
"ARB",2023-08-07,"ARB-7F","Garden","Late","2023",0.7725,0.004175,101.75,0.242971676886252,0.15,NA,NA,NA,NA,185.02994011976
"ARB",2023-08-15,"ARB-7F","Garden","Late","2023",0.7725,0.004175,101.75,0.242971676886252,0.13,NA,NA,NA,NA,185.02994011976
"ARB",2023-05-31,"ARB-8A","Garden","Early","2023",1.05775,0.003575,73.5,0.675385018351943,0.01,NA,NA,6,6,295.874125874126
"ARB",2023-06-20,"ARB-8A","Garden","Mid","2023",1.05775,0.003575,73.5,0.675385018351943,0.15,0,0,NA,NA,295.874125874126
"ARB",2023-06-29,"ARB-8A","Garden","Mid","2023",1.05775,0.003575,73.5,0.675385018351943,0.35,NA,NA,19,17,295.874125874126
"ARB",2023-07-03,"ARB-8A","Garden","Mid","2023",1.05775,0.003575,73.5,0.675385018351943,0.3,NA,NA,NA,NA,295.874125874126
"ARB",2023-07-10,"ARB-8A","Garden","Mid","2023",1.05775,0.003575,73.5,0.675385018351943,0.3,NA,NA,NA,NA,295.874125874126
"ARB",2023-07-17,"ARB-8A","Garden","Late","2023",1.05775,0.003575,73.5,0.675385018351943,0.38,NA,NA,32,23,295.874125874126
"ARB",2023-07-28,"ARB-8A","Garden","Late","2023",1.05775,0.003575,73.5,0.675385018351943,0.7,NA,NA,NA,NA,295.874125874126
"ARB",2023-08-03,"ARB-8A","Garden","Late","2023",1.05775,0.003575,73.5,0.675385018351943,0.4,NA,NA,47,22,295.874125874126
"ARB",2023-08-07,"ARB-8A","Garden","Late","2023",1.05775,0.003575,73.5,0.675385018351943,0.15,NA,NA,NA,NA,295.874125874126
"ARB",2023-08-15,"ARB-8A","Garden","Late","2023",1.05775,0.003575,73.5,0.675385018351943,0.25,NA,NA,NA,NA,295.874125874126
"BR",2023-05-31,"BR-1E","Garden","Early","2023",1.21925,0.007575,152.25,0.245729552755046,0.01,NA,NA,9,16,160.957095709571
"BR",2023-06-05,"BR-1E","Garden","Early","2023",1.21925,0.007575,152.25,0.245729552755046,0.01,NA,NA,NA,NA,160.957095709571
"BR",2023-06-20,"BR-1E","Garden","Mid","2023",1.21925,0.007575,152.25,0.245729552755046,0.05,0,0,NA,NA,160.957095709571
"BR",2023-06-29,"BR-1E","Garden","Mid","2023",1.21925,0.007575,152.25,0.245729552755046,0.01,NA,NA,22,33,160.957095709571
"BR",2023-07-03,"BR-1E","Garden","Mid","2023",1.21925,0.007575,152.25,0.245729552755046,0.01,NA,2,NA,NA,160.957095709571
"BR",2023-07-10,"BR-1E","Garden","Mid","2023",1.21925,0.007575,152.25,0.245729552755046,0.01,NA,1,NA,NA,160.957095709571
"BR",2023-07-17,"BR-1E","Garden","Late","2023",1.21925,0.007575,152.25,0.245729552755046,0.05,NA,NA,34,27,160.957095709571
"BR",2023-07-28,"BR-1E","Garden","Late","2023",1.21925,0.007575,152.25,0.245729552755046,0.05,NA,NA,NA,NA,160.957095709571
"BR",2023-08-03,"BR-1E","Garden","Late","2023",1.21925,0.007575,152.25,0.245729552755046,0.03,NA,NA,32,25,160.957095709571
"BR",2023-08-07,"BR-1E","Garden","Late","2023",1.21925,0.007575,152.25,0.245729552755046,0.01,NA,NA,NA,NA,160.957095709571
"BR",2023-08-15,"BR-1E","Garden","Late","2023",1.21925,0.007575,152.25,0.245729552755046,0.05,NA,NA,NA,NA,160.957095709571
"BR",2023-06-20,"BR-1H","Garden","Mid","2023",0.88475,0.00535,163.75,0.225264215947468,0,0,0,NA,NA,165.373831775701
"BR",2023-06-29,"BR-1H","Garden","Mid","2023",0.88475,0.00535,163.75,0.225264215947468,0.07,NA,NA,28,19,165.373831775701
"BR",2023-07-03,"BR-1H","Garden","Mid","2023",0.88475,0.00535,163.75,0.225264215947468,0.03,NA,NA,NA,NA,165.373831775701
"BR",2023-07-10,"BR-1H","Garden","Mid","2023",0.88475,0.00535,163.75,0.225264215947468,0.02,NA,NA,NA,NA,165.373831775701
"BR",2023-07-17,"BR-1H","Garden","Late","2023",0.88475,0.00535,163.75,0.225264215947468,0.06,NA,NA,43,23,165.373831775701
"BR",2023-07-28,"BR-1H","Garden","Late","2023",0.88475,0.00535,163.75,0.225264215947468,0.07,NA,NA,NA,NA,165.373831775701
"BR",2023-08-03,"BR-1H","Garden","Late","2023",0.88475,0.00535,163.75,0.225264215947468,0.05,NA,NA,42,23,165.373831775701
"BR",2023-08-07,"BR-1H","Garden","Late","2023",0.88475,0.00535,163.75,0.225264215947468,0.01,NA,NA,NA,NA,165.373831775701
"BR",2023-08-15,"BR-1H","Garden","Late","2023",0.88475,0.00535,163.75,0.225264215947468,0.05,NA,NA,NA,NA,165.373831775701
"CAH",2023-05-31,"CAH-12C","Garden","Early","2023",1.0005,0.0065,110.5,0.424912220595975,0.02,NA,1,31,23,153.923076923077
"CAH",2023-06-05,"CAH-12C","Garden","Early","2023",1.0005,0.0065,110.5,0.424912220595975,0.01,NA,NA,NA,NA,153.923076923077
"CAH",2023-06-20,"CAH-14A","Garden","Mid","2023",0.807,0.005875,77,0.504056490220018,0.01,0,0,NA,NA,137.36170212766
"CAH",2023-06-29,"CAH-14A","Garden","Mid","2023",0.807,0.005875,77,0.504056490220018,0.4,NA,NA,39,13,137.36170212766
"CAH",2023-07-03,"CAH-14A","Garden","Mid","2023",0.807,0.005875,77,0.504056490220018,0.05,NA,NA,NA,NA,137.36170212766
"CAH",2023-07-10,"CAH-14A","Garden","Mid","2023",0.807,0.005875,77,0.504056490220018,0.02,NA,NA,NA,NA,137.36170212766
"CAH",2023-07-17,"CAH-14A","Garden","Late","2023",0.807,0.005875,77,0.504056490220018,0.02,NA,NA,53,22,137.36170212766
"CAH",2023-07-28,"CAH-14A","Garden","Late","2023",0.807,0.005875,77,0.504056490220018,0.1,NA,NA,NA,NA,137.36170212766
"CAH",2023-08-03,"CAH-14A","Garden","Late","2023",0.807,0.005875,77,0.504056490220018,0.03,NA,NA,43,21,137.36170212766
"CAH",2023-08-07,"CAH-14A","Garden","Late","2023",0.807,0.005875,77,0.504056490220018,0.04,NA,NA,NA,NA,137.36170212766
"CAH",2023-08-15,"CAH-14A","Garden","Late","2023",0.807,0.005875,77,0.504056490220018,0.15,NA,NA,NA,NA,137.36170212766
"CAH",2023-06-12,"CAH-14B","Garden","Early","2023",0.8195,0.005675,61,0.301896435224753,0.07,NA,NA,25,18,144.405286343612
"CAH",2023-06-20,"CAH-14B","Garden","Mid","2023",0.8195,0.005675,61,0.301896435224753,0.01,0,0,NA,NA,144.405286343612
"CAH",2023-06-29,"CAH-14B","Garden","Mid","2023",0.8195,0.005675,61,0.301896435224753,0.01,NA,NA,42,22,144.405286343612
"CAH",2023-07-03,"CAH-14B","Garden","Mid","2023",0.8195,0.005675,61,0.301896435224753,0.01,NA,NA,NA,NA,144.405286343612
"CAH",2023-07-10,"CAH-14B","Garden","Mid","2023",0.8195,0.005675,61,0.301896435224753,0.01,NA,NA,NA,NA,144.405286343612
"CAH",2023-07-17,"CAH-14B","Garden","Late","2023",0.8195,0.005675,61,0.301896435224753,0.07,NA,NA,33,27,144.405286343612
"CAH",2023-07-28,"CAH-14B","Garden","Late","2023",0.8195,0.005675,61,0.301896435224753,0.02,NA,NA,NA,NA,144.405286343612
"CAH",2023-08-03,"CAH-14B","Garden","Late","2023",0.8195,0.005675,61,0.301896435224753,0.02,NA,NA,34,33,144.405286343612
"CAH",2023-08-07,"CAH-14B","Garden","Late","2023",0.8195,0.005675,61,0.301896435224753,0.04,NA,NA,NA,NA,144.405286343612
"CAH",2023-08-15,"CAH-14B","Garden","Late","2023",0.8195,0.005675,61,0.301896435224753,0.07,NA,NA,NA,NA,144.405286343612
"CAH",2023-05-31,"CAH-5C","Garden","Early","2023",1.14725,0.006,56,0.266701329030331,0.12,NA,NA,27,16,191.208333333333
"CAH",2023-06-05,"CAH-5C","Garden","Early","2023",1.14725,0.006,56,0.266701329030331,0.07,NA,NA,NA,NA,191.208333333333
"CAH",2023-06-12,"CAH-5C","Garden","Early","2023",1.14725,0.006,56,0.266701329030331,0.05,NA,NA,18,16,191.208333333333
"CAH",2023-06-20,"CAH-5C","Garden","Mid","2023",1.14725,0.006,56,0.266701329030331,0.05,0,0,NA,NA,191.208333333333
"CAH",2023-06-29,"CAH-5C","Garden","Mid","2023",1.14725,0.006,56,0.266701329030331,0.01,NA,NA,23,20,191.208333333333
"CAH",2023-07-03,"CAH-5C","Garden","Mid","2023",1.14725,0.006,56,0.266701329030331,0.06,NA,NA,NA,NA,191.208333333333
"CAH",2023-07-10,"CAH-5C","Garden","Mid","2023",1.14725,0.006,56,0.266701329030331,0.01,NA,NA,NA,NA,191.208333333333
"CAH",2023-07-17,"CAH-5C","Garden","Late","2023",1.14725,0.006,56,0.266701329030331,0.02,NA,NA,34,23,191.208333333333
"CAH",2023-07-28,"CAH-5C","Garden","Late","2023",1.14725,0.006,56,0.266701329030331,0.03,NA,NA,NA,NA,191.208333333333
"CAH",2023-08-03,"CAH-5C","Garden","Late","2023",1.14725,0.006,56,0.266701329030331,0.03,NA,NA,22,26,191.208333333333
"CAH",2023-08-07,"CAH-5C","Garden","Late","2023",1.14725,0.006,56,0.266701329030331,0.1,NA,NA,NA,NA,191.208333333333
"CAH",2023-08-15,"CAH-5C","Garden","Late","2023",1.14725,0.006,56,0.266701329030331,0.25,NA,NA,NA,NA,191.208333333333
"CAH",2023-05-31,"CAH-8A","Garden","Early","2023",0.997,0.00595,100.25,0.0803196491230874,0.04,NA,NA,26,22,167.563025210084
"CAH",2023-06-05,"CAH-8A","Garden","Early","2023",0.997,0.00595,100.25,0.0803196491230874,0.04,NA,NA,NA,NA,167.563025210084
"CAH",2023-06-12,"CAH-8A","Garden","Early","2023",0.997,0.00595,100.25,0.0803196491230874,0.06,NA,NA,28,20,167.563025210084
"CAH",2023-06-20,"CAH-8A","Garden","Mid","2023",0.997,0.00595,100.25,0.0803196491230874,0.15,0,0,NA,NA,167.563025210084
"CAH",2023-06-29,"CAH-8A","Garden","Mid","2023",0.997,0.00595,100.25,0.0803196491230874,0.05,NA,NA,32,23,167.563025210084
"CAH",2023-07-03,"CAH-8A","Garden","Mid","2023",0.997,0.00595,100.25,0.0803196491230874,0.05,NA,NA,NA,NA,167.563025210084
"CAH",2023-07-10,"CAH-8A","Garden","Mid","2023",0.997,0.00595,100.25,0.0803196491230874,0.05,NA,NA,NA,NA,167.563025210084
"CAH",2023-07-17,"CAH-8A","Garden","Late","2023",0.997,0.00595,100.25,0.0803196491230874,0.07,NA,NA,27,23,167.563025210084
"CAH",2023-07-28,"CAH-8A","Garden","Late","2023",0.997,0.00595,100.25,0.0803196491230874,0.02,NA,NA,NA,NA,167.563025210084
"CAH",2023-08-03,"CAH-8A","Garden","Late","2023",0.997,0.00595,100.25,0.0803196491230874,0.05,NA,NA,32,21,167.563025210084
"CAH",2023-08-07,"CAH-8A","Garden","Late","2023",0.997,0.00595,100.25,0.0803196491230874,0.07,NA,NA,NA,NA,167.563025210084
"CAH",2023-08-15,"CAH-8A","Garden","Late","2023",0.997,0.00595,100.25,0.0803196491230874,0.15,NA,NA,NA,NA,167.563025210084
"CAH",2023-06-05,"CAH-8C","Garden","Early","2023",0.60575,0.004875,65.75,0.049683255577882,0.05,NA,NA,NA,NA,124.25641025641
"CAH",2023-06-12,"CAH-8C","Garden","Early","2023",0.60575,0.004875,65.75,0.049683255577882,0.6,NA,NA,20,18,124.25641025641
"CAH",2023-06-20,"CAH-8C","Garden","Mid","2023",0.60575,0.004875,65.75,0.049683255577882,0.35,0,0,NA,NA,124.25641025641
"CAH",2023-06-29,"CAH-8C","Garden","Mid","2023",0.60575,0.004875,65.75,0.049683255577882,0.35,NA,NA,49,16,124.25641025641
"CAH",2023-07-03,"CAH-8C","Garden","Mid","2023",0.60575,0.004875,65.75,0.049683255577882,0.15,NA,NA,NA,NA,124.25641025641
"CAH",2023-07-10,"CAH-8C","Garden","Mid","2023",0.60575,0.004875,65.75,0.049683255577882,0.02,NA,NA,NA,NA,124.25641025641
"CAH",2023-07-17,"CAH-8C","Garden","Late","2023",0.60575,0.004875,65.75,0.049683255577882,0.3,NA,NA,48,17,124.25641025641
"CAH",2023-07-28,"CAH-8C","Garden","Late","2023",0.60575,0.004875,65.75,0.049683255577882,0.25,NA,NA,NA,NA,124.25641025641
"CAH",2023-08-03,"CAH-8C","Garden","Late","2023",0.60575,0.004875,65.75,0.049683255577882,0.01,NA,NA,37,18,124.25641025641
"CAH",2023-08-07,"CAH-8C","Garden","Late","2023",0.60575,0.004875,65.75,0.049683255577882,0.03,NA,NA,NA,NA,124.25641025641
"CAH",2023-08-15,"CAH-8C","Garden","Late","2023",0.60575,0.004875,65.75,0.049683255577882,0.06,NA,NA,NA,NA,124.25641025641
"CAH",2023-06-05,"CAH-8E","Garden","Early","2023",0.675,0.00455,71.25,0.0745420888713643,0.02,NA,NA,NA,NA,148.351648351648
"CAH",2023-06-12,"CAH-8E","Garden","Early","2023",0.675,0.00455,71.25,0.0745420888713643,0.1,NA,NA,29,18,148.351648351648
"CAH",2023-06-20,"CAH-8E","Garden","Mid","2023",0.675,0.00455,71.25,0.0745420888713643,0.3,0,0,NA,NA,148.351648351648
"CAH",2023-06-29,"CAH-8E","Garden","Mid","2023",0.675,0.00455,71.25,0.0745420888713643,0.05,NA,NA,33,23,148.351648351648
"CAH",2023-07-03,"CAH-8E","Garden","Mid","2023",0.675,0.00455,71.25,0.0745420888713643,0.08,NA,NA,NA,NA,148.351648351648
"CAH",2023-07-10,"CAH-8E","Garden","Mid","2023",0.675,0.00455,71.25,0.0745420888713643,0.25,NA,NA,NA,NA,148.351648351648
"CAH",2023-07-17,"CAH-8E","Garden","Late","2023",0.675,0.00455,71.25,0.0745420888713643,0.05,NA,NA,33,28,148.351648351648
"CAH",2023-07-28,"CAH-8E","Garden","Late","2023",0.675,0.00455,71.25,0.0745420888713643,0.07,NA,NA,NA,NA,148.351648351648
"CAH",2023-08-03,"CAH-8E","Garden","Late","2023",0.675,0.00455,71.25,0.0745420888713643,0.55,NA,NA,24,26,148.351648351648
"CAH",2023-08-07,"CAH-8E","Garden","Late","2023",0.675,0.00455,71.25,0.0745420888713643,0.12,NA,NA,NA,NA,148.351648351648
"CAH",2023-08-15,"CAH-8E","Garden","Late","2023",0.675,0.00455,71.25,0.0745420888713643,0.2,NA,NA,NA,NA,148.351648351648
"DUDU",2023-05-31,"DUDU-1A","Garden","Early","2023",1.481,0.009775,63.5,0.381290477812473,0.1,NA,NA,29,26,151.50895140665
"DUDU",2023-06-05,"DUDU-1A","Garden","Early","2023",1.481,0.009775,63.5,0.381290477812473,0.15,NA,NA,NA,NA,151.50895140665
"DUDU",2023-06-12,"DUDU-1A","Garden","Early","2023",1.481,0.009775,63.5,0.381290477812473,0.2,NA,NA,27,24,151.50895140665
"DUDU",2023-06-20,"DUDU-1A","Garden","Mid","2023",1.481,0.009775,63.5,0.381290477812473,0.05,0,0,NA,NA,151.50895140665
"DUDU",2023-06-29,"DUDU-1A","Garden","Mid","2023",1.481,0.009775,63.5,0.381290477812473,0.13,NA,2,35,28,151.50895140665
"DUDU",2023-07-03,"DUDU-1A","Garden","Mid","2023",1.481,0.009775,63.5,0.381290477812473,0.07,NA,2,NA,NA,151.50895140665
"DUDU",2023-07-10,"DUDU-1A","Garden","Mid","2023",1.481,0.009775,63.5,0.381290477812473,0.02,NA,NA,NA,NA,151.50895140665
"DUDU",2023-07-17,"DUDU-1A","Garden","Late","2023",1.481,0.009775,63.5,0.381290477812473,0.07,NA,NA,36,28,151.50895140665
"DUDU",2023-07-28,"DUDU-1A","Garden","Late","2023",1.481,0.009775,63.5,0.381290477812473,0.03,NA,NA,NA,NA,151.50895140665
"DUDU",2023-08-03,"DUDU-1A","Garden","Late","2023",1.481,0.009775,63.5,0.381290477812473,0.02,NA,NA,34,24,151.50895140665
"DUDU",2023-08-07,"DUDU-1A","Garden","Late","2023",1.481,0.009775,63.5,0.381290477812473,0.04,NA,NA,NA,NA,151.50895140665
"DUDU",2023-08-15,"DUDU-1A","Garden","Late","2023",1.481,0.009775,63.5,0.381290477812473,0.18,NA,NA,NA,NA,151.50895140665
"DUDU",2023-06-20,"DUDU-1C","Garden","Mid","2023",1.5255,0.01,48.5,0.453988096275411,0,0,0,NA,NA,152.55
"DUDU",2023-07-10,"DUDU-1C","Garden","Mid","2023",1.5255,0.01,48.5,0.453988096275411,0.01,NA,NA,NA,NA,152.55
"DUDU",2023-07-17,"DUDU-1C","Garden","Late","2023",1.5255,0.01,48.5,0.453988096275411,0.02,NA,NA,10,18,152.55
"DUDU",2023-07-28,"DUDU-1C","Garden","Late","2023",1.5255,0.01,48.5,0.453988096275411,0.02,NA,NA,NA,NA,152.55
"DUDU",2023-08-03,"DUDU-1C","Garden","Late","2023",1.5255,0.01,48.5,0.453988096275411,0.01,NA,NA,11,20,152.55
"DUDU",2023-08-07,"DUDU-1C","Garden","Late","2023",1.5255,0.01,48.5,0.453988096275411,0.02,NA,NA,NA,NA,152.55
"DUDU",2023-08-15,"DUDU-1C","Garden","Late","2023",1.5255,0.01,48.5,0.453988096275411,0.04,NA,NA,NA,NA,152.55
"DUDU",2023-06-05,"DUDU-3D","Garden","Early","2023",1.3985,0.0084,62,0.556557767327506,0.3,NA,NA,NA,NA,166.488095238095
"DUDU",2023-06-12,"DUDU-3D","Garden","Early","2023",1.3985,0.0084,62,0.556557767327506,0.07,NA,NA,5,6,166.488095238095
"DUDU",2023-06-20,"DUDU-3D","Garden","Mid","2023",1.3985,0.0084,62,0.556557767327506,0.25,0,0,NA,NA,166.488095238095
"DUDU",2023-08-07,"DUDU-3D","Garden","Late","2023",1.3985,0.0084,62,0.556557767327506,0.01,NA,NA,NA,NA,166.488095238095
"DUDU",2023-08-15,"DUDU-3D","Garden","Late","2023",1.3985,0.0084,62,0.556557767327506,0.78,NA,NA,NA,NA,166.488095238095
"DUDU",2023-06-20,"DUDU-7A","Garden","Mid","2023",1.018,0.0061,52.75,0.352706100687951,0,0,0,NA,NA,166.885245901639
"DUDU",2023-07-28,"DUDU-7A","Garden","Late","2023",1.018,0.0061,52.75,0.352706100687951,0.15,NA,NA,NA,NA,166.885245901639
"DUDU",2023-08-03,"DUDU-7A","Garden","Late","2023",1.018,0.0061,52.75,0.352706100687951,0.01,NA,NA,23,20,166.885245901639
"DUDU",2023-08-07,"DUDU-7A","Garden","Late","2023",1.018,0.0061,52.75,0.352706100687951,0.07,NA,NA,NA,NA,166.885245901639
"DUDU",2023-08-15,"DUDU-7A","Garden","Late","2023",1.018,0.0061,52.75,0.352706100687951,0.07,NA,NA,NA,NA,166.885245901639
"DUDU",2023-06-05,"DUDU-7C","Garden","Early","2023",0.59225,0.003175,65.25,0.123810612794304,0.23,NA,NA,NA,NA,186.535433070866
"DUDU",2023-06-12,"DUDU-7C","Garden","Early","2023",0.59225,0.003175,65.25,0.123810612794304,0.01,NA,NA,5,6,186.535433070866
"DUDU",2023-06-20,"DUDU-7C","Garden","Mid","2023",0.59225,0.003175,65.25,0.123810612794304,0.1,0,0,NA,NA,186.535433070866
"DUDU",2023-06-29,"DUDU-7C","Garden","Mid","2023",0.59225,0.003175,65.25,0.123810612794304,0.01,NA,NA,11,7,186.535433070866
"DUDU",2023-07-03,"DUDU-7C","Garden","Mid","2023",0.59225,0.003175,65.25,0.123810612794304,0.03,NA,NA,NA,NA,186.535433070866
"DUDU",2023-07-10,"DUDU-7C","Garden","Mid","2023",0.59225,0.003175,65.25,0.123810612794304,0.01,NA,NA,NA,NA,186.535433070866
"DUDU",2023-07-17,"DUDU-7C","Garden","Late","2023",0.59225,0.003175,65.25,0.123810612794304,0.01,NA,NA,13,11,186.535433070866
"DUDU",2023-07-28,"DUDU-7C","Garden","Late","2023",0.59225,0.003175,65.25,0.123810612794304,0.03,NA,NA,NA,NA,186.535433070866
"DUDU",2023-08-03,"DUDU-7C","Garden","Late","2023",0.59225,0.003175,65.25,0.123810612794304,0.01,NA,NA,12,9,186.535433070866
"DUDU",2023-08-07,"DUDU-7C","Garden","Late","2023",0.59225,0.003175,65.25,0.123810612794304,0.01,NA,NA,NA,NA,186.535433070866
"DUDU",2023-08-15,"DUDU-7C","Garden","Late","2023",0.59225,0.003175,65.25,0.123810612794304,0.01,NA,NA,NA,NA,186.535433070866
"DUDU",2023-06-05,"DUDU-7E","Garden","Early","2023",0.846,0.00555,70.25,0.112232480590325,0.1,NA,NA,NA,NA,152.432432432432
"DUDU",2023-06-20,"DUDU-7E","Garden","Mid","2023",0.846,0.00555,70.25,0.112232480590325,0.01,0,0,NA,NA,152.432432432432
"DUDU",2023-06-29,"DUDU-7E","Garden","Mid","2023",0.846,0.00555,70.25,0.112232480590325,0.01,NA,NA,16,12,152.432432432432
"DUDU",2023-07-03,"DUDU-7E","Garden","Mid","2023",0.846,0.00555,70.25,0.112232480590325,0.01,NA,NA,NA,NA,152.432432432432
"DUDU",2023-07-17,"DUDU-7E","Garden","Late","2023",0.846,0.00555,70.25,0.112232480590325,0.02,1,NA,20,8,152.432432432432
"DUDU",2023-07-28,"DUDU-7E","Garden","Late","2023",0.846,0.00555,70.25,0.112232480590325,0.01,NA,NA,NA,NA,152.432432432432
"DUDU",2023-08-07,"DUDU-7E","Garden","Late","2023",0.846,0.00555,70.25,0.112232480590325,0.02,NA,NA,NA,NA,152.432432432432
"DUDU",2023-08-15,"DUDU-7E","Garden","Late","2023",0.846,0.00555,70.25,0.112232480590325,0.15,NA,NA,NA,NA,152.432432432432
"FLAT",2023-05-31,"FLAT-1A","Garden","Early","2023",0.842,0.005175,125.75,0.884213919586062,0.06,NA,NA,21,17,162.705314009662
"FLAT",2023-06-05,"FLAT-1A","Garden","Early","2023",0.842,0.005175,125.75,0.884213919586062,0.25,NA,NA,NA,NA,162.705314009662
"FLAT",2023-06-12,"FLAT-1A","Garden","Early","2023",0.842,0.005175,125.75,0.884213919586062,0.7,NA,NA,11,17,162.705314009662
"FLAT",2023-06-20,"FLAT-1A","Garden","Mid","2023",0.842,0.005175,125.75,0.884213919586062,0.45,0,0,NA,NA,162.705314009662
"FLAT",2023-06-29,"FLAT-1A","Garden","Mid","2023",0.842,0.005175,125.75,0.884213919586062,0.18,NA,NA,34,20,162.705314009662
"FLAT",2023-07-03,"FLAT-1A","Garden","Mid","2023",0.842,0.005175,125.75,0.884213919586062,0.04,NA,NA,NA,NA,162.705314009662
"FLAT",2023-07-10,"FLAT-1A","Garden","Mid","2023",0.842,0.005175,125.75,0.884213919586062,0.01,NA,NA,NA,NA,162.705314009662
"FLAT",2023-07-17,"FLAT-1A","Garden","Late","2023",0.842,0.005175,125.75,0.884213919586062,0.18,NA,NA,47,26,162.705314009662
"FLAT",2023-07-28,"FLAT-1A","Garden","Late","2023",0.842,0.005175,125.75,0.884213919586062,0.03,NA,NA,NA,NA,162.705314009662
"FLAT",2023-08-03,"FLAT-1A","Garden","Late","2023",0.842,0.005175,125.75,0.884213919586062,0.1,NA,NA,35,24,162.705314009662
"FLAT",2023-08-07,"FLAT-1A","Garden","Late","2023",0.842,0.005175,125.75,0.884213919586062,0.03,NA,NA,NA,NA,162.705314009662
"FLAT",2023-08-15,"FLAT-1A","Garden","Late","2023",0.842,0.005175,125.75,0.884213919586062,0.08,NA,NA,NA,NA,162.705314009662
"FLAT",2023-05-31,"FLAT-1B","Garden","Early","2023",0.70475,0.00225,53.75,0.77917444699828,0.8,NA,NA,8,6,313.222222222222
"FLAT",2023-06-05,"FLAT-1B","Garden","Early","2023",0.70475,0.00225,53.75,0.77917444699828,0.65,NA,NA,NA,NA,313.222222222222
"FLAT",2023-06-12,"FLAT-1B","Garden","Early","2023",0.70475,0.00225,53.75,0.77917444699828,0.6,NA,NA,11,9,313.222222222222
"FLAT",2023-06-20,"FLAT-1B","Garden","Mid","2023",0.70475,0.00225,53.75,0.77917444699828,0.38,0,0,NA,NA,313.222222222222
"FLAT",2023-06-29,"FLAT-1B","Garden","Mid","2023",0.70475,0.00225,53.75,0.77917444699828,0.18,NA,NA,16,18,313.222222222222
"FLAT",2023-07-03,"FLAT-1B","Garden","Mid","2023",0.70475,0.00225,53.75,0.77917444699828,0.03,NA,NA,NA,NA,313.222222222222
"FLAT",2023-07-28,"FLAT-1B","Garden","Late","2023",0.70475,0.00225,53.75,0.77917444699828,0.05,NA,NA,NA,NA,313.222222222222
"FLAT",2023-08-03,"FLAT-1B","Garden","Late","2023",0.70475,0.00225,53.75,0.77917444699828,0.85,NA,NA,12,25,313.222222222222
"FLAT",2023-08-15,"FLAT-1B","Garden","Late","2023",0.70475,0.00225,53.75,0.77917444699828,0.01,NA,NA,NA,NA,313.222222222222
"FLAT",2023-06-20,"FLAT-3A","Garden","Mid","2023",0.85575,0.0042,66.75,0.902502681689891,0,0,0,NA,NA,203.75
"FLAT",2023-07-10,"FLAT-3A","Garden","Mid","2023",0.85575,0.0042,66.75,0.902502681689891,0.01,NA,NA,NA,NA,203.75
"FLAT",2023-07-28,"FLAT-3A","Garden","Late","2023",0.85575,0.0042,66.75,0.902502681689891,0.03,NA,NA,NA,NA,203.75
"FLAT",2023-08-07,"FLAT-3A","Garden","Late","2023",0.85575,0.0042,66.75,0.902502681689891,0.02,NA,NA,NA,NA,203.75
"FLAT",2023-08-15,"FLAT-3A","Garden","Late","2023",0.85575,0.0042,66.75,0.902502681689891,0.01,NA,NA,NA,NA,203.75
"FLAT",2023-05-31,"FLAT-5A","Garden","Early","2023",1.42025,0.0081,106.25,0.805525905465599,0.07,NA,NA,13,12,175.33950617284
"FLAT",2023-06-05,"FLAT-5A","Garden","Early","2023",1.42025,0.0081,106.25,0.805525905465599,0.1,NA,NA,NA,NA,175.33950617284
"FLAT",2023-06-12,"FLAT-5A","Garden","Early","2023",1.42025,0.0081,106.25,0.805525905465599,0.05,NA,NA,15,15,175.33950617284
"FLAT",2023-06-20,"FLAT-5A","Garden","Mid","2023",1.42025,0.0081,106.25,0.805525905465599,0.18,0,0,NA,NA,175.33950617284
"FLAT",2023-06-29,"FLAT-5A","Garden","Mid","2023",1.42025,0.0081,106.25,0.805525905465599,0.12,NA,NA,28,22,175.33950617284
"FLAT",2023-07-03,"FLAT-5A","Garden","Mid","2023",1.42025,0.0081,106.25,0.805525905465599,0.03,NA,NA,NA,NA,175.33950617284
"FLAT",2023-07-10,"FLAT-5A","Garden","Mid","2023",1.42025,0.0081,106.25,0.805525905465599,0.01,NA,NA,NA,NA,175.33950617284
"FLAT",2023-07-17,"FLAT-5A","Garden","Late","2023",1.42025,0.0081,106.25,0.805525905465599,0.35,NA,NA,32,23,175.33950617284
"FLAT",2023-07-28,"FLAT-5A","Garden","Late","2023",1.42025,0.0081,106.25,0.805525905465599,0.05,NA,NA,NA,NA,175.33950617284
"FLAT",2023-08-03,"FLAT-5A","Garden","Late","2023",1.42025,0.0081,106.25,0.805525905465599,0.5,NA,NA,19,20,175.33950617284
"FLAT",2023-08-07,"FLAT-5A","Garden","Late","2023",1.42025,0.0081,106.25,0.805525905465599,0.08,NA,NA,NA,NA,175.33950617284
"FLAT",2023-08-15,"FLAT-5A","Garden","Late","2023",1.42025,0.0081,106.25,0.805525905465599,0.18,NA,NA,NA,NA,175.33950617284
"HIX",2023-05-31,"HIX-1D","Garden","Early","2023",1.06275,0.005875,93,0.302455922346341,0.05,NA,NA,7,8,180.893617021277
"HIX",2023-06-05,"HIX-1D","Garden","Early","2023",1.06275,0.005875,93,0.302455922346341,0.02,NA,NA,NA,NA,180.893617021277
"HIX",2023-06-12,"HIX-1D","Garden","Early","2023",1.06275,0.005875,93,0.302455922346341,0.03,NA,NA,10,8,180.893617021277
"HIX",2023-06-20,"HIX-1D","Garden","Mid","2023",1.06275,0.005875,93,0.302455922346341,0.01,0,0,NA,NA,180.893617021277
"HIX",2023-07-03,"HIX-1D","Garden","Mid","2023",1.06275,0.005875,93,0.302455922346341,0.01,NA,NA,NA,NA,180.893617021277
"HIX",2023-07-10,"HIX-1D","Garden","Mid","2023",1.06275,0.005875,93,0.302455922346341,0.01,NA,2,NA,NA,180.893617021277
"HIX",2023-07-17,"HIX-1D","Garden","Late","2023",1.06275,0.005875,93,0.302455922346341,0.01,NA,3,24,19,180.893617021277
"HIX",2023-08-07,"HIX-1D","Garden","Late","2023",1.06275,0.005875,93,0.302455922346341,0.01,NA,NA,NA,NA,180.893617021277
"HIX",2023-08-15,"HIX-1D","Garden","Late","2023",1.06275,0.005875,93,0.302455922346341,0.07,NA,NA,NA,NA,180.893617021277
"HIX",2023-06-20,"HIX-1E","Garden","Mid","2023",1.0155,0.00575,91.75,0.304767673971015,0,0,0,NA,NA,176.608695652174
"HIX",2023-06-29,"HIX-1E","Garden","Mid","2023",1.0155,0.00575,91.75,0.304767673971015,0.02,NA,1,18,20,176.608695652174
"HIX",2023-07-03,"HIX-1E","Garden","Mid","2023",1.0155,0.00575,91.75,0.304767673971015,0.01,NA,NA,NA,NA,176.608695652174
"HIX",2023-07-10,"HIX-1E","Garden","Mid","2023",1.0155,0.00575,91.75,0.304767673971015,0.01,3,NA,NA,NA,176.608695652174
"HIX",2023-07-28,"HIX-1E","Garden","Late","2023",1.0155,0.00575,91.75,0.304767673971015,0.01,NA,NA,NA,NA,176.608695652174
"HIX",2023-08-03,"HIX-1E","Garden","Late","2023",1.0155,0.00575,91.75,0.304767673971015,0.02,NA,NA,22,15,176.608695652174
"HIX",2023-08-07,"HIX-1E","Garden","Late","2023",1.0155,0.00575,91.75,0.304767673971015,0.02,NA,NA,NA,NA,176.608695652174
"HIX",2023-08-15,"HIX-1E","Garden","Late","2023",1.0155,0.00575,91.75,0.304767673971015,0.18,NA,NA,NA,NA,176.608695652174
"HIX",2023-05-31,"HIX-1G","Garden","Early","2023",1.14675,0.0061,88.75,0.370529781766365,0.01,NA,NA,13,8,187.991803278689
"HIX",2023-06-05,"HIX-1G","Garden","Early","2023",1.14675,0.0061,88.75,0.370529781766365,0.1,NA,NA,NA,NA,187.991803278689
"HIX",2023-06-12,"HIX-1G","Garden","Early","2023",1.14675,0.0061,88.75,0.370529781766365,0.35,NA,NA,15,7,187.991803278689
"HIX",2023-06-20,"HIX-1G","Garden","Mid","2023",1.14675,0.0061,88.75,0.370529781766365,0.4,0,0,NA,NA,187.991803278689
"HIX",2023-06-29,"HIX-1G","Garden","Mid","2023",1.14675,0.0061,88.75,0.370529781766365,0.35,NA,NA,20,15,187.991803278689
"HIX",2023-07-03,"HIX-1G","Garden","Mid","2023",1.14675,0.0061,88.75,0.370529781766365,0.05,NA,NA,NA,NA,187.991803278689
"HIX",2023-07-10,"HIX-1G","Garden","Mid","2023",1.14675,0.0061,88.75,0.370529781766365,0.02,NA,NA,NA,NA,187.991803278689
"HIX",2023-07-17,"HIX-1G","Garden","Late","2023",1.14675,0.0061,88.75,0.370529781766365,0.02,NA,2,17,21,187.991803278689
"HIX",2023-07-28,"HIX-1G","Garden","Late","2023",1.14675,0.0061,88.75,0.370529781766365,0.03,3,NA,NA,NA,187.991803278689
"HIX",2023-08-03,"HIX-1G","Garden","Late","2023",1.14675,0.0061,88.75,0.370529781766365,0.05,NA,NA,24,23,187.991803278689
"HIX",2023-08-07,"HIX-1G","Garden","Late","2023",1.14675,0.0061,88.75,0.370529781766365,0.04,NA,NA,NA,NA,187.991803278689
"HIX",2023-08-15,"HIX-1G","Garden","Late","2023",1.14675,0.0061,88.75,0.370529781766365,0.4,NA,NA,NA,NA,187.991803278689
"HIX",2023-06-20,"HIX-3E","Garden","Mid","2023",0.807,0.004725,67.5,0.517826105878795,0,0,0,NA,NA,170.793650793651
"HIX",2023-07-10,"HIX-3E","Garden","Mid","2023",0.807,0.004725,67.5,0.517826105878795,0.01,NA,1,NA,NA,170.793650793651
"HIX",2023-07-17,"HIX-3E","Garden","Late","2023",0.807,0.004725,67.5,0.517826105878795,0.07,NA,2,19,22,170.793650793651
"HIX",2023-07-28,"HIX-3E","Garden","Late","2023",0.807,0.004725,67.5,0.517826105878795,0.02,NA,NA,NA,NA,170.793650793651
"HIX",2023-08-03,"HIX-3E","Garden","Late","2023",0.807,0.004725,67.5,0.517826105878795,0.4,NA,NA,23,18,170.793650793651
"HIX",2023-08-07,"HIX-3E","Garden","Late","2023",0.807,0.004725,67.5,0.517826105878795,0.15,NA,NA,NA,NA,170.793650793651
"HIX",2023-08-15,"HIX-3E","Garden","Late","2023",0.807,0.004725,67.5,0.517826105878795,0.15,NA,NA,NA,NA,170.793650793651
"I1",2023-06-05,"I1-3B","Garden","Early","2023",0.60325,0.0026,54.75,0.737360222668245,0.65,NA,NA,NA,NA,232.019230769231
"I1",2023-06-20,"I1-3B","Garden","Mid","2023",0.60325,0.0026,54.75,0.737360222668245,0,0,0,NA,NA,232.019230769231
"I1",2023-07-28,"I1-3B","Garden","Late","2023",0.60325,0.0026,54.75,0.737360222668245,0.03,NA,NA,NA,NA,232.019230769231
"I1",2023-08-03,"I1-3B","Garden","Late","2023",0.60325,0.0026,54.75,0.737360222668245,0.01,NA,NA,12,13,232.019230769231
"I1",2023-08-07,"I1-3B","Garden","Late","2023",0.60325,0.0026,54.75,0.737360222668245,0.05,NA,NA,NA,NA,232.019230769231
"I1",2023-08-15,"I1-3B","Garden","Late","2023",0.60325,0.0026,54.75,0.737360222668245,0.35,NA,NA,NA,NA,232.019230769231
"I1",2023-06-20,"I1-5B","Garden","Mid","2023",0.85675,0.005175,87.5,1.15014042425883,0,0,0,NA,NA,165.555555555556
"I1",2023-07-17,"I1-5B","Garden","Late","2023",0.85675,0.005175,87.5,1.15014042425883,0.02,NA,NA,15,11,165.555555555556
"I1",2023-07-28,"I1-5B","Garden","Late","2023",0.85675,0.005175,87.5,1.15014042425883,0.04,NA,NA,NA,NA,165.555555555556
"I1",2023-08-03,"I1-5B","Garden","Late","2023",0.85675,0.005175,87.5,1.15014042425883,0.02,NA,NA,25,13,165.555555555556
"I1",2023-08-07,"I1-5B","Garden","Late","2023",0.85675,0.005175,87.5,1.15014042425883,0.03,NA,NA,NA,NA,165.555555555556
"I1",2023-08-15,"I1-5B","Garden","Late","2023",0.85675,0.005175,87.5,1.15014042425883,0.08,NA,NA,NA,NA,165.555555555556
"I1",2023-05-31,"I1-6A","Garden","Early","2023",1.18525,0.00655,54.25,0.353371726948876,0.04,NA,NA,11,14,180.954198473282
"I1",2023-06-05,"I1-6A","Garden","Early","2023",1.18525,0.00655,54.25,0.353371726948876,0.02,NA,NA,NA,NA,180.954198473282
"I1",2023-06-20,"I1-6A","Garden","Mid","2023",1.18525,0.00655,54.25,0.353371726948876,0.01,0,0,NA,NA,180.954198473282
"I1",2023-06-29,"I1-6A","Garden","Mid","2023",1.18525,0.00655,54.25,0.353371726948876,0.05,NA,NA,26,19,180.954198473282
"I1",2023-07-03,"I1-6A","Garden","Mid","2023",1.18525,0.00655,54.25,0.353371726948876,0.02,NA,NA,NA,NA,180.954198473282
"I1",2023-07-10,"I1-6A","Garden","Mid","2023",1.18525,0.00655,54.25,0.353371726948876,0.02,NA,NA,NA,NA,180.954198473282
"I1",2023-07-17,"I1-6A","Garden","Late","2023",1.18525,0.00655,54.25,0.353371726948876,0.03,NA,NA,37,20,180.954198473282
"I1",2023-07-28,"I1-6A","Garden","Late","2023",1.18525,0.00655,54.25,0.353371726948876,0.03,NA,NA,NA,NA,180.954198473282
"I1",2023-08-03,"I1-6A","Garden","Late","2023",1.18525,0.00655,54.25,0.353371726948876,0.02,NA,NA,45,20,180.954198473282
"I1",2023-08-07,"I1-6A","Garden","Late","2023",1.18525,0.00655,54.25,0.353371726948876,0.02,NA,NA,NA,NA,180.954198473282
"I1",2023-08-15,"I1-6A","Garden","Late","2023",1.18525,0.00655,54.25,0.353371726948876,0.07,NA,NA,NA,NA,180.954198473282
"I2",2023-05-31,"I2-1A","Garden","Early","2023",1.1055,0.0076,88,0.466644166093799,0.03,NA,NA,8,11,145.460526315789
"I2",2023-06-05,"I2-1A","Garden","Early","2023",1.1055,0.0076,88,0.466644166093799,0.2,NA,NA,NA,NA,145.460526315789
"I2",2023-06-20,"I2-1A","Garden","Mid","2023",1.1055,0.0076,88,0.466644166093799,0.13,0,0,NA,NA,145.460526315789
"I2",2023-06-29,"I2-1A","Garden","Mid","2023",1.1055,0.0076,88,0.466644166093799,0.4,NA,NA,26,18,145.460526315789
"I2",2023-07-03,"I2-1A","Garden","Mid","2023",1.1055,0.0076,88,0.466644166093799,0.03,NA,NA,NA,NA,145.460526315789
"I2",2023-07-10,"I2-1A","Garden","Mid","2023",1.1055,0.0076,88,0.466644166093799,0.01,NA,NA,NA,NA,145.460526315789
"I2",2023-07-17,"I2-1A","Garden","Late","2023",1.1055,0.0076,88,0.466644166093799,0.1,NA,NA,42,20,145.460526315789
"I2",2023-08-03,"I2-1A","Garden","Late","2023",1.1055,0.0076,88,0.466644166093799,0.02,NA,NA,29,21,145.460526315789
"I2",2023-08-07,"I2-1A","Garden","Late","2023",1.1055,0.0076,88,0.466644166093799,0.03,NA,NA,NA,NA,145.460526315789
"I2",2023-08-15,"I2-1A","Garden","Late","2023",1.1055,0.0076,88,0.466644166093799,0.08,NA,NA,NA,NA,145.460526315789
"I2",2023-05-31,"I2-1B","Garden","Early","2023",0.9405,0.004425,107.5,0.414534093699451,0.15,NA,NA,9,10,212.542372881356
"I2",2023-06-12,"I2-1B","Garden","Early","2023",0.9405,0.004425,107.5,0.414534093699451,0.3,NA,NA,11,11,212.542372881356
"I2",2023-06-20,"I2-1B","Garden","Mid","2023",0.9405,0.004425,107.5,0.414534093699451,0.75,0,0,NA,NA,212.542372881356
"I2",2023-07-03,"I2-1B","Garden","Mid","2023",0.9405,0.004425,107.5,0.414534093699451,0.03,NA,NA,NA,NA,212.542372881356
"I2",2023-07-10,"I2-1B","Garden","Mid","2023",0.9405,0.004425,107.5,0.414534093699451,0.8,NA,NA,NA,NA,212.542372881356
"I2",2023-07-17,"I2-1B","Garden","Late","2023",0.9405,0.004425,107.5,0.414534093699451,0.85,NA,NA,25,17,212.542372881356
"I2",2023-07-28,"I2-1B","Garden","Late","2023",0.9405,0.004425,107.5,0.414534093699451,0.07,NA,NA,NA,NA,212.542372881356
"I2",2023-08-07,"I2-1B","Garden","Late","2023",0.9405,0.004425,107.5,0.414534093699451,0.02,NA,NA,NA,NA,212.542372881356
"I2",2023-08-15,"I2-1B","Garden","Late","2023",0.9405,0.004425,107.5,0.414534093699451,0.12,NA,NA,NA,NA,212.542372881356
"I2",2023-05-31,"I2-7B","Garden","Early","2023",0.93325,0.00485,120,0.596379064252249,0.05,NA,NA,22,10,192.422680412371
"I2",2023-06-05,"I2-7B","Garden","Early","2023",0.93325,0.00485,120,0.596379064252249,0.03,NA,NA,NA,NA,192.422680412371
"I2",2023-06-20,"I2-7B","Garden","Mid","2023",0.93325,0.00485,120,0.596379064252249,0.07,0,0,NA,NA,192.422680412371
"I2",2023-06-29,"I2-7B","Garden","Mid","2023",0.93325,0.00485,120,0.596379064252249,0.12,NA,NA,42,18,192.422680412371
"I2",2023-07-03,"I2-7B","Garden","Mid","2023",0.93325,0.00485,120,0.596379064252249,0.01,NA,NA,NA,NA,192.422680412371
"I2",2023-07-10,"I2-7B","Garden","Mid","2023",0.93325,0.00485,120,0.596379064252249,0.05,NA,NA,NA,NA,192.422680412371
"I2",2023-07-17,"I2-7B","Garden","Late","2023",0.93325,0.00485,120,0.596379064252249,0.1,NA,NA,37,16,192.422680412371
"I2",2023-07-28,"I2-7B","Garden","Late","2023",0.93325,0.00485,120,0.596379064252249,0.15,NA,NA,NA,NA,192.422680412371
"I2",2023-08-07,"I2-7B","Garden","Late","2023",0.93325,0.00485,120,0.596379064252249,0.02,NA,NA,NA,NA,192.422680412371
"I2",2023-08-15,"I2-7B","Garden","Late","2023",0.93325,0.00485,120,0.596379064252249,0.12,NA,NA,NA,NA,192.422680412371
"I3",2023-06-05,"I3-3C","Garden","Early","2023",1.099,0.005725,106.75,0.513413188787024,0.05,NA,NA,NA,NA,191.965065502183
"I3",2023-06-12,"I3-3C","Garden","Early","2023",1.099,0.005725,106.75,0.513413188787024,0.5,NA,NA,22,15,191.965065502183
"I3",2023-06-20,"I3-3C","Garden","Mid","2023",1.099,0.005725,106.75,0.513413188787024,0.35,0,0,NA,NA,191.965065502183
"I3",2023-06-29,"I3-3C","Garden","Mid","2023",1.099,0.005725,106.75,0.513413188787024,0.2,NA,2,32,22,191.965065502183
"I3",2023-07-03,"I3-3C","Garden","Mid","2023",1.099,0.005725,106.75,0.513413188787024,0.02,NA,NA,NA,NA,191.965065502183
"I3",2023-07-10,"I3-3C","Garden","Mid","2023",1.099,0.005725,106.75,0.513413188787024,0.01,NA,NA,NA,NA,191.965065502183
"I3",2023-07-17,"I3-3C","Garden","Late","2023",1.099,0.005725,106.75,0.513413188787024,0.1,NA,1,59,28,191.965065502183
"I3",2023-07-28,"I3-3C","Garden","Late","2023",1.099,0.005725,106.75,0.513413188787024,0.02,NA,NA,NA,NA,191.965065502183
"I3",2023-08-03,"I3-3C","Garden","Late","2023",1.099,0.005725,106.75,0.513413188787024,0.2,NA,NA,47,28,191.965065502183
"I3",2023-08-07,"I3-3C","Garden","Late","2023",1.099,0.005725,106.75,0.513413188787024,0.02,NA,NA,NA,NA,191.965065502183
"I3",2023-08-15,"I3-3C","Garden","Late","2023",1.099,0.005725,106.75,0.513413188787024,0.03,NA,NA,NA,NA,191.965065502183
"I3",2023-05-31,"I3-5C","Garden","Early","2023",1.43325,0.0076,75,0.738700884540487,0.01,NA,NA,8,15,188.585526315789
"I3",2023-06-05,"I3-5C","Garden","Early","2023",1.43325,0.0076,75,0.738700884540487,0.01,NA,NA,NA,NA,188.585526315789
"I3",2023-06-20,"I3-5C","Garden","Mid","2023",1.43325,0.0076,75,0.738700884540487,0.02,0,0,NA,NA,188.585526315789
"I3",2023-06-29,"I3-5C","Garden","Mid","2023",1.43325,0.0076,75,0.738700884540487,0.13,NA,NA,22,23,188.585526315789
"I3",2023-07-03,"I3-5C","Garden","Mid","2023",1.43325,0.0076,75,0.738700884540487,0.1,NA,NA,NA,NA,188.585526315789
"I3",2023-07-10,"I3-5C","Garden","Mid","2023",1.43325,0.0076,75,0.738700884540487,0.05,NA,3,NA,NA,188.585526315789
"I3",2023-07-17,"I3-5C","Garden","Late","2023",1.43325,0.0076,75,0.738700884540487,0.28,NA,5,36,28,188.585526315789
"I3",2023-07-28,"I3-5C","Garden","Late","2023",1.43325,0.0076,75,0.738700884540487,0.03,NA,NA,NA,NA,188.585526315789
"I3",2023-08-03,"I3-5C","Garden","Late","2023",1.43325,0.0076,75,0.738700884540487,0.25,NA,NA,31,28,188.585526315789
"I3",2023-08-07,"I3-5C","Garden","Late","2023",1.43325,0.0076,75,0.738700884540487,0.05,NA,NA,NA,NA,188.585526315789
"I3",2023-08-15,"I3-5C","Garden","Late","2023",1.43325,0.0076,75,0.738700884540487,0.07,NA,NA,NA,NA,188.585526315789
"I3",2023-06-20,"I3-6C","Garden","Mid","2023",1.01275,0.005475,116.25,1.02821534004291,0,0,0,NA,NA,184.977168949772
"I3",2023-08-15,"I3-6C","Garden","Late","2023",1.01275,0.005475,116.25,1.02821534004291,0.12,NA,NA,NA,NA,184.977168949772
"I3",2023-05-31,"I3-6D","Garden","Early","2023",0.5385,0.002875,114.25,0.748536576943359,0.05,NA,NA,13,7,187.304347826087
"I3",2023-06-12,"I3-6D","Garden","Early","2023",0.5385,0.002875,114.25,0.748536576943359,0.01,NA,NA,15,7,187.304347826087
"I3",2023-06-29,"I3-6D","Garden","Mid","2023",0.5385,0.002875,114.25,0.748536576943359,0.95,NA,NA,37,11,187.304347826087
"I3",2023-07-17,"I3-6D","Garden","Late","2023",0.5385,0.002875,114.25,0.748536576943359,0.9,NA,NA,65,16,187.304347826087
"I3",2023-07-28,"I3-6D","Garden","Late","2023",0.5385,0.002875,114.25,0.748536576943359,0.01,NA,NA,NA,NA,187.304347826087
"I3",2023-08-03,"I3-6D","Garden","Late","2023",0.5385,0.002875,114.25,0.748536576943359,0.05,NA,NA,54,19,187.304347826087
"I3",2023-08-07,"I3-6D","Garden","Late","2023",0.5385,0.002875,114.25,0.748536576943359,0.01,NA,NA,NA,NA,187.304347826087
"I3",2023-08-15,"I3-6D","Garden","Late","2023",0.5385,0.002875,114.25,0.748536576943359,0.07,NA,NA,NA,NA,187.304347826087
"ICH",2023-06-05,"ICH-3A","Garden","Early","2023",0.825,0.0057,104,1.45230821193402,0.01,NA,NA,NA,NA,144.736842105263
"ICH",2023-06-20,"ICH-3A","Garden","Mid","2023",0.825,0.0057,104,1.45230821193402,0.01,0,0,NA,NA,144.736842105263
"ICH",2023-06-29,"ICH-3A","Garden","Mid","2023",0.825,0.0057,104,1.45230821193402,0.02,NA,NA,20,22,144.736842105263
"ICH",2023-07-10,"ICH-3A","Garden","Mid","2023",0.825,0.0057,104,1.45230821193402,0.01,NA,NA,NA,NA,144.736842105263
"ICH",2023-07-17,"ICH-3A","Garden","Late","2023",0.825,0.0057,104,1.45230821193402,0.15,NA,NA,22,21,144.736842105263
"ICH",2023-07-28,"ICH-3A","Garden","Late","2023",0.825,0.0057,104,1.45230821193402,0.2,NA,NA,NA,NA,144.736842105263
"ICH",2023-08-03,"ICH-3A","Garden","Late","2023",0.825,0.0057,104,1.45230821193402,0.03,NA,NA,22,16,144.736842105263
"ICH",2023-08-15,"ICH-3A","Garden","Late","2023",0.825,0.0057,104,1.45230821193402,0.05,NA,NA,NA,NA,144.736842105263
"ICH",2023-05-31,"ICH-5A","Garden","Early","2023",0.825,0.004825,138.25,0.444007804038184,0.3,NA,NA,18,20,170.984455958549
"ICH",2023-06-05,"ICH-5A","Garden","Early","2023",0.825,0.004825,138.25,0.444007804038184,0.25,NA,NA,NA,NA,170.984455958549
"ICH",2023-06-12,"ICH-5A","Garden","Early","2023",0.825,0.004825,138.25,0.444007804038184,0.35,NA,NA,15,17,170.984455958549
"ICH",2023-06-20,"ICH-5A","Garden","Mid","2023",0.825,0.004825,138.25,0.444007804038184,0.1,0,0,NA,NA,170.984455958549
"ICH",2023-06-29,"ICH-5A","Garden","Mid","2023",0.825,0.004825,138.25,0.444007804038184,0.3,NA,NA,18,23,170.984455958549
"ICH",2023-07-03,"ICH-5A","Garden","Mid","2023",0.825,0.004825,138.25,0.444007804038184,0.15,NA,NA,NA,NA,170.984455958549
"ICH",2023-07-10,"ICH-5A","Garden","Mid","2023",0.825,0.004825,138.25,0.444007804038184,0.3,NA,NA,NA,NA,170.984455958549
"ICH",2023-07-17,"ICH-5A","Garden","Late","2023",0.825,0.004825,138.25,0.444007804038184,0.2,NA,NA,14,22,170.984455958549
"ICH",2023-07-28,"ICH-5A","Garden","Late","2023",0.825,0.004825,138.25,0.444007804038184,0.1,NA,NA,NA,NA,170.984455958549
"ICH",2023-08-03,"ICH-5A","Garden","Late","2023",0.825,0.004825,138.25,0.444007804038184,0.5,NA,NA,17,21,170.984455958549
"ICH",2023-08-07,"ICH-5A","Garden","Late","2023",0.825,0.004825,138.25,0.444007804038184,0.25,NA,NA,NA,NA,170.984455958549
"ICH",2023-08-15,"ICH-5A","Garden","Late","2023",0.825,0.004825,138.25,0.444007804038184,0.3,NA,NA,NA,NA,170.984455958549
"ICH",2023-06-20,"ICH-6A","Garden","Mid","2023",0.91825,0.0053,132.75,0.397829284128574,0,0,0,NA,NA,173.254716981132
"ICH",2023-06-29,"ICH-6A","Garden","Mid","2023",0.91825,0.0053,132.75,0.397829284128574,0.01,NA,NA,25,27,173.254716981132
"ICH",2023-07-03,"ICH-6A","Garden","Mid","2023",0.91825,0.0053,132.75,0.397829284128574,0.01,NA,NA,NA,NA,173.254716981132
"ICH",2023-07-28,"ICH-6A","Garden","Late","2023",0.91825,0.0053,132.75,0.397829284128574,0.04,NA,NA,NA,NA,173.254716981132
"ICH",2023-08-03,"ICH-6A","Garden","Late","2023",0.91825,0.0053,132.75,0.397829284128574,0.08,NA,NA,19,35,173.254716981132
"ICH",2023-08-07,"ICH-6A","Garden","Late","2023",0.91825,0.0053,132.75,0.397829284128574,0.1,NA,NA,NA,NA,173.254716981132
"ICH",2023-08-15,"ICH-6A","Garden","Late","2023",0.91825,0.0053,132.75,0.397829284128574,0.65,NA,NA,NA,NA,173.254716981132
"MOR",2023-06-05,"MOR-1D","Garden","Early","2023",0.9505,0.004925,136,0.642749109869975,0.01,NA,NA,NA,NA,192.994923857868
"MOR",2023-06-12,"MOR-1D","Garden","Early","2023",0.9505,0.004925,136,0.642749109869975,0.03,NA,NA,11,10,192.994923857868
"MOR",2023-06-20,"MOR-1D","Garden","Mid","2023",0.9505,0.004925,136,0.642749109869975,0.18,0,0,NA,NA,192.994923857868
"MOR",2023-06-29,"MOR-1D","Garden","Mid","2023",0.9505,0.004925,136,0.642749109869975,0.07,NA,NA,14,21,192.994923857868
"MOR",2023-07-03,"MOR-1D","Garden","Mid","2023",0.9505,0.004925,136,0.642749109869975,0.02,NA,NA,NA,NA,192.994923857868
"MOR",2023-07-10,"MOR-1D","Garden","Mid","2023",0.9505,0.004925,136,0.642749109869975,0.05,NA,NA,NA,NA,192.994923857868
"MOR",2023-07-17,"MOR-1D","Garden","Late","2023",0.9505,0.004925,136,0.642749109869975,0.28,NA,NA,28,29,192.994923857868
"MOR",2023-07-28,"MOR-1D","Garden","Late","2023",0.9505,0.004925,136,0.642749109869975,0.02,NA,NA,NA,NA,192.994923857868
"MOR",2023-08-07,"MOR-1D","Garden","Late","2023",0.9505,0.004925,136,0.642749109869975,0.06,NA,NA,NA,NA,192.994923857868
"MOR",2023-08-15,"MOR-1D","Garden","Late","2023",0.9505,0.004925,136,0.642749109869975,0.15,NA,NA,NA,NA,192.994923857868
"MOR",2023-06-20,"MOR-4E","Garden","Mid","2023",1.302,0.007125,103.25,0.682646159834306,0,0,0,NA,NA,182.736842105263
"MOR",2023-06-29,"MOR-4E","Garden","Mid","2023",1.302,0.007125,103.25,0.682646159834306,0.03,NA,NA,18,21,182.736842105263
"MOR",2023-07-03,"MOR-4E","Garden","Mid","2023",1.302,0.007125,103.25,0.682646159834306,0.01,NA,NA,NA,NA,182.736842105263
"MOR",2023-07-10,"MOR-4E","Garden","Mid","2023",1.302,0.007125,103.25,0.682646159834306,0.01,NA,NA,NA,NA,182.736842105263
"MOR",2023-07-28,"MOR-4E","Garden","Late","2023",1.302,0.007125,103.25,0.682646159834306,0.01,NA,NA,NA,NA,182.736842105263
"MOR",2023-08-07,"MOR-4E","Garden","Late","2023",1.302,0.007125,103.25,0.682646159834306,0.02,NA,NA,NA,NA,182.736842105263
"MOR",2023-08-15,"MOR-4E","Garden","Late","2023",1.302,0.007125,103.25,0.682646159834306,0.02,NA,NA,NA,NA,182.736842105263
"MOR",2023-06-20,"MOR-4F","Garden","Mid","2023",1.29525,0.0078,115.5,0.632415011311199,0.02,0,0,NA,NA,166.057692307692
"MOR",2023-06-29,"MOR-4F","Garden","Mid","2023",1.29525,0.0078,115.5,0.632415011311199,0.02,NA,NA,28,23,166.057692307692
"MOR",2023-07-10,"MOR-4F","Garden","Mid","2023",1.29525,0.0078,115.5,0.632415011311199,0.01,NA,NA,NA,NA,166.057692307692
"MOR",2023-07-17,"MOR-4F","Garden","Late","2023",1.29525,0.0078,115.5,0.632415011311199,0.2,NA,NA,39,23,166.057692307692
"MOR",2023-07-28,"MOR-4F","Garden","Late","2023",1.29525,0.0078,115.5,0.632415011311199,0.3,NA,NA,NA,NA,166.057692307692
"MOR",2023-08-03,"MOR-4F","Garden","Late","2023",1.29525,0.0078,115.5,0.632415011311199,0.1,NA,NA,32,24,166.057692307692
"MOR",2023-08-07,"MOR-4F","Garden","Late","2023",1.29525,0.0078,115.5,0.632415011311199,0.15,NA,NA,NA,NA,166.057692307692
"MOR",2023-08-15,"MOR-4F","Garden","Late","2023",1.29525,0.0078,115.5,0.632415011311199,0.15,NA,NA,NA,NA,166.057692307692
"MOR",2023-06-05,"MOR-6A","Garden","Early","2023",1.3465,0.0077,113,0.866358905763551,0.01,NA,NA,NA,NA,174.87012987013
"MOR",2023-06-12,"MOR-6A","Garden","Early","2023",1.3465,0.0077,113,0.866358905763551,0.05,NA,NA,14,19,174.87012987013
"MOR",2023-06-20,"MOR-6A","Garden","Mid","2023",1.3465,0.0077,113,0.866358905763551,0.28,0,0,NA,NA,174.87012987013
"MOR",2023-06-29,"MOR-6A","Garden","Mid","2023",1.3465,0.0077,113,0.866358905763551,0.15,NA,3,22,34,174.87012987013
"MOR",2023-07-03,"MOR-6A","Garden","Mid","2023",1.3465,0.0077,113,0.866358905763551,0.04,NA,1,NA,NA,174.87012987013
"MOR",2023-07-10,"MOR-6A","Garden","Mid","2023",1.3465,0.0077,113,0.866358905763551,0.02,NA,NA,NA,NA,174.87012987013
"MOR",2023-07-17,"MOR-6A","Garden","Late","2023",1.3465,0.0077,113,0.866358905763551,0.12,NA,NA,37,28,174.87012987013
"MOR",2023-07-28,"MOR-6A","Garden","Late","2023",1.3465,0.0077,113,0.866358905763551,0.04,NA,NA,NA,NA,174.87012987013
"MOR",2023-08-03,"MOR-6A","Garden","Late","2023",1.3465,0.0077,113,0.866358905763551,0.3,NA,NA,32,25,174.87012987013
"MOR",2023-08-07,"MOR-6A","Garden","Late","2023",1.3465,0.0077,113,0.866358905763551,0.07,NA,NA,NA,NA,174.87012987013
"MOR",2023-08-15,"MOR-6A","Garden","Late","2023",1.3465,0.0077,113,0.866358905763551,0.2,NA,NA,NA,NA,174.87012987013
"MOR",2023-05-31,"MOR-6C","Garden","Early","2023",1.14575,0.00695,121,0.459288342310555,0.01,NA,NA,10,10,164.856115107914
"MOR",2023-06-05,"MOR-6C","Garden","Early","2023",1.14575,0.00695,121,0.459288342310555,0.02,NA,NA,NA,NA,164.856115107914
"MOR",2023-06-20,"MOR-6C","Garden","Mid","2023",1.14575,0.00695,121,0.459288342310555,0.01,0,0,NA,NA,164.856115107914
"MOR",2023-06-29,"MOR-6C","Garden","Mid","2023",1.14575,0.00695,121,0.459288342310555,0.02,NA,NA,24,24,164.856115107914
"MOR",2023-07-03,"MOR-6C","Garden","Mid","2023",1.14575,0.00695,121,0.459288342310555,0.01,NA,NA,NA,NA,164.856115107914
"MOR",2023-07-17,"MOR-6C","Garden","Late","2023",1.14575,0.00695,121,0.459288342310555,0.03,NA,NA,47,26,164.856115107914
"MOR",2023-07-28,"MOR-6C","Garden","Late","2023",1.14575,0.00695,121,0.459288342310555,0.05,NA,NA,NA,NA,164.856115107914
"MOR",2023-08-03,"MOR-6C","Garden","Late","2023",1.14575,0.00695,121,0.459288342310555,0.03,NA,NA,37,27,164.856115107914
"MOR",2023-08-07,"MOR-6C","Garden","Late","2023",1.14575,0.00695,121,0.459288342310555,0.03,NA,NA,NA,NA,164.856115107914
"MOR",2023-08-15,"MOR-6C","Garden","Late","2023",1.14575,0.00695,121,0.459288342310555,0.02,NA,NA,NA,NA,164.856115107914
"MOR",2023-06-05,"MOR-6D","Garden","Early","2023",1.466,0.00905,136.25,0.797293880488368,0.17,NA,NA,NA,NA,161.988950276243
"MOR",2023-06-12,"MOR-6D","Garden","Early","2023",1.466,0.00905,136.25,0.797293880488368,0.15,NA,NA,29,19,161.988950276243
"MOR",2023-06-20,"MOR-6D","Garden","Mid","2023",1.466,0.00905,136.25,0.797293880488368,0.2,0,0,NA,NA,161.988950276243
"MOR",2023-06-29,"MOR-6D","Garden","Mid","2023",1.466,0.00905,136.25,0.797293880488368,0.12,NA,NA,36,22,161.988950276243
"MOR",2023-07-03,"MOR-6D","Garden","Mid","2023",1.466,0.00905,136.25,0.797293880488368,0.03,NA,NA,NA,NA,161.988950276243
"MOR",2023-07-10,"MOR-6D","Garden","Mid","2023",1.466,0.00905,136.25,0.797293880488368,0.02,NA,NA,NA,NA,161.988950276243
"MOR",2023-07-17,"MOR-6D","Garden","Late","2023",1.466,0.00905,136.25,0.797293880488368,0.07,NA,NA,45,23,161.988950276243
"MOR",2023-07-28,"MOR-6D","Garden","Late","2023",1.466,0.00905,136.25,0.797293880488368,0.02,NA,NA,NA,NA,161.988950276243
"MOR",2023-08-03,"MOR-6D","Garden","Late","2023",1.466,0.00905,136.25,0.797293880488368,0.01,NA,NA,48,20,161.988950276243
"MOR",2023-08-07,"MOR-6D","Garden","Late","2023",1.466,0.00905,136.25,0.797293880488368,0.01,NA,NA,NA,NA,161.988950276243
"MOR",2023-08-15,"MOR-6D","Garden","Late","2023",1.466,0.00905,136.25,0.797293880488368,0.2,NA,NA,NA,NA,161.988950276243
"N2",2023-06-20,"N2-5A","Garden","Mid","2023",1.51925,0.011075,71,0.252118119797786,0,0,0,NA,NA,137.178329571106
"N2",2023-06-29,"N2-5A","Garden","Mid","2023",1.51925,0.011075,71,0.252118119797786,0.05,NA,NA,10,14,137.178329571106
"N2",2023-07-03,"N2-5A","Garden","Mid","2023",1.51925,0.011075,71,0.252118119797786,0.1,NA,NA,NA,NA,137.178329571106
"N2",2023-07-10,"N2-5A","Garden","Mid","2023",1.51925,0.011075,71,0.252118119797786,0.3,NA,NA,NA,NA,137.178329571106
"N2",2023-07-17,"N2-5A","Garden","Late","2023",1.51925,0.011075,71,0.252118119797786,0.07,NA,NA,15,23,137.178329571106
"N2",2023-07-28,"N2-5A","Garden","Late","2023",1.51925,0.011075,71,0.252118119797786,0.1,NA,NA,NA,NA,137.178329571106
"N2",2023-08-07,"N2-5A","Garden","Late","2023",1.51925,0.011075,71,0.252118119797786,0.1,NA,NA,NA,NA,137.178329571106
"N2",2023-08-15,"N2-5A","Garden","Late","2023",1.51925,0.011075,71,0.252118119797786,0.3,NA,NA,NA,NA,137.178329571106
"N2",2023-05-31,"N2-5B","Garden","Early","2023",1.1765,0.0074,56.75,0.250284935746252,0.07,NA,NA,13,7,158.986486486486
"N2",2023-06-05,"N2-5B","Garden","Early","2023",1.1765,0.0074,56.75,0.250284935746252,0.05,NA,NA,NA,NA,158.986486486486
"N2",2023-06-12,"N2-5B","Garden","Early","2023",1.1765,0.0074,56.75,0.250284935746252,0.03,NA,NA,13,7,158.986486486486
"N2",2023-06-20,"N2-5B","Garden","Mid","2023",1.1765,0.0074,56.75,0.250284935746252,0.02,0,0,NA,NA,158.986486486486
"N2",2023-06-29,"N2-5B","Garden","Mid","2023",1.1765,0.0074,56.75,0.250284935746252,0.01,NA,NA,19,14,158.986486486486
"N2",2023-07-10,"N2-5B","Garden","Mid","2023",1.1765,0.0074,56.75,0.250284935746252,0.01,NA,NA,NA,NA,158.986486486486
"N2",2023-07-17,"N2-5B","Garden","Late","2023",1.1765,0.0074,56.75,0.250284935746252,0.02,NA,NA,22,19,158.986486486486
"N2",2023-07-28,"N2-5B","Garden","Late","2023",1.1765,0.0074,56.75,0.250284935746252,0.07,NA,NA,NA,NA,158.986486486486
"N2",2023-08-03,"N2-5B","Garden","Late","2023",1.1765,0.0074,56.75,0.250284935746252,0.05,NA,NA,21,21,158.986486486486
"N2",2023-08-07,"N2-5B","Garden","Late","2023",1.1765,0.0074,56.75,0.250284935746252,0.04,NA,NA,NA,NA,158.986486486486
"N2",2023-08-15,"N2-5B","Garden","Late","2023",1.1765,0.0074,56.75,0.250284935746252,0.04,NA,NA,NA,NA,158.986486486486
"N2",2023-05-31,"N2-6A","Garden","Early","2023",1.10575,0.006325,54.75,0.232644353489594,0.07,NA,NA,6,6,174.822134387352
"N2",2023-06-05,"N2-6A","Garden","Early","2023",1.10575,0.006325,54.75,0.232644353489594,0.03,NA,NA,NA,NA,174.822134387352
"N2",2023-06-12,"N2-6A","Garden","Early","2023",1.10575,0.006325,54.75,0.232644353489594,0.03,NA,NA,8,7,174.822134387352
"N2",2023-06-20,"N2-6A","Garden","Mid","2023",1.10575,0.006325,54.75,0.232644353489594,0.01,0,0,NA,NA,174.822134387352
"N2",2023-07-10,"N2-6A","Garden","Mid","2023",1.10575,0.006325,54.75,0.232644353489594,0.01,NA,NA,NA,NA,174.822134387352
"N2",2023-07-17,"N2-6A","Garden","Late","2023",1.10575,0.006325,54.75,0.232644353489594,0.01,NA,NA,23,23,174.822134387352
"N2",2023-07-28,"N2-6A","Garden","Late","2023",1.10575,0.006325,54.75,0.232644353489594,0.03,NA,NA,NA,NA,174.822134387352
"N2",2023-08-07,"N2-6A","Garden","Late","2023",1.10575,0.006325,54.75,0.232644353489594,0.02,NA,NA,NA,NA,174.822134387352
"N2",2023-08-15,"N2-6A","Garden","Late","2023",1.10575,0.006325,54.75,0.232644353489594,0.03,NA,NA,NA,NA,174.822134387352
"N2",2023-05-31,"N2-6B","Garden","Early","2023",0.762,0.0053,77.25,0.623328506961548,0.4,NA,NA,8,10,143.77358490566
"N2",2023-06-05,"N2-6B","Garden","Early","2023",0.762,0.0053,77.25,0.623328506961548,0.9,NA,NA,NA,NA,143.77358490566
"N2",2023-06-12,"N2-6B","Garden","Early","2023",0.762,0.0053,77.25,0.623328506961548,0.8,NA,NA,9,10,143.77358490566
"N2",2023-06-20,"N2-6B","Garden","Mid","2023",0.762,0.0053,77.25,0.623328506961548,0.03,0,0,NA,NA,143.77358490566
"N2",2023-06-29,"N2-6B","Garden","Mid","2023",0.762,0.0053,77.25,0.623328506961548,0.05,NA,NA,16,17,143.77358490566
"N2",2023-07-03,"N2-6B","Garden","Mid","2023",0.762,0.0053,77.25,0.623328506961548,0.02,NA,NA,NA,NA,143.77358490566
"N2",2023-07-10,"N2-6B","Garden","Mid","2023",0.762,0.0053,77.25,0.623328506961548,0.02,NA,1,NA,NA,143.77358490566
"N2",2023-07-17,"N2-6B","Garden","Late","2023",0.762,0.0053,77.25,0.623328506961548,0.3,NA,NA,17,24,143.77358490566
"N2",2023-07-28,"N2-6B","Garden","Late","2023",0.762,0.0053,77.25,0.623328506961548,0.15,NA,NA,NA,NA,143.77358490566
"N2",2023-08-07,"N2-6B","Garden","Late","2023",0.762,0.0053,77.25,0.623328506961548,0.05,NA,NA,NA,NA,143.77358490566
"N2",2023-08-15,"N2-6B","Garden","Late","2023",0.762,0.0053,77.25,0.623328506961548,0.07,NA,NA,NA,NA,143.77358490566
"N5",2023-05-31,"N5-3F","Garden","Early","2023",1.18725,0.006875,87,0.625790916568864,0.03,NA,NA,13,12,172.690909090909
"N5",2023-06-05,"N5-3F","Garden","Early","2023",1.18725,0.006875,87,0.625790916568864,0.01,NA,NA,NA,NA,172.690909090909
"N5",2023-06-12,"N5-3F","Garden","Early","2023",1.18725,0.006875,87,0.625790916568864,0.03,NA,NA,20,19,172.690909090909
"N5",2023-06-20,"N5-3F","Garden","Mid","2023",1.18725,0.006875,87,0.625790916568864,0.07,0,0,NA,NA,172.690909090909
"N5",2023-06-29,"N5-3F","Garden","Mid","2023",1.18725,0.006875,87,0.625790916568864,0.07,NA,NA,26,24,172.690909090909
"N5",2023-07-03,"N5-3F","Garden","Mid","2023",1.18725,0.006875,87,0.625790916568864,0.01,NA,NA,NA,NA,172.690909090909
"N5",2023-07-17,"N5-3F","Garden","Late","2023",1.18725,0.006875,87,0.625790916568864,0.95,NA,NA,28,22,172.690909090909
"N5",2023-07-28,"N5-3F","Garden","Late","2023",1.18725,0.006875,87,0.625790916568864,0.01,NA,NA,NA,NA,172.690909090909
"N5",2023-08-03,"N5-3F","Garden","Late","2023",1.18725,0.006875,87,0.625790916568864,0.1,NA,NA,22,21,172.690909090909
"N5",2023-08-07,"N5-3F","Garden","Late","2023",1.18725,0.006875,87,0.625790916568864,0.01,NA,NA,NA,NA,172.690909090909
"N5",2023-08-15,"N5-3F","Garden","Late","2023",1.18725,0.006875,87,0.625790916568864,0.45,NA,NA,NA,NA,172.690909090909
"N5",2023-05-31,"N5-3G","Garden","Early","2023",1.23825,0.005475,41,0.737948692587951,0.08,NA,NA,21,13,226.164383561644
"N5",2023-06-12,"N5-3G","Garden","Early","2023",1.23825,0.005475,41,0.737948692587951,0.04,NA,NA,22,13,226.164383561644
"N5",2023-06-20,"N5-3G","Garden","Mid","2023",1.23825,0.005475,41,0.737948692587951,0.18,0,0,NA,NA,226.164383561644
"N5",2023-06-29,"N5-3G","Garden","Mid","2023",1.23825,0.005475,41,0.737948692587951,0.12,NA,NA,24,23,226.164383561644
"N5",2023-07-03,"N5-3G","Garden","Mid","2023",1.23825,0.005475,41,0.737948692587951,0.04,NA,NA,NA,NA,226.164383561644
"N5",2023-07-10,"N5-3G","Garden","Mid","2023",1.23825,0.005475,41,0.737948692587951,0.07,NA,NA,NA,NA,226.164383561644
"N5",2023-07-17,"N5-3G","Garden","Late","2023",1.23825,0.005475,41,0.737948692587951,0.75,NA,NA,28,26,226.164383561644
"N5",2023-08-07,"N5-3G","Garden","Late","2023",1.23825,0.005475,41,0.737948692587951,0.3,NA,NA,NA,NA,226.164383561644
"N5",2023-08-15,"N5-3G","Garden","Late","2023",1.23825,0.005475,41,0.737948692587951,0.08,NA,NA,NA,NA,226.164383561644
"N5",2023-05-31,"N5-4D","Garden","Early","2023",0.80575,0.0043,98,0.587196204123569,0.09,NA,2,9,19,187.383720930233
"N5",2023-06-12,"N5-4D","Garden","Early","2023",0.80575,0.0043,98,0.587196204123569,0.25,NA,NA,9,19,187.383720930233
"N5",2023-06-20,"N5-4D","Garden","Mid","2023",0.80575,0.0043,98,0.587196204123569,0.4,0,0,NA,NA,187.383720930233
"N5",2023-06-29,"N5-4D","Garden","Mid","2023",0.80575,0.0043,98,0.587196204123569,0.25,4,NA,14,23,187.383720930233
"N5",2023-07-03,"N5-4D","Garden","Mid","2023",0.80575,0.0043,98,0.587196204123569,0.1,NA,NA,NA,NA,187.383720930233
"N5",2023-07-10,"N5-4D","Garden","Mid","2023",0.80575,0.0043,98,0.587196204123569,0.4,NA,NA,NA,NA,187.383720930233
"N5",2023-07-17,"N5-4D","Garden","Late","2023",0.80575,0.0043,98,0.587196204123569,0.9,NA,NA,25,19,187.383720930233
"N5",2023-07-28,"N5-4D","Garden","Late","2023",0.80575,0.0043,98,0.587196204123569,0.2,NA,NA,NA,NA,187.383720930233
"N5",2023-08-07,"N5-4D","Garden","Late","2023",0.80575,0.0043,98,0.587196204123569,0.1,NA,NA,NA,NA,187.383720930233
"N5",2023-08-15,"N5-4D","Garden","Late","2023",0.80575,0.0043,98,0.587196204123569,0.1,NA,NA,NA,NA,187.383720930233
"N5",2023-06-20,"N5-4G","Garden","Mid","2023",1.48875,0.01165,95,1.14312920841632,0.02,0,0,NA,NA,127.789699570815
"N5",2023-06-29,"N5-4G","Garden","Mid","2023",1.48875,0.01165,95,1.14312920841632,0.03,3,NA,22,27,127.789699570815
"N5",2023-07-03,"N5-4G","Garden","Mid","2023",1.48875,0.01165,95,1.14312920841632,0.03,NA,NA,NA,NA,127.789699570815
"N5",2023-07-10,"N5-4G","Garden","Mid","2023",1.48875,0.01165,95,1.14312920841632,0.02,NA,NA,NA,NA,127.789699570815
"N5",2023-07-17,"N5-4G","Garden","Late","2023",1.48875,0.01165,95,1.14312920841632,0.05,NA,NA,28,28,127.789699570815
"N5",2023-07-28,"N5-4G","Garden","Late","2023",1.48875,0.01165,95,1.14312920841632,0.01,NA,NA,NA,NA,127.789699570815
"N5",2023-08-07,"N5-4G","Garden","Late","2023",1.48875,0.01165,95,1.14312920841632,0.01,NA,NA,NA,NA,127.789699570815
"N5",2023-08-15,"N5-4G","Garden","Late","2023",1.48875,0.01165,95,1.14312920841632,0.02,NA,NA,NA,NA,127.789699570815
"N5",2023-06-12,"N5-5F","Garden","Early","2023",0.9105,0.0043,63.5,0.715810347756882,0.15,NA,NA,18,17,211.744186046512
"N5",2023-06-20,"N5-5F","Garden","Mid","2023",0.9105,0.0043,63.5,0.715810347756882,0.25,0,0,NA,NA,211.744186046512
"N5",2023-06-29,"N5-5F","Garden","Mid","2023",0.9105,0.0043,63.5,0.715810347756882,0.12,NA,NA,29,22,211.744186046512
"N5",2023-07-03,"N5-5F","Garden","Mid","2023",0.9105,0.0043,63.5,0.715810347756882,0.06,NA,NA,NA,NA,211.744186046512
"N5",2023-07-10,"N5-5F","Garden","Mid","2023",0.9105,0.0043,63.5,0.715810347756882,0.1,NA,NA,NA,NA,211.744186046512
"N5",2023-07-17,"N5-5F","Garden","Late","2023",0.9105,0.0043,63.5,0.715810347756882,0.45,NA,NA,37,32,211.744186046512
"N5",2023-07-28,"N5-5F","Garden","Late","2023",0.9105,0.0043,63.5,0.715810347756882,0.03,NA,NA,NA,NA,211.744186046512
"N5",2023-08-07,"N5-5F","Garden","Late","2023",0.9105,0.0043,63.5,0.715810347756882,0.25,NA,NA,NA,NA,211.744186046512
"N5",2023-08-15,"N5-5F","Garden","Late","2023",0.9105,0.0043,63.5,0.715810347756882,0.1,NA,NA,NA,NA,211.744186046512
"N5",2023-05-31,"N5-6A","Garden","Early","2023",1.418,0.00875,80.25,0.655201624315537,0.25,NA,NA,15,11,162.057142857143
"N5",2023-06-12,"N5-6A","Garden","Early","2023",1.418,0.00875,80.25,0.655201624315537,0.01,NA,NA,17,15,162.057142857143
"N5",2023-06-20,"N5-6A","Garden","Mid","2023",1.418,0.00875,80.25,0.655201624315537,0.02,0,0,NA,NA,162.057142857143
"N5",2023-07-10,"N5-6A","Garden","Mid","2023",1.418,0.00875,80.25,0.655201624315537,0.05,NA,NA,NA,NA,162.057142857143
"N5",2023-07-17,"N5-6A","Garden","Late","2023",1.418,0.00875,80.25,0.655201624315537,0.07,NA,NA,45,32,162.057142857143
"N5",2023-07-28,"N5-6A","Garden","Late","2023",1.418,0.00875,80.25,0.655201624315537,0.03,NA,NA,NA,NA,162.057142857143
"N5",2023-08-07,"N5-6A","Garden","Late","2023",1.418,0.00875,80.25,0.655201624315537,0.04,NA,NA,NA,NA,162.057142857143
"N5",2023-08-15,"N5-6A","Garden","Late","2023",1.418,0.00875,80.25,0.655201624315537,0.1,NA,NA,NA,NA,162.057142857143
"PS",2023-06-12,"PS-1B","Garden","Early","2023",1.05375,0.005475,67,0.101033491176169,0.02,NA,1,13,20,192.465753424658
"PS",2023-06-20,"PS-1B","Garden","Mid","2023",1.05375,0.005475,67,0.101033491176169,0,0,0,NA,NA,192.465753424658
"PS",2023-06-29,"PS-1B","Garden","Mid","2023",1.05375,0.005475,67,0.101033491176169,0.12,NA,NA,21,28,192.465753424658
"PS",2023-07-10,"PS-1B","Garden","Mid","2023",1.05375,0.005475,67,0.101033491176169,0.01,NA,NA,NA,NA,192.465753424658
"PS",2023-07-17,"PS-1B","Garden","Late","2023",1.05375,0.005475,67,0.101033491176169,0.07,NA,1,48,33,192.465753424658
"PS",2023-07-28,"PS-1B","Garden","Late","2023",1.05375,0.005475,67,0.101033491176169,0.02,1,NA,NA,NA,192.465753424658
"PS",2023-08-03,"PS-1B","Garden","Late","2023",1.05375,0.005475,67,0.101033491176169,0.07,NA,NA,48,32,192.465753424658
"PS",2023-08-07,"PS-1B","Garden","Late","2023",1.05375,0.005475,67,0.101033491176169,0.02,1,2,NA,NA,192.465753424658
"PS",2023-08-15,"PS-1B","Garden","Late","2023",1.05375,0.005475,67,0.101033491176169,0.03,NA,NA,NA,NA,192.465753424658
"PS",2023-05-31,"PS-2F","Garden","Early","2023",1.269,0.006225,61,0.124263718338453,0.03,NA,NA,15,14,203.855421686747
"PS",2023-06-05,"PS-2F","Garden","Early","2023",1.269,0.006225,61,0.124263718338453,0.03,NA,NA,NA,NA,203.855421686747
"PS",2023-06-12,"PS-2F","Garden","Early","2023",1.269,0.006225,61,0.124263718338453,0.03,NA,NA,14,13,203.855421686747
"PS",2023-06-20,"PS-2F","Garden","Mid","2023",1.269,0.006225,61,0.124263718338453,0.15,0,0,NA,NA,203.855421686747
"PS",2023-06-29,"PS-2F","Garden","Mid","2023",1.269,0.006225,61,0.124263718338453,0.18,NA,NA,16,20,203.855421686747
"PS",2023-07-03,"PS-2F","Garden","Mid","2023",1.269,0.006225,61,0.124263718338453,0.2,NA,NA,NA,NA,203.855421686747
"PS",2023-07-10,"PS-2F","Garden","Mid","2023",1.269,0.006225,61,0.124263718338453,0.1,NA,NA,NA,NA,203.855421686747
"PS",2023-07-17,"PS-2F","Garden","Late","2023",1.269,0.006225,61,0.124263718338453,0.18,NA,NA,38,30,203.855421686747
"PS",2023-07-28,"PS-2F","Garden","Late","2023",1.269,0.006225,61,0.124263718338453,0.03,NA,NA,NA,NA,203.855421686747
"PS",2023-08-03,"PS-2F","Garden","Late","2023",1.269,0.006225,61,0.124263718338453,0.07,NA,1,43,40,203.855421686747
"PS",2023-08-07,"PS-2F","Garden","Late","2023",1.269,0.006225,61,0.124263718338453,0.03,NA,NA,NA,NA,203.855421686747
"PS",2023-08-15,"PS-2F","Garden","Late","2023",1.269,0.006225,61,0.124263718338453,0.02,NA,NA,NA,NA,203.855421686747
"PS",2023-05-31,"PS-4D","Garden","Early","2023",0.98325,0.005225,50.25,0.250136544887492,0.02,NA,NA,8,8,188.181818181818
"PS",2023-06-05,"PS-4D","Garden","Early","2023",0.98325,0.005225,50.25,0.250136544887492,0.18,NA,NA,NA,NA,188.181818181818
"PS",2023-06-12,"PS-4D","Garden","Early","2023",0.98325,0.005225,50.25,0.250136544887492,0.15,NA,NA,11,8,188.181818181818
"PS",2023-06-20,"PS-4D","Garden","Mid","2023",0.98325,0.005225,50.25,0.250136544887492,0.25,0,0,NA,NA,188.181818181818
"PS",2023-06-29,"PS-4D","Garden","Mid","2023",0.98325,0.005225,50.25,0.250136544887492,0.3,NA,NA,15,15,188.181818181818
"PS",2023-07-03,"PS-4D","Garden","Mid","2023",0.98325,0.005225,50.25,0.250136544887492,0.03,NA,NA,NA,NA,188.181818181818
"PS",2023-07-10,"PS-4D","Garden","Mid","2023",0.98325,0.005225,50.25,0.250136544887492,0.05,NA,NA,NA,NA,188.181818181818
"PS",2023-07-17,"PS-4D","Garden","Late","2023",0.98325,0.005225,50.25,0.250136544887492,0.12,NA,NA,28,15,188.181818181818
"PS",2023-08-03,"PS-4D","Garden","Late","2023",0.98325,0.005225,50.25,0.250136544887492,0.03,NA,NA,30,20,188.181818181818
"PS",2023-08-07,"PS-4D","Garden","Late","2023",0.98325,0.005225,50.25,0.250136544887492,0.01,NA,NA,NA,NA,188.181818181818
"PS",2023-08-15,"PS-4D","Garden","Late","2023",0.98325,0.005225,50.25,0.250136544887492,0.01,NA,NA,NA,NA,188.181818181818
"PS",2023-06-12,"PS-4E","Garden","Early","2023",1.0275,0.00555,51.25,0.0958947914946248,0.15,NA,NA,10,22,185.135135135135
"PS",2023-06-20,"PS-4E","Garden","Mid","2023",1.0275,0.00555,51.25,0.0958947914946248,0.35,0,0,NA,NA,185.135135135135
"PS",2023-06-29,"PS-4E","Garden","Mid","2023",1.0275,0.00555,51.25,0.0958947914946248,0.18,NA,NA,20,23,185.135135135135
"PS",2023-07-03,"PS-4E","Garden","Mid","2023",1.0275,0.00555,51.25,0.0958947914946248,0.01,NA,NA,NA,NA,185.135135135135
"PS",2023-07-10,"PS-4E","Garden","Mid","2023",1.0275,0.00555,51.25,0.0958947914946248,0.01,3,NA,NA,NA,185.135135135135
"PS",2023-07-17,"PS-4E","Garden","Late","2023",1.0275,0.00555,51.25,0.0958947914946248,0.05,NA,NA,47,26,185.135135135135
"PS",2023-07-28,"PS-4E","Garden","Late","2023",1.0275,0.00555,51.25,0.0958947914946248,0.05,NA,NA,NA,NA,185.135135135135
"PS",2023-08-03,"PS-4E","Garden","Late","2023",1.0275,0.00555,51.25,0.0958947914946248,0.07,NA,NA,52,26,185.135135135135
"PS",2023-08-07,"PS-4E","Garden","Late","2023",1.0275,0.00555,51.25,0.0958947914946248,0.03,NA,NA,NA,NA,185.135135135135
"PS",2023-08-15,"PS-4E","Garden","Late","2023",1.0275,0.00555,51.25,0.0958947914946248,0.03,NA,NA,NA,NA,185.135135135135
"PS",2023-05-31,"PS-5B","Garden","Early","2023",0.64925,0.00345,73,0.0636806713200112,0.03,1,NA,14,28,188.188405797101
"PS",2023-06-05,"PS-5B","Garden","Early","2023",0.64925,0.00345,73,0.0636806713200112,0.05,3,NA,NA,NA,188.188405797101
"PS",2023-06-12,"PS-5B","Garden","Early","2023",0.64925,0.00345,73,0.0636806713200112,0.1,NA,NA,17,31,188.188405797101
"PS",2023-06-20,"PS-5B","Garden","Mid","2023",0.64925,0.00345,73,0.0636806713200112,0.25,0,0,NA,NA,188.188405797101
"PS",2023-06-29,"PS-5B","Garden","Mid","2023",0.64925,0.00345,73,0.0636806713200112,0.12,NA,NA,28,40,188.188405797101
"PS",2023-07-03,"PS-5B","Garden","Mid","2023",0.64925,0.00345,73,0.0636806713200112,0.03,3,4,NA,NA,188.188405797101
"PS",2023-07-10,"PS-5B","Garden","Mid","2023",0.64925,0.00345,73,0.0636806713200112,0.01,NA,2,NA,NA,188.188405797101
"PS",2023-07-17,"PS-5B","Garden","Late","2023",0.64925,0.00345,73,0.0636806713200112,0.12,NA,NA,39,42,188.188405797101
"PS",2023-07-28,"PS-5B","Garden","Late","2023",0.64925,0.00345,73,0.0636806713200112,0.05,NA,NA,NA,NA,188.188405797101
"PS",2023-08-03,"PS-5B","Garden","Late","2023",0.64925,0.00345,73,0.0636806713200112,0.22,NA,NA,35,34,188.188405797101
"PS",2023-08-07,"PS-5B","Garden","Late","2023",0.64925,0.00345,73,0.0636806713200112,0.03,NA,NA,NA,NA,188.188405797101
"PS",2023-08-15,"PS-5B","Garden","Late","2023",0.64925,0.00345,73,0.0636806713200112,0.03,NA,NA,NA,NA,188.188405797101
"PS",2023-06-12,"PS-5E","Garden","Early","2023",1.31875,0.007125,81.5,0.105891949446999,0.02,NA,NA,17,16,185.087719298246
"PS",2023-06-20,"PS-5E","Garden","Mid","2023",1.31875,0.007125,81.5,0.105891949446999,0.07,0,0,NA,NA,185.087719298246
"PS",2023-06-29,"PS-5E","Garden","Mid","2023",1.31875,0.007125,81.5,0.105891949446999,0.03,NA,NA,27,18,185.087719298246
"PS",2023-07-03,"PS-5E","Garden","Mid","2023",1.31875,0.007125,81.5,0.105891949446999,0.01,NA,NA,NA,NA,185.087719298246
"PS",2023-07-17,"PS-5E","Garden","Late","2023",1.31875,0.007125,81.5,0.105891949446999,0.08,NA,NA,44,30,185.087719298246
"PS",2023-07-28,"PS-5E","Garden","Late","2023",1.31875,0.007125,81.5,0.105891949446999,0.06,NA,NA,NA,NA,185.087719298246
"PS",2023-08-03,"PS-5E","Garden","Late","2023",1.31875,0.007125,81.5,0.105891949446999,0.12,NA,NA,43,31,185.087719298246
"PS",2023-08-07,"PS-5E","Garden","Late","2023",1.31875,0.007125,81.5,0.105891949446999,0.1,NA,NA,NA,NA,185.087719298246
"PS",2023-08-15,"PS-5E","Garden","Late","2023",1.31875,0.007125,81.5,0.105891949446999,0.05,NA,NA,NA,NA,185.087719298246
"REF",2023-06-05,"REF-1G","Garden","Early","2023",1.10075,0.00705,73,0.350075959427363,0.01,NA,NA,NA,NA,156.13475177305
"REF",2023-06-12,"REF-1G","Garden","Early","2023",1.10075,0.00705,73,0.350075959427363,0.05,NA,NA,10,10,156.13475177305
"REF",2023-06-20,"REF-1G","Garden","Mid","2023",1.10075,0.00705,73,0.350075959427363,0.25,0,0,NA,NA,156.13475177305
"REF",2023-06-29,"REF-1G","Garden","Mid","2023",1.10075,0.00705,73,0.350075959427363,0.13,NA,NA,26,17,156.13475177305
"REF",2023-07-03,"REF-1G","Garden","Mid","2023",1.10075,0.00705,73,0.350075959427363,0.01,NA,NA,NA,NA,156.13475177305
"REF",2023-07-10,"REF-1G","Garden","Mid","2023",1.10075,0.00705,73,0.350075959427363,0.01,NA,NA,NA,NA,156.13475177305
"REF",2023-07-17,"REF-1G","Garden","Late","2023",1.10075,0.00705,73,0.350075959427363,0.12,NA,NA,49,20,156.13475177305
"REF",2023-07-28,"REF-1G","Garden","Late","2023",1.10075,0.00705,73,0.350075959427363,0.01,NA,NA,NA,NA,156.13475177305
"REF",2023-08-03,"REF-1G","Garden","Late","2023",1.10075,0.00705,73,0.350075959427363,0.03,NA,NA,54,23,156.13475177305
"REF",2023-08-07,"REF-1G","Garden","Late","2023",1.10075,0.00705,73,0.350075959427363,0.07,NA,NA,NA,NA,156.13475177305
"REF",2023-08-15,"REF-1G","Garden","Late","2023",1.10075,0.00705,73,0.350075959427363,0.02,NA,NA,NA,NA,156.13475177305
"REF",2023-05-31,"REF-5A","Garden","Early","2023",1.0235,0.0056,158,0.415236169027791,0.02,NA,NA,10,19,182.767857142857
"REF",2023-06-05,"REF-5A","Garden","Early","2023",1.0235,0.0056,158,0.415236169027791,0.02,NA,NA,NA,NA,182.767857142857
"REF",2023-06-20,"REF-5A","Garden","Mid","2023",1.0235,0.0056,158,0.415236169027791,0.03,0,0,NA,NA,182.767857142857
"REF",2023-06-29,"REF-5A","Garden","Mid","2023",1.0235,0.0056,158,0.415236169027791,0.03,NA,NA,34,26,182.767857142857
"REF",2023-07-03,"REF-5A","Garden","Mid","2023",1.0235,0.0056,158,0.415236169027791,0.01,NA,NA,NA,NA,182.767857142857
"REF",2023-07-10,"REF-5A","Garden","Mid","2023",1.0235,0.0056,158,0.415236169027791,0.01,NA,NA,NA,NA,182.767857142857
"REF",2023-07-17,"REF-5A","Garden","Late","2023",1.0235,0.0056,158,0.415236169027791,0.03,NA,NA,59,28,182.767857142857
"REF",2023-07-28,"REF-5A","Garden","Late","2023",1.0235,0.0056,158,0.415236169027791,0.02,NA,NA,NA,NA,182.767857142857
"REF",2023-08-03,"REF-5A","Garden","Late","2023",1.0235,0.0056,158,0.415236169027791,0.18,NA,NA,53,28,182.767857142857
"REF",2023-08-07,"REF-5A","Garden","Late","2023",1.0235,0.0056,158,0.415236169027791,0.05,NA,NA,NA,NA,182.767857142857
"REF",2023-08-15,"REF-5A","Garden","Late","2023",1.0235,0.0056,158,0.415236169027791,0.07,NA,NA,NA,NA,182.767857142857
"REF",2023-06-20,"REF-5B","Garden","Mid","2023",1.114,0.005675,145,0.868822925553012,0,0,0,NA,NA,196.299559471366
"REF",2023-07-10,"REF-5B","Garden","Mid","2023",1.114,0.005675,145,0.868822925553012,0.01,NA,NA,NA,NA,196.299559471366
"REF",2023-07-17,"REF-5B","Garden","Late","2023",1.114,0.005675,145,0.868822925553012,0.45,NA,NA,42,22,196.299559471366
"REF",2023-07-28,"REF-5B","Garden","Late","2023",1.114,0.005675,145,0.868822925553012,0.01,NA,NA,NA,NA,196.299559471366
"REF",2023-08-03,"REF-5B","Garden","Late","2023",1.114,0.005675,145,0.868822925553012,0.05,NA,NA,56,25,196.299559471366
"REF",2023-08-07,"REF-5B","Garden","Late","2023",1.114,0.005675,145,0.868822925553012,0.01,NA,NA,NA,NA,196.299559471366
"REF",2023-08-15,"REF-5B","Garden","Late","2023",1.114,0.005675,145,0.868822925553012,0.03,NA,NA,NA,NA,196.299559471366
"REF",2023-05-31,"REF-5F","Garden","Early","2023",0.999,0.007225,137.5,0.48994364733826,0.01,NA,NA,7,10,138.269896193772
"REF",2023-06-20,"REF-5F","Garden","Mid","2023",0.999,0.007225,137.5,0.48994364733826,0.03,0,0,NA,NA,138.269896193772
"REF",2023-06-29,"REF-5F","Garden","Mid","2023",0.999,0.007225,137.5,0.48994364733826,0.03,NA,NA,27,22,138.269896193772
"REF",2023-07-03,"REF-5F","Garden","Mid","2023",0.999,0.007225,137.5,0.48994364733826,0.02,NA,NA,NA,NA,138.269896193772
"REF",2023-07-10,"REF-5F","Garden","Mid","2023",0.999,0.007225,137.5,0.48994364733826,0.01,NA,NA,NA,NA,138.269896193772
"REF",2023-07-17,"REF-5F","Garden","Late","2023",0.999,0.007225,137.5,0.48994364733826,0.08,NA,NA,57,28,138.269896193772
"REF",2023-07-28,"REF-5F","Garden","Late","2023",0.999,0.007225,137.5,0.48994364733826,0.01,NA,NA,NA,NA,138.269896193772
"REF",2023-08-03,"REF-5F","Garden","Late","2023",0.999,0.007225,137.5,0.48994364733826,0.05,NA,NA,57,29,138.269896193772
"REF",2023-08-07,"REF-5F","Garden","Late","2023",0.999,0.007225,137.5,0.48994364733826,0.02,NA,NA,NA,NA,138.269896193772
"REF",2023-08-15,"REF-5F","Garden","Late","2023",0.999,0.007225,137.5,0.48994364733826,0.03,NA,NA,NA,NA,138.269896193772
"REF",2023-05-31,"REF-6A","Garden","Early","2023",1.15925,0.00845,83.75,0.276262401772805,0.03,NA,NA,7,9,137.189349112426
"REF",2023-06-05,"REF-6A","Garden","Early","2023",1.15925,0.00845,83.75,0.276262401772805,0.04,NA,NA,NA,NA,137.189349112426
"REF",2023-06-12,"REF-6A","Garden","Early","2023",1.15925,0.00845,83.75,0.276262401772805,0.06,NA,NA,10,19,137.189349112426
"REF",2023-06-20,"REF-6A","Garden","Mid","2023",1.15925,0.00845,83.75,0.276262401772805,0.1,0,0,NA,NA,137.189349112426
"REF",2023-06-29,"REF-6A","Garden","Mid","2023",1.15925,0.00845,83.75,0.276262401772805,0.05,NA,NA,22,13,137.189349112426
"REF",2023-07-03,"REF-6A","Garden","Mid","2023",1.15925,0.00845,83.75,0.276262401772805,0.01,NA,NA,NA,NA,137.189349112426
"REF",2023-07-17,"REF-6A","Garden","Late","2023",1.15925,0.00845,83.75,0.276262401772805,0.03,NA,1,49,19,137.189349112426
"REF",2023-07-28,"REF-6A","Garden","Late","2023",1.15925,0.00845,83.75,0.276262401772805,0.01,NA,NA,NA,NA,137.189349112426
"REF",2023-08-03,"REF-6A","Garden","Late","2023",1.15925,0.00845,83.75,0.276262401772805,0.01,NA,NA,44,17,137.189349112426
"REF",2023-08-07,"REF-6A","Garden","Late","2023",1.15925,0.00845,83.75,0.276262401772805,0.01,NA,NA,NA,NA,137.189349112426
"REF",2023-08-15,"REF-6A","Garden","Late","2023",1.15925,0.00845,83.75,0.276262401772805,0.01,NA,NA,NA,NA,137.189349112426
"REF",2023-06-20,"REF-7B","Garden","Mid","2023",0.91125,0.007,111.5,0.523425328006817,0,0,0,NA,NA,130.178571428571
"REF",2023-06-29,"REF-7B","Garden","Mid","2023",0.91125,0.007,111.5,0.523425328006817,0.05,NA,NA,25,15,130.178571428571
"REF",2023-07-10,"REF-7B","Garden","Mid","2023",0.91125,0.007,111.5,0.523425328006817,0.01,NA,NA,NA,NA,130.178571428571
"REF",2023-07-17,"REF-7B","Garden","Late","2023",0.91125,0.007,111.5,0.523425328006817,0.05,NA,3,48,23,130.178571428571
"REF",2023-07-28,"REF-7B","Garden","Late","2023",0.91125,0.007,111.5,0.523425328006817,0.02,NA,NA,NA,NA,130.178571428571
"REF",2023-08-03,"REF-7B","Garden","Late","2023",0.91125,0.007,111.5,0.523425328006817,0.07,NA,NA,38,21,130.178571428571
"REF",2023-08-07,"REF-7B","Garden","Late","2023",0.91125,0.007,111.5,0.523425328006817,0.01,NA,NA,NA,NA,130.178571428571
"REF",2023-08-15,"REF-7B","Garden","Late","2023",0.91125,0.007,111.5,0.523425328006817,0.02,NA,NA,NA,NA,130.178571428571
