Pop,Date,Time,Plant_ID,Loc,Year,L_area,L_weight,Trichomes,Conc,herb_p,Leaves,Height,SLA
I1,6/15/2022,2022,I1 - Plant 1,Field,2022,1.19,0.0111,372,0.443456103,0.01,NA,25,107.2072072
I1,6/15/2022,2022,I1 - Plant 2,Field,2022,2.323,0.0206,252,0.507289995,0.01,NA,33,112.7669903
I1,6/15/2022,2022,I1 - Plant 3,Field,2022,3.179,0.0309,180,0.379595216,0.02,NA,37,102.8802589
I1,6/15/2022,2022,I1 - Plant 4,Field,2022,3.376,0.034,184,0.339914138,0.03,NA,48,99.29411765
I1,6/15/2022,2022,I1 - Plant 5,Field,2022,1.647,0.0138,176,0.224948411,0,NA,36,119.3478261
I1,6/15/2022,2022,I1 - Plant 6,Field,2022,2.196,0.0105,124,0.783342991,0,NA,24,209.1428571
I1,6/15/2022,2022,I1 - Plant 7,Field,2022,2.029,0.0182,192,0.371654018,0.05,NA,30,111.4835165
I1,6/15/2022,2022,I1 - Plant 8,Field,2022,2.073,0.0164,140,0.303072532,0.02,NA,32,126.402439
I1,6/15/2022,2022,I1 - Plant 9,Field,2022,2.449,0.0193,96,0.140963277,0.01,NA,25,126.8911917
I1,6/15/2022,2022,I1 - Plant 10,Field,2022,2.446,0.0208,104,0.478728555,0.01,NA,39,117.5961538
I1,6/15/2022,2022,I1 - Plant 11,Field,2022,1.583,0.0106,136,0.35563824,0,NA,23,149.3396226
I1,6/15/2022,2022,I1 - Plant 12,Field,2022,2.347,0.0254,152,0.503183508,0.02,NA,46,92.4015748
I1,6/15/2022,2022,I1 - Plant 13,Field,2022,2.92,0.0265,92,0.985554801,0,NA,49,110.1886792
I1,6/15/2022,2022,I1 - Plant 14,Field,2022,2.565,0.02,104,0.31404319,0.01,NA,33,128.25
I1,6/15/2022,2022,I1 - Plant 15,Field,2022,2.462,0.0165,116,0.370229416,0,NA,31,149.2121212
I2,6/15/2022,2022,I2 - Plant 1,Field,2022,1.689,0.0145,176,0.099882135,0.4,NA,33,116.4827586
I2,6/15/2022,2022,I2 - Plant 2,Field,2022,1.296,0.0099,164,0.353975697,0.1,NA,40,130.9090909
I2,6/15/2022,2022,I2 - Plant 3,Field,2022,1.073,0.0068,168,0.337458889,0.5,NA,29,157.7941176
I2,6/15/2022,2022,I2 - Plant 4,Field,2022,2.055,0.0109,116,0.338210334,0.05,NA,32,188.5321101
I2,6/15/2022,2022,I2 - Plant 5,Field,2022,1.456,0.0094,196,0.306065551,0.1,NA,48,154.893617
I2,6/15/2022,2022,I2 - Plant 6,Field,2022,1.358,0.0073,232,0.430641168,0,NA,30,186.0273973
I2,6/15/2022,2022,I2 - Plant 7,Field,2022,1.54,0.0094,240,0.490221553,0.02,NA,31,163.8297872
I2,6/15/2022,2022,I2 - Plant 8,Field,2022,3.256,0.0258,292,0.286822544,0,NA,42,126.2015504
I2,6/15/2022,2022,I2 - Plant 9,Field,2022,2.323,0.0112,164,0.877468311,0,NA,35,207.4107143
I2,6/15/2022,2022,I2 - Plant 10,Field,2022,1.951,0.0137,168,0.05543535,0,NA,46,142.4087591
I2,6/15/2022,2022,I2 - Plant 11,Field,2022,1.357,0.0077,184,0.530795912,0.03,NA,28,176.2337662
I2,6/15/2022,2022,I2 - Plant 12,Field,2022,1.316,0.0077,112,0.535314232,0.01,NA,25,170.9090909
I2,6/15/2022,2022,I2 - Plant 13,Field,2022,2.622,0.0149,144,0.368208366,0,NA,25,175.9731544
I2,6/15/2022,2022,I2 - Plant 14,Field,2022,2.613,0.015,100,0.425254066,0,NA,37,174.2
I2,6/15/2022,2022,I2 - Plant 15,Field,2022,2.361,0.0168,124,0.385515882,0,NA,35,140.5357143
I3,6/15/2022,2022,I3 - Plant 1,Field,2022,2.483,0.0211,264,1.119113442,0.02,NA,52,117.6777251
I3,6/15/2022,2022,I3 - Plant 2,Field,2022,2.086,0.0136,116,0.988897476,0.04,NA,47,153.3823529
I3,6/15/2022,2022,I3 - Plant 3,Field,2022,1.895,0.0146,136,0.863423543,0.02,NA,39,129.7945205
I3,6/15/2022,2022,I3 - Plant 4,Field,2022,1.678,0.0156,180,0.829812875,0.01,NA,43,107.5641026
I3,6/15/2022,2022,I3 - Plant 5,Field,2022,1.606,0.0153,244,1.266352935,0.02,NA,46,104.9673203
I3,6/15/2022,2022,I3 - Plant 6,Field,2022,3.639,0.0374,116,0.571345001,0.01,NA,51,97.29946524
I3,6/15/2022,2022,I3 - Plant 7,Field,2022,2.214,0.0217,148,0.706132745,0.05,NA,42,102.0276498
I3,6/15/2022,2022,I3 - Plant 8,Field,2022,2.36,0.0237,192,0.551531968,0.02,NA,34,99.57805907
I3,6/15/2022,2022,I3 - Plant 9,Field,2022,1.689,0.0181,200,0.533474891,0.02,NA,55,93.31491713
I3,6/15/2022,2022,I3 - Plant 10,Field,2022,2.449,0.018,272,0.549621675,0.01,NA,38,136.0555556
I3,6/15/2022,2022,I3 - Plant 11,Field,2022,1.371,0.0091,204,0.789989738,0.07,NA,53,150.6593407
I3,6/15/2022,2022,I3 - Plant 12,Field,2022,1.29,0.0129,140,0.652287282,0.05,NA,48,100
I3,6/15/2022,2022,I3 - Plant 13,Field,2022,2.44,0.0201,212,0.999421185,0.03,NA,37,121.3930348
I3,6/15/2022,2022,I3 - Plant 14,Field,2022,2.834,0.0221,144,0.701896013,0.03,NA,38,128.2352941
I3,6/15/2022,2022,I3 - Plant 15,Field,2022,1.208,0.0094,144,0.922157239,0.04,NA,43,128.5106383
I4,6/15/2022,2022,I4 - Plant 1,Field,2022,3.668,0.0245,110,0.345791877,0,NA,42,149.7142857
I4,6/15/2022,2022,I4 - Plant 2,Field,2022,1.765,0.0104,91,0.139713671,0,NA,34,169.7115385
I4,6/15/2022,2022,I4 - Plant 3,Field,2022,1.896,0.0131,87,0.135121523,0,NA,42,144.7328244
I4,6/15/2022,2022,I4 - Plant 4,Field,2022,1.66,0.0057,92,0.980634581,0,NA,20,291.2280702
I4,6/15/2022,2022,I4 - Plant 5,Field,2022,2.171,0.0115,112,0.471123098,0,NA,36,188.7826087
I4,6/15/2022,2022,I4 - Plant 6,Field,2022,2.14,0.0081,116,0.216179673,0.02,NA,35,264.1975309
I4,6/15/2022,2022,I4 - Plant 7,Field,2022,2.941,0.0144,108,0.274214564,0,NA,25,204.2361111
I4,6/15/2022,2022,I4 - Plant 8,Field,2022,2.295,0.0106,90,0.629551786,0,NA,29,216.509434
I4,6/15/2022,2022,I4 - Plant 9,Field,2022,1.004,0.045,146,0.410894472,0,NA,23,22.31111111
I4,6/15/2022,2022,I4 - Plant 10,Field,2022,2.317,0.0103,108,0.314216101,0,NA,56,224.9514563
N1,6/17/2022,2022,N1 - Plant 1,Field,2022,1.215,0.0087,228,0.792889972,0,NA,30,139.6551724
N1,6/17/2022,2022,N1 - Plant 2,Field,2022,1.917,0.0122,139,0.445196986,0.005,NA,22,157.1311475
N1,6/17/2022,2022,N1 - Plant 3,Field,2022,1.941,0.0163,83,0.243781859,0,NA,33,119.0797546
N1,6/17/2022,2022,N1 - Plant 4,Field,2022,1.179,0.0081,77,0.313647567,0,NA,32,145.5555556
N1,6/17/2022,2022,N1 - Plant 5,Field,2022,1.377,0.0087,134,0.239452753,0.01,NA,39,158.2758621
N1,6/17/2022,2022,N1 - Plant 6,Field,2022,1.469,0.0113,98,0.580941351,0,NA,30,130
N1,6/17/2022,2022,N1 - Plant 7,Field,2022,0.986,0.0065,81,0.488082066,0,NA,15,151.6923077
N1,6/17/2022,2022,N1 - Plant 8,Field,2022,0.788,0.0063,128,0.387836942,0,NA,10,125.0793651
N1,6/17/2022,2022,N1 - Plant 9,Field,2022,1.141,0.0075,78,0.655431017,0.4,NA,23,152.1333333
N1,6/17/2022,2022,N1 - Plant 10,Field,2022,1.748,0.0182,243,0.679840313,0.02,NA,26,96.04395604
N1,6/17/2022,2022,N1 - Plant 11,Field,2022,2.858,0.0251,345,0.883882987,0.03,NA,18,113.8645418
N2,6/17/2022,2022,N2 - Plant 1,Field,2022,1.729,0.0065,81,0.529303623,0.1,NA,21,266
N2,6/17/2022,2022,N2 - Plant 2,Field,2022,2.056,0.0135,82,0.498789787,0.4,NA,34,152.2962963
N2,6/17/2022,2022,N2 - Plant 3,Field,2022,1.308,0.0067,93,0.692178773,0.05,NA,36,195.2238806
N2,6/17/2022,2022,N2 - Plant 4,Field,2022,4.815,0.0248,139,0.694178749,0.03,NA,35,194.1532258
N2,6/17/2022,2022,N2 - Plant 5,Field,2022,3.432,0.0239,187,0.655583775,0.02,NA,28,143.5983264
N2,6/17/2022,2022,N2 - Plant 6,Field,2022,1.614,0.0075,100,0.733815156,0.1,NA,30,215.2
N2,6/17/2022,2022,N2 - Plant 7,Field,2022,1.742,0.0094,188,1.34758332,0.05,NA,29,185.3191489
N2,6/17/2022,2022,N2 - Plant 8,Field,2022,1.951,0.0101,107,0.598226722,0.1,NA,24,193.1683168
N2,6/17/2022,2022,N2 - Plant 9,Field,2022,2.854,0.135,83,0.693398626,0.03,NA,18,21.14074074
N2,6/17/2022,2022,N2 - Plant 10,Field,2022,1.409,0.008,112,0.858591464,0.07,NA,24,176.125
N2,6/17/2022,2022,N2 - Plant 11,Field,2022,1.586,0.01,184,0.598133292,0.05,NA,24,158.6
N3,6/17/2022,2022,N3 - Plant 1,Field,2022,0.801,0.0059,92,0.624451501,0,NA,34,135.7627119
N3,6/17/2022,2022,N3 - Plant 2,Field,2022,3.171,0.0238,132,0.413978397,0,NA,37,133.2352941
N3,6/17/2022,2022,N3 - Plant 3,Field,2022,1.835,0.0078,95,0.534665611,0,NA,36,235.2564103
N3,6/17/2022,2022,N3 - Plant 4,Field,2022,0.965,0.0054,133,0.575037486,0,NA,32,178.7037037
N3,6/17/2022,2022,N3 - Plant 5,Field,2022,2.185,0.0141,115,0.596088547,0,NA,40,154.964539
N3,6/17/2022,2022,N3 - Plant 6,Field,2022,1.505,0.0106,141,0.618923294,0.02,NA,36,141.9811321
N3,6/17/2022,2022,N3 - Plant 7,Field,2022,0.94,0.0059,108,0.941749198,0,NA,20,159.3220339
N4,6/17/2022,2022,N4 - Plant 1,Field,2022,2.475,0.014,98,0.15862392,0.01,NA,16,176.7857143
N4,6/17/2022,2022,N4 - Plant 2,Field,2022,2.264,0.0172,74,0.418345154,0.01,NA,24,131.627907
N4,6/17/2022,2022,N4 - Plant 3,Field,2022,2.94,0.0183,99,0.20213673,0,NA,28,160.6557377
N4,6/17/2022,2022,N4 - Plant 4,Field,2022,1.775,0.0185,109,0.255820967,0.01,NA,27,95.94594595
N4,6/17/2022,2022,N4 - Plant 5,Field,2022,2.317,0.0178,135,0.914163741,0.3,NA,41,130.1685393
N4,6/17/2022,2022,N4 - Plant 6,Field,2022,2.063,0.0151,162,0.628654782,0.01,NA,25,136.6225166
N4,6/17/2022,2022,N4 - Plant 7,Field,2022,2.752,0.0231,170,0.590087598,0,NA,29,119.1341991
N5,8/10/2022,2022,Culvan-1,Field,2022,0.887,0.0067,164,0.905289996,0.02,NA,30,132.3880597
N5,6/17/2022,2022,N5 - Plant 1,Field,2022,1.888,0.0147,132,0.182654067,0.01,NA,18,128.4353741
N5,8/10/2022,2022,Culvan-2,Field,2022,1.04,0.0069,144,0.761171963,0.04,NA,43,150.7246377
N5,8/10/2022,2022,Culvan-3,Field,2022,1.69,0.0127,124,0.604729756,0.05,NA,65,133.0708661
N5,6/17/2022,2022,N5 - Plant 3,Field,2022,1.898,0.0136,167,0.364143219,0.01,NA,22,139.5588235
N5,8/10/2022,2022,Culvan-4,Field,2022,1.472,0.0103,104,0.505013475,0.03,NA,40,142.9126214
N5,6/17/2022,2022,N5 - Plant 4,Field,2022,2.461,0.0254,240,0.890219497,0.1,NA,20,96.88976378
N5,8/10/2022,2022,Culvan-5,Field,2022,1.193,0.0105,100,0.888927695,0,NA,31,113.6190476
N5,6/17/2022,2022,N5 - Plant 5,Field,2022,1.964,0.0187,217,0.732751692,0.01,NA,21,105.026738
N5,8/10/2022,2022,Culvan-6,Field,2022,1.318,0.0103,152,0.446813926,0.06,NA,61,127.961165
N5,6/17/2022,2022,N5 - Plant 6,Field,2022,2.012,0.0151,281,0.396524124,0.01,NA,37,133.2450331
N5,6/17/2022,2022,N5 - Plant 7,Field,2022,1.131,0.0106,289,1.115923878,0,NA,16,106.6981132
N5,6/17/2022,2022,N5 - Plant 8,Field,2022,1.447,0.0137,137,1.205326657,0,NA,18,105.620438
N5,6/17/2022,2022,N5 - Plant 9,Field,2022,2.549,0.0178,201,0.506015445,0.02,NA,39,143.2022472
N5,6/17/2022,2022,N5 - Plant 10,Field,2022,1.279,0.0078,178,0.153180845,0.03,NA,30,163.974359
N5,6/17/2022,2022,N5 - Plant 11,Field,2022,2.112,0.0081,107,0.526696238,0.03,NA,32,260.7407407
N6,6/17/2022,2022,N6 - Plant 1,Field,2022,0.987,0.0066,323,0.373249221,0.02,NA,20,149.5454545
N6,6/17/2022,2022,N6 - Plant 2,Field,2022,1.29,0.0072,190,0.339835979,0,NA,37,179.1666667
N6,6/17/2022,2022,N6 - Plant 3,Field,2022,1.611,0.0113,276,0.514930412,0,NA,40,142.5663717
N6,6/17/2022,2022,N6 - Plant 4,Field,2022,1.246,0.0092,415,0.451650426,0,NA,22,135.4347826
N6,6/17/2022,2022,N6 - Plant 5,Field,2022,1.297,0.0055,174,0.142616649,0.01,NA,26,235.8181818
N6,6/17/2022,2022,N6 - Plant 6,Field,2022,1.653,0.011,251,0.245207679,0,NA,24,150.2727273
N6,6/17/2022,2022,N6 - Plant 7,Field,2022,1.518,0.0074,126,0.377306853,0.03,NA,41,205.1351351
N6,6/17/2022,2022,N6 - Plant 8,Field,2022,1.807,0.009,171,0.46530717,0,NA,44,200.7777778
N8,6/17/2022,2022,N8 - Plant 1,Field,2022,2.422,0.0161,98,0.288373927,0.01,NA,37,150.4347826
N8,6/17/2022,2022,N8 - Plant 2,Field,2022,2.795,0.0204,96,0.234887359,0,NA,35,137.0098039
N8,6/17/2022,2022,N8 - Plant 3,Field,2022,2.534,0.0225,306,0.2139887,0.05,NA,38,112.6222222
N8,6/17/2022,2022,N8 - Plant 4,Field,2022,2.547,0.0182,118,0.227808529,0.02,NA,24,139.9450549
N8,6/17/2022,2022,N8 - Plant 5,Field,2022,5.262,0.043,78,0.330368825,0.03,NA,26,122.372093
N8,6/17/2022,2022,N8 - Plant 6,Field,2022,3.686,0.0317,126,0.596840499,0.01,NA,34,116.2776025
N8,6/17/2022,2022,N8 - Plant 7,Field,2022,2.794,0.0217,94,0.379898433,0,NA,27,128.7557604
N8,6/17/2022,2022,N8 - Plant 8,Field,2022,1.637,0.0134,124,0.382478509,0,NA,25,122.1641791
N8,6/17/2022,2022,N8 - Plant 9,Field,2022,1.67,0.0116,122,0.529686514,0,NA,24,143.9655172
N8,6/17/2022,2022,N8 - Plant 10,Field,2022,1.677,0.0159,158,0.217438893,0,NA,24,105.4716981
N9,8/12/2022,2022,UWM-1,Field,2022,1.795,0.0157,104,0.309407073,0.02,NA,31,114.3312102
N9,8/12/2022,2022,UWM-2,Field,2022,1.185,0.0104,100,0.450247281,0.01,NA,47,113.9423077
N9,8/12/2022,2022,UWM-3,Field,2022,1.309,0.012,116,0.691191391,0.02,NA,33,109.0833333
N9,8/12/2022,2022,UWM-4,Field,2022,2.519,0.0181,76,0.556048429,0.04,NA,30,139.1712707
N9,8/12/2022,2022,UWM-5,Field,2022,1.877,0.0145,84,0.684664523,0.02,NA,31,129.4482759
N9,8/12/2022,2022,UWM-6,Field,2022,2.036,0.0147,72,0.814384368,0,NA,30,138.5034014
N10,8/12/2022,2022,Kettle-2,Field,2022,1.2,0.0062,60,0.708832591,0,NA,20,193.5483871
N10,8/12/2022,2022,Kettle-3,Field,2022,1.21,0.0064,44,0.69385294,0,NA,30,189.0625
N10,8/12/2022,2022,Kettle-4,Field,2022,1.07,0.0074,68,0.883179006,0,NA,28,144.5945946
N10,8/12/2022,2022,Kettle-5,Field,2022,1.45,0.0111,96,0.447547434,0,NA,31,130.6306306
N10,8/12/2022,2022,Kettle-6,Field,2022,1.145,0.0049,56,0.286001078,0,NA,26,233.6734694
N7,6/17/2022,2022,N7A - Plant 1,Field,2022,2.24,0.0153,295,0.499939464,0,NA,53,146.4052288
N7,6/17/2022,2022,N7A - Plant 2,Field,2022,2.061,0.0157,247,0.300196125,0,NA,20,131.2738854
N7,6/17/2022,2022,N7A - Plant 3,Field,2022,2.497,0.0128,139,0.489193752,0,NA,32,195.078125
N7,6/17/2022,2022,N7A - Plant 4,Field,2022,1.475,0.0095,395,0.914479354,0,NA,29,155.2631579
N7,6/17/2022,2022,N7A - Plant 5,Field,2022,2.296,0.0182,250,0.899756474,0,NA,25,126.1538462
N7,6/17/2022,2022,N7A - Plant 6,Field,2022,3.502,0.0171,94,0.59920955,0.02,NA,57,204.7953216
N7,6/17/2022,2022,N7A - Plant 7,Field,2022,1.92,0.0156,242,0.385562143,0,NA,38,123.0769231
N7,6/17/2022,2022,N7A - Plant 8,Field,2022,2.64,0.0174,226,0.631330547,0,NA,25,151.7241379
N7,6/17/2022,2022,N7A - Plant 9,Field,2022,2.461,0.022,455,0.07858366,0,NA,33,111.8636364
N7,6/17/2022,2022,N7A - Plant 10,Field,2022,2.213,0.0179,398,0.312108972,0,NA,32,123.6312849
N7,6/17/2022,2022,N7A - Plant 11,Field,2022,1.397,0.0089,160,0.210189864,0,NA,24,156.9662921
N7,8/10/2022,2022,Deer-Run-1,Field,2022,3.104,0.0248,100,0.337856609,0.01,NA,46,125.1612903
N7,8/10/2022,2022,Deer-Run-2,Field,2022,1.247,0.0089,116,0.398998158,0.06,NA,44,140.1123596
N7,8/10/2022,2022,Deer-Run-3,Field,2022,1.602,0.0147,188,0.122353809,0.05,NA,55,108.9795918
N7,8/10/2022,2022,Deer-Run-5,Field,2022,1.582,0.0136,116,0.148966071,0.02,NA,53,116.3235294
N7,8/10/2022,2022,Deer-Run-6,Field,2022,1.187,0.012,144,0.461175084,0.03,NA,37,98.91666667
DUDU,6/6/2022,2022,Plant1_Pop Dudu,Field,2022,1.756,0.0111,45,0.532265337,0.01,NA,33,158.1981982
DUDU,6/6/2022,2022,Plant2_Pop Dudu,Field,2022,2.768,0.0166,101,0.230981641,0,NA,41,166.746988
DUDU,6/6/2022,2022,Plant3_Pop Dudu,Field,2022,3.27,0.0221,104,0.47089163,0.01,NA,43,147.9638009
DUDU,6/6/2022,2022,Plant4_Pop Dudu,Field,2022,2.203,0.0139,109,0.817630338,0,NA,26,158.4892086
DUDU,6/6/2022,2022,Plant5_Pop Dudu,Field,2022,4.194,0.0406,86,0.235182868,0.01,NA,30,103.3004926
DUDU,6/6/2022,2022,Plant6_Pop Dudu,Field,2022,2.726,0.0178,85,0.27837201,0.02,NA,27,153.1460674
ARB,6/17/2022,2022,Plant-4-Arb,Field,2022,4.782,0.0444,95,0.536588104,0.1,NA,35,107.7027027
ARB,6/17/2022,2022,Plant-6-Arb,Field,2022,4.664,0.0455,89,0.198393744,0.1,NA,27,102.5054945
ARB,6/17/2022,2022,Plant-7-Arb,Field,2022,2.036,0.0161,88,0.868106659,0.1,NA,25,126.4596273
ARB,6/17/2022,2022,Plant-8-Arb,Field,2022,1.841,0.0174,238,0.500184298,0.15,NA,25,105.8045977
ARB,6/17/2022,2022,Plant-12-Arb,Field,2022,5.748,0.454,153,0.468604239,0.3,NA,45,12.66079295
ARB,6/17/2022,2022,Plant-15-Arb,Field,2022,6.24,0.0665,113,0.342552267,0.15,NA,34,93.83458647
PS,6/15/2022,2022,PS1,Field,2022,4.751,0.039,122,0.614487951,0.02,NA,31,121.8205128
PS,6/15/2022,2022,PS2,Field,2022,3.599,0.0315,117,0.803746476,0.02,NA,32,114.2539683
PS,6/15/2022,2022,PS3,Field,2022,2.968,0.0284,98,0.261289161,0.01,NA,35,104.5070423
PS,6/15/2022,2022,PS4,Field,2022,2.751,0.0286,60,0.361768096,0.03,NA,18,96.18881119
PS,6/15/2022,2022,PS5,Field,2022,2.597,0.0227,120,0.590284505,0.03,NA,23,114.4052863
CAH,6/21/2022,2022,Plant-5-CAH,Field,2022,2.885,0.029,92,0.213458512,0.05,NA,54,99.48275862
CAH,6/21/2022,2022,Plant-8-CAH,Field,2022,2.144,0.0192,80,0.193041159,0.02,NA,45,111.6666667
CAH,6/21/2022,2022,Plant-9-CAH,Field,2022,1.775,0.0211,160,0.277403613,0.06,NA,38,84.12322275
CAH,6/21/2022,2022,Plant-11-CAH,Field,2022,2.628,0.0344,237,0.301912947,0.02,NA,40,76.39534884
CAH,6/21/2022,2022,Plant-12-CAH,Field,2022,2.706,0.0339,222,0.206386665,0.08,NA,30,79.82300885
CAH,6/21/2022,2022,Plant-14-CAH,Field,2022,2.71,0.0241,114,0.175993213,0.07,NA,44,112.4481328
ECO,6/22/2022,2022,Eco1,Field,2022,0.868,0.0076,44,0.203744886,0,NA,32,114.2105263
ECO,6/22/2022,2022,Eco2,Field,2022,0.925,0.0072,64,0.392868101,0.05,NA,28,128.4722222
ECO,6/22/2022,2022,Eco3,Field,2022,0.939,0.005,36,0.257679519,0.02,NA,37,187.8
ECO,6/22/2022,2022,Eco4,Field,2022,1.086,0.0093,24,0.289495929,0.04,NA,34,116.7741935
ECO,6/22/2022,2022,Eco5,Field,2022,0.487,0.0045,204,0.265639712,0.06,NA,31,108.2222222
ECO,6/22/2022,2022,Eco6,Field,2022,0.7,0.0072,56,0.344764924,0.01,NA,28,97.22222222
FLAT,6/23/2022,2022,Flat1,Field,2022,5.059,0.0437,115,0.383890878,0.1,NA,41,115.7665904
FLAT,6/23/2022,2022,Flat2,Field,2022,2.92,0.0356,148,0.76495156,0.05,NA,33,82.02247191
FLAT,6/23/2022,2022,Flat3,Field,2022,2.541,0.0161,95,0.26584862,0.02,NA,37,157.826087
FLAT,6/23/2022,2022,Flat4,Field,2022,4.036,0.0378,72,0.448755067,0.08,NA,31,106.7724868
FLAT,6/23/2022,2022,Flat5,Field,2022,4.088,0.0358,113,0.374293629,0.02,NA,39,114.1899441
FLAT,6/23/2022,2022,Flat6,Field,2022,3.006,0.0283,101,0.042222462,0.15,NA,31,106.2190813
ICH,6/22/2022,2022,Ich1,Field,2022,3.065,0.0223,178,0.81002409,0.03,NA,31,137.4439462
ICH,6/22/2022,2022,Ich2,Field,2022,1.771,0.0121,70,0.811029468,0.06,NA,26,146.3636364
ICH,6/22/2022,2022,Ich3,Field,2022,4.133,0.0228,138,1.052523423,0,NA,37,181.2719298
ICH,6/22/2022,2022,Ich4,Field,2022,2.471,0.0197,178,0.285803096,0.1,NA,46,125.4314721
ICH,6/22/2022,2022,Ich5,Field,2022,2.604,0.0195,210,0.269559676,0.06,NA,26,133.5384615
ICH,6/22/2022,2022,Ich6,Field,2022,5.226,0.0321,152,0.391680061,0.25,NA,47,162.8037383
BR,6/21/2022,2022,BlackRiver1,Field,2022,1.341,0.0126,174,0.546134136,0.03,NA,42,106.4285714
QUI,6/7/2020,2023,QUI-1,Field,2023,2.001,0.0106,125,0.218834866,0.07,11,30,188.7735849
QUI,6/7/2020,2023,QUI-2,Field,2023,1.684,0.0094,148,0.263013291,0.1,8,28,179.1489362
QUI,6/7/2020,2023,QUI-3,Field,2023,1.516,0.0073,123,0.31356918,0.15,12,27,207.6712329
QUI,6/7/2020,2023,QUI-4,Field,2023,1.679,0.0083,116,0.32000462,0.08,6,29,202.2891566
QUI,6/7/2020,2023,QUI-5,Field,2023,1.429,0.0064,97,0.293914998,0.05,6,27,223.28125
QUI,6/7/2020,2023,QUI-6,Field,2023,1.046,0.0057,146,0.36919805,0.1,6,26,183.5087719
QUI,6/7/2020,2023,QUI-7,Field,2023,0.885,0.0037,85,0.351544073,0.05,7,28,239.1891892
QUI,6/7/2020,2023,QUI-8,Field,2023,2.794,0.0144,111,0.353399335,0.03,8,41,194.0277778
QUI,6/7/2020,2023,QUI-9,Field,2023,1.286,0.0064,141,0.30542342,0.06,7,24,200.9375
QUI,6/7/2020,2023,QUI-10,Field,2023,2.477,0.0136,116,0.251765766,0.03,9,22,182.1323529
QUI,6/7/2020,2023,QUI-11,Field,2023,1.492,0.0069,151,0.294465779,0.07,11,23,216.2318841
QUI,6/7/2020,2023,QUI-12,Field,2023,1.831,0.0091,125,0.256519875,0.25,9,23,201.2087912
QUI,6/7/2020,2023,QUI-13,Field,2023,1.697,0.0074,133,0.300988185,0.1,11,23,229.3243243
QUI,6/7/2020,2023,QUI-14,Field,2023,2.201,0.0131,135,0.276985733,0.06,9,22,168.0152672
QUI,6/7/2020,2023,QUI-15,Field,2023,2.17,0.0102,114,0.302002781,0.2,20,25,212.745098
QUI,6/7/2020,2023,QUI-16,Field,2023,1.364,0.0103,82,0.268231216,0.1,12,27,132.4271845
QUI,6/7/2020,2023,QUI-17,Field,2023,2.178,0.0106,90,0.292088725,0.15,10,24,205.4716981
QUI,6/7/2020,2023,QUI-18,Field,2023,1.494,0.0072,88,0.27855111,0.08,10,28,207.5
QUI,6/7/2020,2023,QUI-19,Field,2023,1.209,0.0055,93,0.233618985,0.2,7,23,219.8181818
QUI,6/7/2020,2023,QUI-20,Field,2023,1.53,0.0075,92,0.270028501,0.05,6,24,204
QUI,6/7/2020,2023,QUI-21,Field,2023,1.878,0.0108,288,0.292871414,0.15,7,21,173.8888889
QUI,6/7/2020,2023,QUI-22,Field,2023,0.961,0.0052,111,0.305829259,0.4,12,28,184.8076923
QUI,6/7/2020,2023,QUI-24,Field,2023,1.725,0.0084,98,0.286349008,0.35,12,29,205.3571429
QUI,6/7/2020,2023,QUI-26,Field,2023,2.108,0.0115,143,0.300785265,0.1,6,19,183.3043478
COO,6/8/2020,2023,COO-1,Field,2023,0.879,0.0044,334,0.188889778,0.103,5,20,199.7727273
COO,6/8/2020,2023,COO-2,Field,2023,1.513,0.007,195,0.221385851,0.3,10,31,216.1428571
COO,6/8/2020,2023,COO-3,Field,2023,1.326,0.007,328,0.074704203,0.36,12,30,189.4285714
COO,6/8/2020,2023,COO-4,Field,2023,0.855,0.0037,214,0.099402377,0.08,7,33,231.0810811
COO,6/8/2020,2023,COO-5,Field,2023,0.657,0.0033,333,0.100098101,0.11,6,22,199.0909091
COO,6/8/2020,2023,COO-6,Field,2023,1.684,0.0086,249,0.085951728,0.25,6,44,195.8139535
COO,6/8/2020,2023,COO-7,Field,2023,1.055,0.0046,223,0.069486278,0.185,6,31,229.3478261
COO,6/8/2020,2023,COO-8,Field,2023,0.961,0.0041,128,0.19851395,0.16,7,35,234.3902439
COO,6/8/2020,2023,COO-9,Field,2023,1.413,0.0076,172,0.218631947,0.14,8,35,185.9210526
COO,6/8/2020,2023,COO-10,Field,2023,1.915,0.0094,132,0.25811424,0.28,7,31,203.7234043
COO,6/8/2020,2023,COO-11,Field,2023,1.269,0.0063,176,0.268231216,0.112,6,28,201.4285714
COO,6/8/2020,2023,COO-12,Field,2023,1.159,0.0042,108,0.241126998,0.17,5,61,275.952381
COO,6/8/2020,2023,COO-13,Field,2023,1.531,0.0078,164,0.277159664,0.21,9,31,196.2820513
COO,6/8/2020,2023,COO-14,Field,2023,1.634,0.0084,232,0.221124955,0.23,8,39,194.5238095
COO,6/8/2020,2023,COO-15,Field,2023,1.58,0.0083,160,0.232024619,0.071,8,49,190.3614458
COO,6/8/2020,2023,COO-16,Field,2023,1.543,0.0066,172,0.220777093,0.14,6,32,233.7878788
COO,6/8/2020,2023,COO-17,Field,2023,1.433,0.0077,176,0.161872526,0.15,7,35,186.1038961
COO,6/8/2020,2023,COO-18,Field,2023,1.006,0.0039,84,0.201006958,0.13,5,24,257.9487179
COO,6/8/2020,2023,COO-19,Field,2023,1.218,0.005,116,0.209848441,0.12,9,32,243.6
COO,6/8/2020,2023,COO-20,Field,2023,1.165,0.006,124,0.117636124,0.26,7,30,194.1666667
COO,6/8/2020,2023,COO-21,Field,2023,1.37,0.0079,152,0.218458016,0.13,10,50,173.4177215
COO,6/8/2020,2023,COO-22,Field,2023,0.792,0.0039,144,0.245098418,0.19,13,44,203.0769231
COO,6/8/2020,2023,COO-23,Field,2023,1.399,0.0071,160,0.200485166,0.27,5,27,197.0422535
COO,6/8/2020,2023,COO-24,Field,2023,0.987,0.0062,156,0.116331643,0.46,8,40,159.1935484
COO,6/8/2020,2023,COO-25,Field,2023,1.62,0.011,216,0.141957449,0.12,6,46,147.2727273
COO,6/8/2020,2023,COO-26,Field,2023,1.77,0.0087,132,0.162220388,0.13,14,21,203.4482759
COO,6/8/2020,2023,COO-27,Field,2023,1.481,0.0075,192,0.174453521,0.11,9,25,197.4666667
COO,6/8/2020,2023,COO-28,Field,2023,0.895,0.0046,116,0.187266424,0.27,8,49,194.5652174
COO,6/8/2020,2023,COO-29,Field,2023,1.658,0.0092,112,0.170279182,0.2,8,38,180.2173913
COO,6/8/2020,2023,COO-30,Field,2023,3.031,0.0166,148,0.213414023,0.23,9,59,182.5903614
DUDU,6/12/2020,2023,DUDU-1,Field,2023,1.722,0.0111,108,0.038671537,0,7,38,155.1351351
DUDU,6/12/2020,2023,DUDU-2,Field,2023,1.871,0.0119,100,0.050991636,0.001,36,34,157.2268908
DUDU,6/12/2020,2023,DUDU-3,Field,2023,1.03,0.0054,128,0.079516288,0,6,30,190.7407407
DUDU,6/12/2020,2023,DUDU-4,Field,2023,1.263,0.0088,108,0.027366034,0,42,34,143.5227273
DUDU,6/12/2020,2023,DUDU-5,Field,2023,2.218,0.0109,72,0.056064618,0,9,41,203.4862385
DUDU,6/12/2020,2023,DUDU-6,Field,2023,1.954,0.0141,116,0.057658983,0.01,15,21,138.5815603
DUDU,6/12/2020,2023,DUDU-7,Field,2023,1.247,0.0064,124,0.069892117,0.01,11,30,194.84375
DUDU,6/12/2020,2023,DUDU-8,Field,2023,1.871,0.0119,68,0.054963056,0,13,28,157.2268908
DUDU,6/12/2020,2023,DUDU-9,Field,2023,1.803,0.0094,112,0.053919471,0,16,43,191.8085106
DUDU,6/12/2020,2023,DUDU-10,Field,2023,0.829,0.004,64,0.059862107,0.02,17,30,207.25
DUDU,6/12/2020,2023,DUDU-11,Field,2023,1.724,0.01,104,0.03765694,0.005,28,39,172.4
DUDU,6/12/2020,2023,DUDU-12,Field,2023,1.857,0.0113,92,0.04826672,0.04,7,30,164.3362832
DUDU,6/12/2020,2023,DUDU-13,Field,2023,1.514,0.008,136,0.032612947,0.001,32,38,189.25
DUDU,6/12/2020,2023,DUDU-14,Field,2023,2.223,0.0098,92,0.060036038,0.002,30,47,226.8367347
DUDU,6/12/2020,2023,DUDU-15,Field,2023,1.355,0.0061,132,0.053049817,0,5,27,222.1311475
DUDU,6/12/2020,2023,DUDU-16,Field,2023,2.323,0.0186,116,0.047773916,0,18,42,124.8924731
DUDU,6/12/2020,2023,DUDU-17,Field,2023,1.812,0.0142,92,0.030699708,0,23,43,127.6056338
DUDU,6/12/2020,2023,DUDU-18,Field,2023,1.213,0.0052,136,0.043628565,0,34,23,233.2692308
DUDU,6/12/2020,2023,DUDU-19,Field,2023,1.905,0.0115,80,0.069892117,0.01,22,37,165.6521739
DUDU,6/12/2020,2023,DUDU-20,Field,2023,2.501,0.0089,72,0.066181593,0.04,11,26,281.011236
DUDU,6/12/2020,2023,DUDU-21,Field,2023,1.59,0.0079,124,0.04617955,0.01,21,41,201.2658228
DUDU,6/12/2020,2023,DUDU-22,Field,2023,1.313,0.0066,88,0.162133422,0,13,30,198.9393939
DUDU,6/12/2020,2023,DUDU-23,Field,2023,0.815,0.004,100,0.171351755,0,12,26,203.75
DUDU,6/12/2020,2023,DUDU-24,Field,2023,1.899,0.008,112,0.038410641,0,10,40,237.375
SUW,6/14/2020,2023,SUW-1,Field,2023,1.483,0.0059,112,0.225270306,0.015,13,39,251.3559322
SUW,6/14/2020,2023,SUW-2,Field,2023,1.564,0.0061,128,0.205906009,0.03,19,54,256.3934426
SUW,6/14/2020,2023,SUW-3,Field,2023,0.549,0.0017,120,0.19926765,0.01,13,31,322.9411765
SUW,6/14/2020,2023,SUW-4,Field,2023,1.317,0.0044,124,0.25225857,0,8,33,299.3181818
SUW,6/14/2020,2023,SUW-5,Field,2023,0.729,0.0028,132,0.086154647,0.4,15,37,260.3571429
SUW,6/14/2020,2023,SUW-6,Field,2023,1.331,0.0061,122,0.10749016,0.01,29,40,218.1967213
SUW,6/14/2020,2023,SUW-7,Field,2023,1.106,0.0043,116,0.086502509,0,23,52,257.2093023
SUW,6/14/2020,2023,SUW-8,Field,2023,1.136,0.0056,132,0.086589475,0.02,11,44,202.8571429
SUW,6/14/2020,2023,SUW-9,Field,2023,0.649,0.0029,82,0.100445962,0.02,19,36,223.7931034
SUW,6/14/2020,2023,SUW-10,Field,2023,1.357,0.0044,144,0.246982669,0.02,14,59,308.4090909
SUW,6/14/2020,2023,SUW-11,Field,2023,0.852,0.0031,118,0.25472259,0.03,14,47,274.8387097
SUW,6/14/2020,2023,SUW-12,Field,2023,0.759,0.0026,96,0.222284494,0.15,15,56,291.9230769
SUW,6/14/2020,2023,SUW-13,Field,2023,0.603,0.0035,156,0.247968276,0,8,27,172.2857143
SUW,6/14/2020,2023,SUW-14,Field,2023,0.841,0.0035,148,0.067515063,0.02,16,45,240.2857143
SUW,6/14/2020,2023,SUW-15,Field,2023,0.791,0.0039,140,0.060123003,0.55,11,48,202.8205128
SUW,6/14/2020,2023,SUW-16,Field,2023,1.533,0.0059,76,0.080733804,0.02,18,45,259.8305085
SUW,6/14/2020,2023,SUW-17,Field,2023,1.229,0.005,120,0.073718595,0,10,46,245.8
SUW,6/14/2020,2023,SUW-18,Field,2023,1.17,0.0042,48,0.089923148,0,26,38,278.5714286
SUW,6/14/2020,2023,SUW-19,Field,2023,1.528,0.007,108,0.24544628,0,13,47,218.2857143
SUW,6/14/2020,2023,SUW-20,Field,2023,0.847,0.0021,112,0.474107316,0,16,50,403.3333333
SHE,6/29/2020,2023,SHE-1,Field,2023,2.12,0.0128,128,0.217124546,0.25,9,25,165.625
SHE,6/29/2020,2023,SHE-2,Field,2023,0.703,0.0045,116,0.253736982,0.25,6,13,156.2222222
SHE,6/29/2020,2023,SHE-3,Field,2023,0.683,0.0036,148,0.30429287,0.15,7,15,189.7222222
SHE,6/29/2020,2023,SHE-4,Field,2023,1.425,0.0073,152,0.285392389,0.04,8,17,195.2054795
SHE,6/29/2020,2023,SHE-5,Field,2023,1.207,0.0065,104,0.288349213,0.19,6,17,185.6923077
SHE,6/29/2020,2023,SHE-6,Field,2023,1.184,0.0071,172,0.233445054,0.21,9,26,166.7605634
SHE,6/29/2020,2023,SHE-7,Field,2023,1.015,0.0062,176,0.280725245,0.1,8,18,163.7096774
SHE,6/29/2020,2023,SHE-8,Field,2023,0.957,0.0056,184,0.255447301,0.28,8,29,170.8928571
SHE,6/29/2020,2023,SHE-9,Field,2023,1.655,0.007,204,0.345311552,0.1,3,20,236.4285714
SHE,6/29/2020,2023,SHE-10,Field,2023,1.459,0.0084,180,0.253910912,0.11,6,36,173.6904762
SHE,6/29/2020,2023,SHE-11,Field,2023,1.135,0.0064,156,0.266231011,0.09,12,18,177.34375
SHE,6/29/2020,2023,SHE-12,Field,2023,0.705,0.0042,212,0.215878042,0.21,8,19,167.8571429
SHE,6/29/2020,2023,SHE-13,Field,2023,1.198,0.0068,244,0.248895907,0.08,6,32,176.1764706
SHE,6/29/2020,2023,SHE-14,Field,2023,0.788,0.0043,104,0.185034312,0.1,4,17,183.255814
SHE,6/29/2020,2023,SHE-15,Field,2023,0.719,0.0041,188,0.232430458,0.1,5,33,175.3658537
SHE,6/29/2020,2023,SHE-16,Field,2023,0.619,0.0023,132,0.288378201,0.12,5,24,269.1304348
SHE,6/29/2020,2023,SHE-17,Field,2023,1.196,0.0077,212,0.265535288,0.03,4,38,155.3246753
SHE,6/29/2020,2023,SHE-18,Field,2023,1.593,0.0054,108,0.251243973,0.16,6,17,295
SHE,6/29/2020,2023,SHE-19,Field,2023,0.868,0.0033,100,0.21364593,0.23,5,41,263.030303
SHE,6/29/2020,2023,SHE-20,Field,2023,1.682,0.0067,100,0.22935768,0.05,3,32,251.0447761
SHE,6/29/2020,2023,SHE-21,Field,2023,0.865,0.0049,116,0.23466257,0.12,5,38,176.5306122
SHE,6/29/2020,2023,SHE-22,Field,2023,0.973,0.005,140,0.266810781,0.13,5,47,194.6
SHE,6/29/2020,2023,SHE-23,Field,2023,0.872,0.0058,148,0.250896112,0.24,6,53,150.3448276
SHE,6/29/2020,2023,SHE-24,Field,2023,1.049,0.0052,132,0.277594491,0.3,6,46,201.7307692
SHE,6/29/2020,2023,SHE-25,Field,2023,0.568,0.002,128,0.314786695,0.12,4,23,284
SHE,6/29/2020,2023,SHE-26,Field,2023,0.969,0.0045,184,0.220255301,0.15,5,19,215.3333333
SHE,6/29/2020,2023,SHE-27,Field,2023,1.029,0.0066,196,0.218805878,0.16,4,26,155.9090909
SHE,6/29/2020,2023,SHE-28,Field,2023,0.978,0.0046,164,0.252896316,0.07,8,30,212.6086957
SHE,6/29/2020,2023,SHE-29,Field,2023,0.917,0.0054,172,0.25831716,0.17,7,24,169.8148148
SHE,6/29/2020,2023,SHE-30,Field,2023,1.75,0.007,112,0.263216211,0.17,4,50,250
KAN,6/27/2020,2023,KAN-1,Field,2023,0.846,0.0073,228,0.295451387,0.081,5,25,115.890411
KAN,6/27/2020,2023,KAN-2,Field,2023,1.282,0.0105,196,0.21364593,0.001,5,17,122.0952381
KAN,6/27/2020,2023,KAN-3,Field,2023,1.848,0.0127,124,0.249736573,0.06,4,21,145.511811
KAN,6/27/2020,2023,KAN-4,Field,2023,0.513,0.0036,188,0.282000738,0.01,5,16,142.5
KAN,6/27/2020,2023,KAN-5,Field,2023,0.846,0.0053,192,0.209587545,0,6,25,159.6226415
KAN,6/27/2020,2023,KAN-6,Field,2023,0.99,0.0079,204,0.195760045,0.001,6,22,125.3164557
KAN,6/27/2020,2023,KAN-7,Field,2023,1.792,0.0129,152,0.274898563,0.015,6,26,138.9147287
KAN,6/27/2020,2023,KAN-8,Field,2023,0.928,0.0077,248,0.238981851,0,6,15,120.5194805
KAN,6/27/2020,2023,KAN-9,Field,2023,1.341,0.0105,308,0.19851395,0.03,6,27,127.7142857
KAN,6/27/2020,2023,KAN-10,Field,2023,1.718,0.0131,180,0.265651242,0.25,4,17,131.1450382
KAN,6/27/2020,2023,KAN-11,Field,2023,0.813,0.0056,208,0.223994813,0.2,4,19,145.1785714
KAN,6/27/2020,2023,KAN-12,Field,2023,1.486,0.0107,148,0.246228968,0,7,34,138.8785047
KAN,6/27/2020,2023,KAN-13,Field,2023,1.12,0.0094,184,0.242141594,0.01,8,21,119.1489362
KAN,6/27/2020,2023,KAN-14,Field,2023,1.543,0.0104,140,0.2333291,0,6,25,148.3653846
KAN,6/27/2020,2023,KAN-15,Field,2023,0.867,0.0047,172,0.126999399,0.01,5,15,184.4680851
KAN,6/27/2020,2023,KAN-17,Field,2023,1.024,0.0057,140,0.146305719,0.13,7,15,179.6491228
KAN,6/27/2020,2023,KAN-18,Field,2023,0.547,0.0024,144,0.081945831,0.04,6,20,227.9166667
KAN,6/27/2020,2023,KAN-19,Field,2023,1.05,0.0067,156,0.186106886,0,4,20,156.7164179
KAN,6/27/2020,2023,KAN-20,Field,2023,0.941,0.0087,248,0.352210808,0.01,8,16,108.1609195
KAN,6/27/2020,2023,KAN-21,Field,2023,0.835,0.0074,196,0.195789034,0.12,8,21,112.8378378
KAN,6/27/2020,2023,KAN-22,Field,2023,0.887,0.0077,208,0.263361153,0.185,8,16,115.1948052
KAN,6/27/2020,2023,KAN-23,Field,2023,1.049,0.0077,164,0.23843107,0.105,6,26,136.2337662
KAN,6/27/2020,2023,KAN-24,Field,2023,1.082,0.0089,184,0.223241113,0.05,7,30,121.5730337
KAN,6/27/2020,2023,KAN-25,Field,2023,1.323,0.0101,176,0.260491295,0.02,6,22,130.990099
KAN,6/27/2020,2023,KAN-26,Field,2023,1.25,0.0097,188,0.222110563,0.01,6,26,128.8659794
KAN,6/27/2020,2023,KAN-27,Field,2023,1.066,0.0083,144,0.261158029,0,7,19,128.4337349
KAN,6/27/2020,2023,KAN-28,Field,2023,0.621,0.0041,196,0.253968889,0.015,7,17,151.4634146
KAN,6/27/2020,2023,KAN-29,Field,2023,0.776,0.005,158,0.255157417,0.05,7,16,155.2
KAN,6/27/2020,2023,KAN-30,Field,2023,0.979,0.0081,164,0.193817818,0.03,8,14,120.8641975
TAL,7/6/2020,2023,TAL-1,Field,2023,2.429,0.0122,84,0.150277139,0.3,6,41,199.0983607
TAL,7/6/2020,2023,TAL-2,Field,2023,1.136,0.0087,176,0.159437495,0.13,9,37,130.5747126
TAL,7/6/2020,2023,TAL-3,Field,2023,1.238,0.0068,144,0.133144954,0.08,20,19,182.0588235
TAL,7/6/2020,2023,TAL-4,Field,2023,1.159,0.0059,92,0.159031656,0.13,9,38,196.440678
TAL,7/6/2020,2023,TAL-5,Field,2023,1.545,0.0092,104,0.222574378,0.1,9,40,167.9347826
TAL,7/6/2020,2023,TAL-6,Field,2023,0.733,0.0042,192,0.153118009,0.19,8,21,174.5238095
TAL,7/6/2020,2023,TAL-7,Field,2023,1.416,0.0064,116,0.165235189,0.12,6,33,221.25
TAL,7/6/2020,2023,TAL-8,Field,2023,0.881,0.0045,156,0.186106886,0.09,10,35,195.7777778
TAL,7/6/2020,2023,TAL-9,Field,2023,1.035,0.006,152,0.168221001,0.13,6,31,172.5
TAL,7/6/2020,2023,TAL-10,Field,2023,0.735,0.0036,132,0.204920401,0.1,16,39,204.1666667
TAL,7/6/2020,2023,TAL-11,Field,2023,0.912,0.006,124,0.098039919,0.16,6,34,152
TAL,7/6/2020,2023,TAL-12,Field,2023,0.838,0.005,172,0.163669811,0.09,18,40,167.6
TAL,7/6/2020,2023,TAL-13,Field,2023,0.915,0.0051,156,0.12621671,0.2,6,30,179.4117647
TAL,7/6/2020,2023,TAL-14,Field,2023,1.542,0.0084,116,0.146943465,0.08,8,38,183.5714286
TAL,7/6/2020,2023,TAL-15,Field,2023,1.23,0.0071,128,0.124042575,0.14,8,40,173.2394366
TAL,7/6/2020,2023,TAL-16,Field,2023,0.903,0.0049,136,0.142015426,0.1,8,40,184.2857143
TAL,7/6/2020,2023,TAL-17,Field,2023,1.075,0.0067,108,0.132565185,0.13,11,29,160.4477612
TAL,7/6/2020,2023,TAL-19,Field,2023,1.305,0.0069,116,0.167496289,0,6,24,189.1304348
TAL,7/6/2020,2023,TAL-20,Field,2023,1.302,0.0067,104,0.138044005,0.15,10,32,194.3283582
TAL,7/6/2020,2023,TAL-21,Field,2023,1.824,0.0112,136,0.169351551,0.15,22,60,162.8571429
TAL,7/6/2020,2023,TAL-22,Field,2023,1.545,0.0086,164,0.210921014,0.13,21,48,179.6511628
TAL,7/6/2020,2023,TAL-23,Field,2023,1.67,0.0094,108,0.108562733,0.18,19,49,177.6595745
OAK,6/27/2020,2023,OAK-1,Field,2023,0.869,0.0041,96,0.289653694,0.4,4,21,211.9512195
OAK,6/27/2020,2023,OAK-2,Field,2023,1.057,0.0061,144,0.193817818,0.14,5,56,173.2786885
OAK,6/27/2020,2023,OAK-3,Field,2023,0.881,0.005,200,0.253823947,0.22,6,53,176.2
OAK,6/27/2020,2023,OAK-4,Field,2023,0.923,0.0071,168,0.29936483,0.01,6,38,130
OAK,6/27/2020,2023,OAK-5,Field,2023,1.377,0.0074,124,0.23445965,0.08,5,51,186.0810811
OAK,6/27/2020,2023,OAK-6,Field,2023,0.991,0.0034,144,0.31791745,0.051,3,43,291.4705882
OAK,6/27/2020,2023,OAK-7,Field,2023,1.403,0.0066,136,0.236314912,0.11,5,59,212.5757576
OAK,6/27/2020,2023,OAK-8,Field,2023,0.722,0.0039,168,0.200688085,0.05,5,47,185.1282051
OAK,6/27/2020,2023,OAK-9,Field,2023,1.054,0.0053,184,0.220429232,0.19,5,42,198.8679245
OAK,6/27/2020,2023,OAK-10,Field,2023,1.522,0.0068,128,0.201296843,0,5,44,223.8235294
OAK,6/27/2020,2023,OAK-11,Field,2023,0.679,0.0035,172,0.210138326,0.35,4,39,194
OAK,6/27/2020,2023,OAK-12,Field,2023,0.764,0.0039,140,0.221733713,0.06,5,44,195.8974359
OAK,6/27/2020,2023,OAK-13,Field,2023,1.822,0.01,148,0.278898972,0.09,5,49,182.2
OAK,6/27/2020,2023,OAK-14,Field,2023,1.511,0.0128,184,0.183237027,0.12,8,51,118.046875
OAK,6/27/2020,2023,OAK-15,Field,2023,1.913,0.0114,144,0.337832528,0.29,9,60,167.8070175
OAK,6/27/2020,2023,OAK-16,Field,2023,2.32,0.0182,252,0.202427393,0.06,9,42,127.4725275
OAK,6/27/2020,2023,OAK-17,Field,2023,1.225,0.0064,124,0.2479103,0.14,6,44,191.40625
OAK,6/27/2020,2023,OAK-18,Field,2023,1.929,0.0115,148,0.25205565,0.21,8,48,167.7391304
OAK,6/27/2020,2023,OAK-19,Field,2023,1.932,0.0094,152,0.311916837,0.08,8,55,205.5319149
OAK,6/27/2020,2023,OAK-20,Field,2023,2.286,0.0136,172,0.287972362,0.021,7,59,168.0882353
OAK,6/27/2020,2023,OAK-21,Field,2023,1.161,0.007,196,0.27156489,0.205,7,49,165.8571429
OAK,6/27/2020,2023,OAK-22,Field,2023,1.354,0.0064,136,0.274608679,0.09,7,52,211.5625
OAK,6/27/2020,2023,OAK-23,Field,2023,1.745,0.0096,168,0.28556632,0.15,5,62,181.7708333
OAK,6/27/2020,2023,OAK-24,Field,2023,1.475,0.0076,168,0.27136197,0.14,5,44,194.0789474
OAK,6/27/2020,2023,OAK-25,Field,2023,0.819,0.004,144,0.248721977,0.11,6,53,204.75
OAK,6/27/2020,2023,OAK-26,Field,2023,0.72,0.0043,168,0.273999921,0.13,7,59,167.4418605
OAK,6/27/2020,2023,OAK-27,Field,2023,1.435,0.0083,208,0.250838135,0.14,6,56,172.8915663
OAK,6/27/2020,2023,OAK-28,Field,2023,1.081,0.0063,188,0.231705746,0.08,7,46,171.5873016
OAK,6/27/2020,2023,OAK-29,Field,2023,1.435,0.0084,168,0.244547637,0.005,8,50,170.8333333
OAK,6/27/2020,2023,OAK-30,Field,2023,0.996,0.0049,152,0.278290214,0.07,8,53,203.2653061
PLA,6/26/2020,2023,PLA-1,Field,2023,0.525,0.0024,144,0.068442693,0.28,5,34,218.75
PLA,6/26/2020,2023,PLA-2,Field,2023,1.459,0.0077,104,0.100243043,0.1,7,26,189.4805195
PLA,6/26/2020,2023,PLA-3,Field,2023,1.143,0.0062,124,0.125549976,0.05,4,40,184.3548387
PLA,6/26/2020,2023,PLA-4,Field,2023,1.412,0.0084,168,0.149813323,0.4,6,39,168.0952381
PLA,6/26/2020,2023,PLA-5,Field,2023,1.482,0.01,152,0.115085139,0.095,7,49,148.2
PLA,6/26/2020,2023,PLA-6,Field,2023,1.099,0.0065,112,0.15442249,0.07,6,27,169.0769231
PLA,6/26/2020,2023,PLA-7,Field,2023,0.887,0.0059,154,0.179787399,0.27,8,29,150.3389831
PLA,6/26/2020,2023,PLA-8,Field,2023,1.148,0.0074,188,0.081400539,0.07,6,32,155.1351351
PLA,6/26/2020,2023,PLA-9,Field,2023,1.041,0.0057,152,0.167351347,0.05,5,42,182.6315789
PLA,6/26/2020,2023,PLA-10,Field,2023,0.839,0.0048,144,0.098561712,0.06,9,41,174.7916667
PLA,6/26/2020,2023,PLA-11,Field,2023,0.897,0.0046,164,0.134942239,0.13,6,40,195
PLA,6/26/2020,2023,PLA-12,Field,2023,0.649,0.0032,48,0.119433409,0.1,7,21,202.8125
PLA,6/26/2020,2023,PLA-13,Field,2023,1.168,0.0056,124,0.212863242,0.005,9,34,208.5714286
PLA,6/26/2020,2023,PLA-14,Field,2023,1.059,0.0066,116,0.173062075,0,6,27,160.4545455
PLA,6/26/2020,2023,PLA-15,Field,2023,1.378,0.0083,148,0.202688289,0.07,6,54,166.0240964
PLA,6/26/2020,2023,PLA-16,Field,2023,1.789,0.0116,168,0.073718595,0.08,6,45,154.2241379
PLA,6/26/2020,2023,PLA-17,Field,2023,1.084,0.0046,96,0.201093924,0.001,3,27,235.6521739
PLA,6/26/2020,2023,PLA-18,Field,2023,1.23,0.0082,124,0.155784948,0.06,7,41,150
PLA,6/26/2020,2023,PLA-19,Field,2023,1.391,0.0093,136,0.146044823,0.06,5,37,149.5698925
PLA,6/26/2020,2023,PLA-20,Field,2023,1.128,0.0066,148,0.133492816,0.11,5,40,170.9090909
PLA,6/26/2020,2023,PLA-21,Field,2023,0.966,0.0071,72,0.147668177,0.2,4,36,136.056338
PLA,6/26/2020,2023,PLA-22,Field,2023,1.162,0.0078,132,0.143522826,0.1,7,47,148.974359
PLA,6/26/2020,2023,PLA-23,Field,2023,1.06,0.0072,104,0.123781679,0.015,5,33,147.2222222
PLA,6/26/2020,2023,PLA-24,Field,2023,1.157,0.0073,144,0.128709719,0.11,6,35,158.4931507
PLA,6/26/2020,2023,PLA-25,Field,2023,0.879,0.0061,112,0.123810668,0.2,6,37,144.0983607
PLA,6/26/2020,2023,PLA-26,Field,2023,1.448,0.009,132,0.090309661,0.05,6,33,160.8888889
PLA,6/26/2020,2023,PLA-27,Field,2023,1.253,0.0092,148,0.089082483,0.12,8,41,136.1956522
PLA,6/26/2020,2023,PLA-28,Field,2023,1.13,0.0073,140,0.140826898,0.14,6,52,154.7945205
PLA,6/26/2020,2023,PLA-29,Field,2023,1.506,0.0097,134,0.146798523,0.16,5,41,155.257732
PLA,6/26/2020,2023,PLA-30,Field,2023,1.189,0.0061,96,0.153543173,0.15,6,40,194.9180328
BEC,6/25/2020,2023,BEC-1,Field,2023,0.774,0.0045,144,0.054615194,0.1,4,43,172
BEC,6/25/2020,2023,BEC-2,Field,2023,1.364,0.009,224,0.092242226,0.29,6,36,151.5555556
BEC,6/25/2020,2023,BEC-3,Field,2023,1.182,0.0071,172,0.134681343,0.023,4,31,166.4788732
BEC,6/25/2020,2023,BEC-4,Field,2023,1.133,0.0066,156,0.070442898,0.03,6,82,171.6666667
BEC,6/25/2020,2023,BEC-5,Field,2023,0.748,0.0046,164,0.081603458,0.5,6,29,162.6086957
BEC,6/25/2020,2023,BEC-6,Field,2023,1.076,0.0071,188,0.103721659,0.205,6,44,151.5492958
BEC,6/25/2020,2023,BEC-7,Field,2023,0.749,0.0048,192,0.092749524,0.08,7,31,156.0416667
BEC,6/25/2020,2023,BEC-8,Field,2023,0.846,0.0062,208,0.055774733,0.06,5,40,136.4516129
BEC,6/25/2020,2023,BEC-9,Field,2023,0.82,0.0062,204,0.113722681,0.04,8,46,132.2580645
BEC,6/25/2020,2023,BEC-10,Field,2023,0.778,0.0055,176,0.077458107,0.06,7,42,141.4545455
BEC,6/25/2020,2023,BEC-11,Field,2023,1.2,0.0055,152,0.104881198,0.14,6,46,218.1818182
BEC,6/25/2020,2023,BEC-13,Field,2023,0.947,0.0059,200,0.092010318,0.03,6,39,160.5084746
BEC,6/25/2020,2023,BEC-14,Field,2023,0.717,0.0033,168,0.082038285,0.43,8,45,217.2727273
BEC,6/25/2020,2023,BEC-15,Field,2023,0.654,0.0029,152,0.096184657,0.3,3,29,225.5172414
BEC,6/25/2020,2023,BEC-16,Field,2023,1.591,0.0112,176,0.049629178,0.15,6,57,142.0535714
BEC,6/25/2020,2023,BEC-17,Field,2023,0.75,0.0035,144,0.082415135,0.3,4,37,214.2857143
BEC,6/25/2020,2023,BEC-18,Field,2023,1.322,0.0084,136,0.085835774,0.19,8,42,157.3809524
BEC,6/25/2020,2023,BEC-19,Field,2023,0.606,0.0026,96,0.053542621,0.12,5,40,233.0769231
BEC,6/25/2020,2023,BEC-20,Field,2023,1.421,0.0088,124,0.114969185,0.26,6,54,161.4772727
BEC,6/25/2020,2023,BEC-21,Field,2023,1.083,0.008,140,0.084328374,0.15,7,56,135.375
BEC,6/25/2020,2023,BEC-22,Field,2023,1.929,0.0099,148,0.091053699,0.14,4,46,194.8484848
BEC,6/25/2020,2023,BEC-23,Field,2023,0.531,0.0029,192,0.062384104,0.17,7,41,183.1034483
BEC,6/25/2020,2023,BEC-24,Field,2023,0.778,0.0059,176,0.100851801,0.19,5,35,131.8644068
BEC,6/25/2020,2023,BEC-25,Field,2023,0.798,0.0058,128,0.076095649,0.14,7,40,137.5862069
BEC,6/25/2020,2023,BEC-26,Field,2023,0.69,0.005,72,0.088473725,0.23,6,38,138
BEC,6/25/2020,2023,BEC-27,Field,2023,1.106,0.0067,152,0.100764835,0.3,7,31,165.0746269
BEC,6/25/2020,2023,BEC-28,Field,2023,0.924,0.0054,172,0.0985907,0.18,12,34,171.1111111
BEC,6/25/2020,2023,BEC-29,Field,2023,1.215,0.0066,112,0.09198133,0.15,4,27,184.0909091
BEC,6/25/2020,2023,BEC-30,Field,2023,1.537,0.0088,124,0.092474134,0.36,9,38,174.6590909
REF,6/23/2020,2023,REF-1,Field,2023,3.514,0.0098,72,0.174598464,0.001,31,52,358.5714286
REF,6/23/2020,2023,REF-2,Field,2023,1.974,0.0052,68,0.112911004,0.02,7,37,379.6153846
REF,6/23/2020,2023,REF-3,Field,2023,2.478,0.0096,60,0.074878133,0.08,5,42,258.125
REF,6/23/2020,2023,REF-4,Field,2023,2.411,0.0078,82,0.071312552,0.05,10,62,309.1025641
REF,6/23/2020,2023,REF-5,Field,2023,1.748,0.0061,88,0.068413705,0.02,15,46,286.557377
REF,6/23/2020,2023,REF-6,Field,2023,2.173,0.0081,52,0.065166997,0.02,10,47,268.2716049
REF,6/23/2020,2023,REF-7,Field,2023,1.152,0.0038,68,0.06131153,0.12,13,40,303.1578947
REF,6/23/2020,2023,REF-8,Field,2023,1.883,0.0067,188,0.038642548,0.03,13,36,281.0447761
REF,6/23/2020,2023,REF-9,Field,2023,2.537,0.007,64,0.072703998,0.065,6,39,362.4285714
REF,6/23/2020,2023,REF-10,Field,2023,1.99,0.007,96,0.090386964,0.1,11,67,284.2857143
REF,6/23/2020,2023,REF-11,Field,2023,2.353,0.009,116,0.081690423,0.016,8,34,261.4444444
REF,6/23/2020,2023,REF-12,Field,2023,1.321,0.0051,144,0.065572835,0.011,5,52,259.0196078
REF,6/23/2020,2023,REF-13,Field,2023,2.01,0.0072,116,0.214428619,0.021,15,66,279.1666667
REF,6/23/2020,2023,REF-14,Field,2023,1.275,0.0045,108,0.087111267,0.055,13,35,283.3333333
REF,6/23/2020,2023,REF-15,Field,2023,1.557,0.0065,128,0.059108407,0.05,6,51,239.5384615
REF,6/23/2020,2023,REF-16,Field,2023,1.768,0.0069,132,0.093314799,0.01,7,70,256.2318841
REF,6/23/2020,2023,REF-17,Field,2023,1.788,0.0065,108,0.083226812,0.09,9,55,275.0769231
REF,6/23/2020,2023,REF-18,Field,2023,1.289,0.005,116,0.080675827,0.05,14,62,257.8
REF,6/23/2020,2023,REF-19,Field,2023,2.89,0.0115,124,0.082096262,0.05,9,45,251.3043478
REF,6/23/2020,2023,REF-20,Field,2023,2.081,0.0074,144,0.069689198,0.021,11,53,281.2162162
REF,6/23/2020,2023,REF-21,Field,2023,1.301,0.0041,172,0.092300203,0.042,10,54,317.3170732
REF,6/23/2020,2023,REF-22,Field,2023,1.132,0.0028,108,0.097230628,0.09,6,30,404.2857143
REF,6/23/2020,2023,REF-23,Field,2023,2.163,0.0089,144,0.074037468,0.18,8,44,243.0337079
REF,6/23/2020,2023,REF-24,Field,2023,1.182,0.004,192,0.065601824,0,10,39,295.5
REF,6/23/2020,2023,REF-25,Field,2023,1.749,0.0062,116,0.045918654,0.05,8,40,282.0967742
REF,6/23/2020,2023,REF-26,Field,2023,1.359,0.0049,112,0.084009501,0.04,7,45,277.3469388
REF,6/23/2020,2023,REF-27,Field,2023,2.237,0.0073,120,0.07476218,0.03,8,63,306.4383562
REF,6/23/2020,2023,REF-28,Field,2023,2.102,0.0077,144,0.077197211,0.1,12,23,272.987013
REF,6/23/2020,2023,REF-29,Field,2023,1.763,0.0066,132,0.078472703,0.05,16,60,267.1212121
REF,6/23/2020,2023,REF-30,Field,2023,2.785,0.0107,148,0.085516901,0.08,17,43,260.2803738
GRE,6/22/2020,2023,GRE-1,Field,2023,1.424,0.0064,96,0.074240387,0.48,8,47,222.5
GRE,6/22/2020,2023,GRE-2,Field,2023,1.076,0.0041,156,0.118988919,0.13,5,40,262.4390244
GRE,6/22/2020,2023,GRE-3,Field,2023,1.271,0.0064,152,0.127782088,0.34,10,60,198.59375
GRE,6/22/2020,2023,GRE-4,Field,2023,0.516,0.0023,128,0.176424737,0.3,7,44,224.3478261
GRE,6/22/2020,2023,GRE-5,Field,2023,1.206,0.0053,76,0.139048939,0.23,7,57,227.5471698
GRE,6/22/2020,2023,GRE-6,Field,2023,0.737,0.0037,132,0.162133422,0.4,9,56,199.1891892
GRE,6/22/2020,2023,GRE-7,Field,2023,0.798,0.0039,76,0.12508616,0.19,8,51,204.6153846
GRE,6/22/2020,2023,GRE-8,Field,2023,0.742,0.0038,100,0.142537218,0.41,9,57,195.2631579
GRE,6/22/2020,2023,GRE-9,Field,2023,1.448,0.0064,136,0.152016447,0.16,6,54,226.25
GRE,6/22/2020,2023,GRE-10,Field,2023,0.593,0.0022,144,0.095112084,0.13,5,61,269.5454545
GRE,6/22/2020,2023,GRE-11,Field,2023,1.132,0.0089,108,0.134420447,0.24,10,57,127.1910112
GRE,6/22/2020,2023,GRE-12,Field,2023,0.72,0.004,128,0.095228038,0.29,8,66,180
GRE,6/22/2020,2023,GRE-13,Field,2023,0.636,0.0031,124,0.163872731,0.24,12,33,205.1612903
GRE,6/22/2020,2023,GRE-14,Field,2023,0.651,0.0024,104,0.248606023,0.16,6,20,271.25
GRE,6/22/2020,2023,GRE-15,Field,2023,1.264,0.0059,148,0.153349917,0.13,5,31,214.2372881
GRE,6/22/2020,2023,GRE-16,Field,2023,1.024,0.0054,132,0.175207222,0.22,4,35,189.6296296
GRE,6/22/2020,2023,GRE-17,Field,2023,1.012,0.0053,112,0.179845376,0.35,9,47,190.9433962
GRE,6/22/2020,2023,GRE-18,Field,2023,0.802,0.0041,168,0.139812302,0.16,7,31,195.6097561
GRE,6/22/2020,2023,GRE-19,Field,2023,1.277,0.0078,120,0.144421468,0.31,9,45,163.7179487
GRE,6/22/2020,2023,GRE-20,Field,2023,1.113,0.0049,88,0.115510303,0.31,7,56,227.1428571
GRE,6/22/2020,2023,GRE-21,Field,2023,1.952,0.0069,84,0.225038398,0.1,7,34,282.8985507
GRE,6/22/2020,2023,GRE-22,Field,2023,1.061,0.0058,104,0.167757185,0.14,7,34,182.9310345
GRE,6/22/2020,2023,GRE-23,Field,2023,0.904,0.0043,96,0.169322563,0.12,16,50,210.2325581
GRE,6/22/2020,2023,GRE-24,Field,2023,1.192,0.007,192,0.186367782,0.21,10,41,170.2857143
GRE,6/22/2020,2023,GRE-25,Field,2023,1.05,0.0054,124,0.154161594,0.18,7,26,194.4444444
GRE,6/22/2020,2023,GRE-26,Field,2023,1.201,0.0063,112,0.261071064,0.22,7,41,190.6349206
GRE,6/22/2020,2023,GRE-27,Field,2023,0.774,0.0033,132,0.20854396,0.3,4,42,234.5454545
GRE,6/22/2020,2023,GRE-28,Field,2023,0.798,0.0033,88,0.265970115,0.19,6,22,241.8181818
GRE,6/22/2020,2023,GRE-29,Field,2023,1.465,0.0065,76,0.226603775,0.21,8,50,225.3846154
GRE,6/22/2020,2023,GRE-30,Field,2023,0.686,0.0036,204,0.108504756,0.24,6,42,190.5555556
ARB,5/31/2023,Early,ARB-12A,Garden,2023,1.074,0.005275,141.25,0.246253531,0.01,19,12,203.6018957
ARB,6/12/2023,Early,ARB-12A,Garden,2023,1.074,0.005275,141.25,0.246253531,0.005,19,12,203.6018957
ARB,6/20/2023,Mid,ARB-12A,Garden,2023,1.074,0.005275,141.25,0.246253531,0.05,NA,NA,203.6018957
ARB,6/29/2023,Mid,ARB-12A,Garden,2023,1.074,0.005275,141.25,0.246253531,0.07,27,16,203.6018957
ARB,7/3/2023,Mid,ARB-12A,Garden,2023,1.074,0.005275,141.25,0.246253531,0.05,NA,NA,203.6018957
ARB,7/10/2023,Mid,ARB-12A,Garden,2023,1.074,0.005275,141.25,0.246253531,0.05,NA,NA,203.6018957
ARB,7/17/2023,Late,ARB-12A,Garden,2023,1.074,0.005275,141.25,0.246253531,0.18,37,23,203.6018957
ARB,7/28/2023,Late,ARB-12A,Garden,2023,1.074,0.005275,141.25,0.246253531,0.35,NA,NA,203.6018957
ARB,8/3/2023,Late,ARB-12A,Garden,2023,1.074,0.005275,141.25,0.246253531,0.18,33,25,203.6018957
ARB,8/7/2023,Late,ARB-12A,Garden,2023,1.074,0.005275,141.25,0.246253531,0.2,NA,NA,203.6018957
ARB,8/15/2023,Late,ARB-12A,Garden,2023,1.074,0.005275,141.25,0.246253531,0.15,NA,NA,203.6018957
ARB,5/31/2023,Early,ARB-7C,Garden,2023,0.90375,0.0047,104.75,0.582231314,0.01,22,24,192.287234
ARB,6/5/2023,Early,ARB-7C,Garden,2023,0.90375,0.0047,104.75,0.582231314,0.07,NA,NA,192.287234
ARB,6/12/2023,Early,ARB-7C,Garden,2023,0.90375,0.0047,104.75,0.582231314,0.12,22,19,192.287234
ARB,6/20/2023,Mid,ARB-7C,Garden,2023,0.90375,0.0047,104.75,0.582231314,0.1,NA,NA,192.287234
ARB,6/29/2023,Mid,ARB-7C,Garden,2023,0.90375,0.0047,104.75,0.582231314,0.12,29,32,192.287234
ARB,7/3/2023,Mid,ARB-7C,Garden,2023,0.90375,0.0047,104.75,0.582231314,0.02,NA,NA,192.287234
ARB,7/10/2023,Mid,ARB-7C,Garden,2023,0.90375,0.0047,104.75,0.582231314,0.01,NA,NA,192.287234
ARB,7/17/2023,Late,ARB-7C,Garden,2023,0.90375,0.0047,104.75,0.582231314,0.15,49,30,192.287234
ARB,7/28/2023,Late,ARB-7C,Garden,2023,0.90375,0.0047,104.75,0.582231314,0.03,NA,NA,192.287234
ARB,8/3/2023,Late,ARB-7C,Garden,2023,0.90375,0.0047,104.75,0.582231314,0.18,47,34,192.287234
ARB,8/7/2023,Late,ARB-7C,Garden,2023,0.90375,0.0047,104.75,0.582231314,0.05,NA,NA,192.287234
ARB,8/15/2023,Late,ARB-7C,Garden,2023,0.90375,0.0047,104.75,0.582231314,0.07,NA,NA,192.287234
ARB,5/31/2023,Early,ARB-7D,Garden,2023,1.12925,0.006225,58,0.19271292,0.01,12,19,181.4056225
ARB,6/5/2023,Early,ARB-7D,Garden,2023,1.12925,0.006225,58,0.19271292,0.01,NA,NA,181.4056225
ARB,6/12/2023,Early,ARB-7D,Garden,2023,1.12925,0.006225,58,0.19271292,0.04,17,22,181.4056225
ARB,6/20/2023,Mid,ARB-7D,Garden,2023,1.12925,0.006225,58,0.19271292,0.1,NA,NA,181.4056225
ARB,6/29/2023,Mid,ARB-7D,Garden,2023,1.12925,0.006225,58,0.19271292,0.05,32,32,181.4056225
ARB,7/3/2023,Mid,ARB-7D,Garden,2023,1.12925,0.006225,58,0.19271292,0.01,NA,NA,181.4056225
ARB,7/17/2023,Late,ARB-7D,Garden,2023,1.12925,0.006225,58,0.19271292,0.07,53,44,181.4056225
ARB,7/28/2023,Late,ARB-7D,Garden,2023,1.12925,0.006225,58,0.19271292,0.1,NA,NA,181.4056225
ARB,8/3/2023,Late,ARB-7D,Garden,2023,1.12925,0.006225,58,0.19271292,0.25,66,41,181.4056225
ARB,8/7/2023,Late,ARB-7D,Garden,2023,1.12925,0.006225,58,0.19271292,0.05,NA,NA,181.4056225
ARB,8/15/2023,Late,ARB-7D,Garden,2023,1.12925,0.006225,58,0.19271292,0.13,NA,NA,181.4056225
ARB,5/31/2023,Early,ARB-7E,Garden,2023,0.759,0.004175,70.25,0.111393679,0.02,12,22,181.7964072
ARB,6/5/2023,Early,ARB-7E,Garden,2023,0.759,0.004175,70.25,0.111393679,0.2,NA,NA,181.7964072
ARB,6/12/2023,Early,ARB-7E,Garden,2023,0.759,0.004175,70.25,0.111393679,0.25,11,22,181.7964072
ARB,6/20/2023,Mid,ARB-7E,Garden,2023,0.759,0.004175,70.25,0.111393679,0.28,NA,NA,181.7964072
ARB,6/29/2023,Mid,ARB-7E,Garden,2023,0.759,0.004175,70.25,0.111393679,0.2,27,34,181.7964072
ARB,7/3/2023,Mid,ARB-7E,Garden,2023,0.759,0.004175,70.25,0.111393679,0.02,NA,NA,181.7964072
ARB,7/10/2023,Mid,ARB-7E,Garden,2023,0.759,0.004175,70.25,0.111393679,0.02,NA,NA,181.7964072
ARB,7/17/2023,Late,ARB-7E,Garden,2023,0.759,0.004175,70.25,0.111393679,0.12,49,38,181.7964072
ARB,7/28/2023,Late,ARB-7E,Garden,2023,0.759,0.004175,70.25,0.111393679,0.05,NA,NA,181.7964072
ARB,8/3/2023,Late,ARB-7E,Garden,2023,0.759,0.004175,70.25,0.111393679,0.35,57,33,181.7964072
ARB,8/7/2023,Late,ARB-7E,Garden,2023,0.759,0.004175,70.25,0.111393679,0.18,NA,NA,181.7964072
ARB,8/15/2023,Late,ARB-7E,Garden,2023,0.759,0.004175,70.25,0.111393679,0.13,NA,NA,181.7964072
ARB,5/31/2023,Early,ARB-7F,Garden,2023,0.7725,0.004175,101.75,0.242971677,0.03,18,18,185.0299401
ARB,6/5/2023,Early,ARB-7F,Garden,2023,0.7725,0.004175,101.75,0.242971677,0.03,NA,NA,185.0299401
ARB,6/12/2023,Early,ARB-7F,Garden,2023,0.7725,0.004175,101.75,0.242971677,0.02,17,18,185.0299401
ARB,6/20/2023,Mid,ARB-7F,Garden,2023,0.7725,0.004175,101.75,0.242971677,0.6,NA,NA,185.0299401
ARB,6/29/2023,Mid,ARB-7F,Garden,2023,0.7725,0.004175,101.75,0.242971677,0.05,32,22,185.0299401
ARB,7/3/2023,Mid,ARB-7F,Garden,2023,0.7725,0.004175,101.75,0.242971677,0.05,NA,NA,185.0299401
ARB,7/10/2023,Mid,ARB-7F,Garden,2023,0.7725,0.004175,101.75,0.242971677,0.03,NA,NA,185.0299401
ARB,7/17/2023,Late,ARB-7F,Garden,2023,0.7725,0.004175,101.75,0.242971677,0.28,54,36,185.0299401
ARB,7/28/2023,Late,ARB-7F,Garden,2023,0.7725,0.004175,101.75,0.242971677,0.04,NA,NA,185.0299401
ARB,8/3/2023,Late,ARB-7F,Garden,2023,0.7725,0.004175,101.75,0.242971677,0.15,53,38,185.0299401
ARB,8/7/2023,Late,ARB-7F,Garden,2023,0.7725,0.004175,101.75,0.242971677,0.15,NA,NA,185.0299401
ARB,8/15/2023,Late,ARB-7F,Garden,2023,0.7725,0.004175,101.75,0.242971677,0.13,NA,NA,185.0299401
ARB,5/31/2023,Early,ARB-8A,Garden,2023,1.05775,0.003575,73.5,0.675385018,0.01,6,6,295.8741259
ARB,6/20/2023,Mid,ARB-8A,Garden,2023,1.05775,0.003575,73.5,0.675385018,0.15,NA,NA,295.8741259
ARB,6/29/2023,Mid,ARB-8A,Garden,2023,1.05775,0.003575,73.5,0.675385018,0.35,19,17,295.8741259
ARB,7/3/2023,Mid,ARB-8A,Garden,2023,1.05775,0.003575,73.5,0.675385018,0.3,NA,NA,295.8741259
ARB,7/10/2023,Mid,ARB-8A,Garden,2023,1.05775,0.003575,73.5,0.675385018,0.3,NA,NA,295.8741259
ARB,7/17/2023,Late,ARB-8A,Garden,2023,1.05775,0.003575,73.5,0.675385018,0.38,32,23,295.8741259
ARB,7/28/2023,Late,ARB-8A,Garden,2023,1.05775,0.003575,73.5,0.675385018,0.7,NA,NA,295.8741259
ARB,8/3/2023,Late,ARB-8A,Garden,2023,1.05775,0.003575,73.5,0.675385018,0.4,47,22,295.8741259
ARB,8/7/2023,Late,ARB-8A,Garden,2023,1.05775,0.003575,73.5,0.675385018,0.15,NA,NA,295.8741259
ARB,8/15/2023,Late,ARB-8A,Garden,2023,1.05775,0.003575,73.5,0.675385018,0.25,NA,NA,295.8741259
BR,5/31/2023,Early,BR-1E,Garden,2023,1.21925,0.007575,152.25,0.245729553,0.01,9,16,160.9570957
BR,6/5/2023,Early,BR-1E,Garden,2023,1.21925,0.007575,152.25,0.245729553,0.01,NA,NA,160.9570957
BR,6/20/2023,Mid,BR-1E,Garden,2023,1.21925,0.007575,152.25,0.245729553,0.05,NA,NA,160.9570957
BR,6/29/2023,Mid,BR-1E,Garden,2023,1.21925,0.007575,152.25,0.245729553,0.01,22,33,160.9570957
BR,7/3/2023,Mid,BR-1E,Garden,2023,1.21925,0.007575,152.25,0.245729553,0.01,NA,NA,160.9570957
BR,7/10/2023,Mid,BR-1E,Garden,2023,1.21925,0.007575,152.25,0.245729553,0.01,NA,NA,160.9570957
BR,7/17/2023,Late,BR-1E,Garden,2023,1.21925,0.007575,152.25,0.245729553,0.05,34,27,160.9570957
BR,7/28/2023,Late,BR-1E,Garden,2023,1.21925,0.007575,152.25,0.245729553,0.05,NA,NA,160.9570957
BR,8/3/2023,Late,BR-1E,Garden,2023,1.21925,0.007575,152.25,0.245729553,0.03,32,25,160.9570957
BR,8/7/2023,Late,BR-1E,Garden,2023,1.21925,0.007575,152.25,0.245729553,0.01,NA,NA,160.9570957
BR,8/15/2023,Late,BR-1E,Garden,2023,1.21925,0.007575,152.25,0.245729553,0.05,NA,NA,160.9570957
BR,6/20/2023,Mid,BR-1H,Garden,2023,0.88475,0.00535,163.75,0.225264216,0,NA,NA,165.3738318
BR,6/29/2023,Mid,BR-1H,Garden,2023,0.88475,0.00535,163.75,0.225264216,0.07,28,19,165.3738318
BR,7/3/2023,Mid,BR-1H,Garden,2023,0.88475,0.00535,163.75,0.225264216,0.03,NA,NA,165.3738318
BR,7/10/2023,Mid,BR-1H,Garden,2023,0.88475,0.00535,163.75,0.225264216,0.02,NA,NA,165.3738318
BR,7/17/2023,Late,BR-1H,Garden,2023,0.88475,0.00535,163.75,0.225264216,0.06,43,23,165.3738318
BR,7/28/2023,Late,BR-1H,Garden,2023,0.88475,0.00535,163.75,0.225264216,0.07,NA,NA,165.3738318
BR,8/3/2023,Late,BR-1H,Garden,2023,0.88475,0.00535,163.75,0.225264216,0.05,42,23,165.3738318
BR,8/7/2023,Late,BR-1H,Garden,2023,0.88475,0.00535,163.75,0.225264216,0.01,NA,NA,165.3738318
BR,8/15/2023,Late,BR-1H,Garden,2023,0.88475,0.00535,163.75,0.225264216,0.05,NA,NA,165.3738318
CAH,5/31/2023,Early,CAH-12C,Garden,2023,1.0005,0.0065,110.5,0.424912221,0.02,31,23,153.9230769
CAH,6/5/2023,Early,CAH-12C,Garden,2023,1.0005,0.0065,110.5,0.424912221,0.01,NA,NA,153.9230769
CAH,6/20/2023,Mid,CAH-14A,Garden,2023,0.807,0.005875,77,0.50405649,0.01,NA,NA,137.3617021
CAH,6/29/2023,Mid,CAH-14A,Garden,2023,0.807,0.005875,77,0.50405649,0.4,39,13,137.3617021
CAH,7/3/2023,Mid,CAH-14A,Garden,2023,0.807,0.005875,77,0.50405649,0.05,NA,NA,137.3617021
CAH,7/10/2023,Mid,CAH-14A,Garden,2023,0.807,0.005875,77,0.50405649,0.02,NA,NA,137.3617021
CAH,7/17/2023,Late,CAH-14A,Garden,2023,0.807,0.005875,77,0.50405649,0.02,53,22,137.3617021
CAH,7/28/2023,Late,CAH-14A,Garden,2023,0.807,0.005875,77,0.50405649,0.1,NA,NA,137.3617021
CAH,8/3/2023,Late,CAH-14A,Garden,2023,0.807,0.005875,77,0.50405649,0.03,43,21,137.3617021
CAH,8/7/2023,Late,CAH-14A,Garden,2023,0.807,0.005875,77,0.50405649,0.04,NA,NA,137.3617021
CAH,8/15/2023,Late,CAH-14A,Garden,2023,0.807,0.005875,77,0.50405649,0.15,NA,NA,137.3617021
CAH,6/12/2023,Early,CAH-14B,Garden,2023,0.8195,0.005675,61,0.301896435,0.07,25,18,144.4052863
CAH,6/20/2023,Mid,CAH-14B,Garden,2023,0.8195,0.005675,61,0.301896435,0.01,NA,NA,144.4052863
CAH,6/29/2023,Mid,CAH-14B,Garden,2023,0.8195,0.005675,61,0.301896435,0.01,42,22,144.4052863
CAH,7/3/2023,Mid,CAH-14B,Garden,2023,0.8195,0.005675,61,0.301896435,0.01,NA,NA,144.4052863
CAH,7/10/2023,Mid,CAH-14B,Garden,2023,0.8195,0.005675,61,0.301896435,0.01,NA,NA,144.4052863
CAH,7/17/2023,Late,CAH-14B,Garden,2023,0.8195,0.005675,61,0.301896435,0.07,33,27,144.4052863
CAH,7/28/2023,Late,CAH-14B,Garden,2023,0.8195,0.005675,61,0.301896435,0.02,NA,NA,144.4052863
CAH,8/3/2023,Late,CAH-14B,Garden,2023,0.8195,0.005675,61,0.301896435,0.02,34,33,144.4052863
CAH,8/7/2023,Late,CAH-14B,Garden,2023,0.8195,0.005675,61,0.301896435,0.04,NA,NA,144.4052863
CAH,8/15/2023,Late,CAH-14B,Garden,2023,0.8195,0.005675,61,0.301896435,0.07,NA,NA,144.4052863
CAH,5/31/2023,Early,CAH-5C,Garden,2023,1.14725,0.006,56,0.266701329,0.12,27,16,191.2083333
CAH,6/5/2023,Early,CAH-5C,Garden,2023,1.14725,0.006,56,0.266701329,0.07,NA,NA,191.2083333
CAH,6/12/2023,Early,CAH-5C,Garden,2023,1.14725,0.006,56,0.266701329,0.05,18,16,191.2083333
CAH,6/20/2023,Mid,CAH-5C,Garden,2023,1.14725,0.006,56,0.266701329,0.05,NA,NA,191.2083333
CAH,6/29/2023,Mid,CAH-5C,Garden,2023,1.14725,0.006,56,0.266701329,0.01,23,20,191.2083333
CAH,7/3/2023,Mid,CAH-5C,Garden,2023,1.14725,0.006,56,0.266701329,0.06,NA,NA,191.2083333
CAH,7/10/2023,Mid,CAH-5C,Garden,2023,1.14725,0.006,56,0.266701329,0.01,NA,NA,191.2083333
CAH,7/17/2023,Late,CAH-5C,Garden,2023,1.14725,0.006,56,0.266701329,0.02,34,23,191.2083333
CAH,7/28/2023,Late,CAH-5C,Garden,2023,1.14725,0.006,56,0.266701329,0.03,NA,NA,191.2083333
CAH,8/3/2023,Late,CAH-5C,Garden,2023,1.14725,0.006,56,0.266701329,0.03,22,26,191.2083333
CAH,8/7/2023,Late,CAH-5C,Garden,2023,1.14725,0.006,56,0.266701329,0.1,NA,NA,191.2083333
CAH,8/15/2023,Late,CAH-5C,Garden,2023,1.14725,0.006,56,0.266701329,0.25,NA,NA,191.2083333
CAH,5/31/2023,Early,CAH-8A,Garden,2023,0.997,0.00595,100.25,0.080319649,0.04,26,22,167.5630252
CAH,6/5/2023,Early,CAH-8A,Garden,2023,0.997,0.00595,100.25,0.080319649,0.04,NA,NA,167.5630252
CAH,6/12/2023,Early,CAH-8A,Garden,2023,0.997,0.00595,100.25,0.080319649,0.06,28,20,167.5630252
CAH,6/20/2023,Mid,CAH-8A,Garden,2023,0.997,0.00595,100.25,0.080319649,0.15,NA,NA,167.5630252
CAH,6/29/2023,Mid,CAH-8A,Garden,2023,0.997,0.00595,100.25,0.080319649,0.05,32,23,167.5630252
CAH,7/3/2023,Mid,CAH-8A,Garden,2023,0.997,0.00595,100.25,0.080319649,0.05,NA,NA,167.5630252
CAH,7/10/2023,Mid,CAH-8A,Garden,2023,0.997,0.00595,100.25,0.080319649,0.05,NA,NA,167.5630252
CAH,7/17/2023,Late,CAH-8A,Garden,2023,0.997,0.00595,100.25,0.080319649,0.07,27,23,167.5630252
CAH,7/28/2023,Late,CAH-8A,Garden,2023,0.997,0.00595,100.25,0.080319649,0.02,NA,NA,167.5630252
CAH,8/3/2023,Late,CAH-8A,Garden,2023,0.997,0.00595,100.25,0.080319649,0.05,32,21,167.5630252
CAH,8/7/2023,Late,CAH-8A,Garden,2023,0.997,0.00595,100.25,0.080319649,0.07,NA,NA,167.5630252
CAH,8/15/2023,Late,CAH-8A,Garden,2023,0.997,0.00595,100.25,0.080319649,0.15,NA,NA,167.5630252
CAH,6/5/2023,Early,CAH-8C,Garden,2023,0.60575,0.004875,65.75,0.049683256,0.05,NA,NA,124.2564103
CAH,6/12/2023,Early,CAH-8C,Garden,2023,0.60575,0.004875,65.75,0.049683256,0.6,20,18,124.2564103
CAH,6/20/2023,Mid,CAH-8C,Garden,2023,0.60575,0.004875,65.75,0.049683256,0.35,NA,NA,124.2564103
CAH,6/29/2023,Mid,CAH-8C,Garden,2023,0.60575,0.004875,65.75,0.049683256,0.35,49,16,124.2564103
CAH,7/3/2023,Mid,CAH-8C,Garden,2023,0.60575,0.004875,65.75,0.049683256,0.15,NA,NA,124.2564103
CAH,7/10/2023,Mid,CAH-8C,Garden,2023,0.60575,0.004875,65.75,0.049683256,0.02,NA,NA,124.2564103
CAH,7/17/2023,Late,CAH-8C,Garden,2023,0.60575,0.004875,65.75,0.049683256,0.3,48,17,124.2564103
CAH,7/28/2023,Late,CAH-8C,Garden,2023,0.60575,0.004875,65.75,0.049683256,0.25,NA,NA,124.2564103
CAH,8/3/2023,Late,CAH-8C,Garden,2023,0.60575,0.004875,65.75,0.049683256,0.01,37,18,124.2564103
CAH,8/7/2023,Late,CAH-8C,Garden,2023,0.60575,0.004875,65.75,0.049683256,0.03,NA,NA,124.2564103
CAH,8/15/2023,Late,CAH-8C,Garden,2023,0.60575,0.004875,65.75,0.049683256,0.06,NA,NA,124.2564103
CAH,6/5/2023,Early,CAH-8E,Garden,2023,0.675,0.00455,71.25,0.074542089,0.02,NA,NA,148.3516484
CAH,6/12/2023,Early,CAH-8E,Garden,2023,0.675,0.00455,71.25,0.074542089,0.1,29,18,148.3516484
CAH,6/20/2023,Mid,CAH-8E,Garden,2023,0.675,0.00455,71.25,0.074542089,0.3,NA,NA,148.3516484
CAH,6/29/2023,Mid,CAH-8E,Garden,2023,0.675,0.00455,71.25,0.074542089,0.05,33,23,148.3516484
CAH,7/3/2023,Mid,CAH-8E,Garden,2023,0.675,0.00455,71.25,0.074542089,0.08,NA,NA,148.3516484
CAH,7/10/2023,Mid,CAH-8E,Garden,2023,0.675,0.00455,71.25,0.074542089,0.25,NA,NA,148.3516484
CAH,7/17/2023,Late,CAH-8E,Garden,2023,0.675,0.00455,71.25,0.074542089,0.05,33,28,148.3516484
CAH,7/28/2023,Late,CAH-8E,Garden,2023,0.675,0.00455,71.25,0.074542089,0.07,NA,NA,148.3516484
CAH,8/3/2023,Late,CAH-8E,Garden,2023,0.675,0.00455,71.25,0.074542089,0.55,24,26,148.3516484
CAH,8/7/2023,Late,CAH-8E,Garden,2023,0.675,0.00455,71.25,0.074542089,0.12,NA,NA,148.3516484
CAH,8/15/2023,Late,CAH-8E,Garden,2023,0.675,0.00455,71.25,0.074542089,0.2,NA,NA,148.3516484
DUDU,5/31/2023,Early,DUDU-1A,Garden,2023,1.481,0.009775,63.5,0.381290478,0.1,29,26,151.5089514
DUDU,6/5/2023,Early,DUDU-1A,Garden,2023,1.481,0.009775,63.5,0.381290478,0.15,NA,NA,151.5089514
DUDU,6/12/2023,Early,DUDU-1A,Garden,2023,1.481,0.009775,63.5,0.381290478,0.2,27,24,151.5089514
DUDU,6/20/2023,Mid,DUDU-1A,Garden,2023,1.481,0.009775,63.5,0.381290478,0.05,NA,NA,151.5089514
DUDU,6/29/2023,Mid,DUDU-1A,Garden,2023,1.481,0.009775,63.5,0.381290478,0.13,35,28,151.5089514
DUDU,7/3/2023,Mid,DUDU-1A,Garden,2023,1.481,0.009775,63.5,0.381290478,0.07,NA,NA,151.5089514
DUDU,7/10/2023,Mid,DUDU-1A,Garden,2023,1.481,0.009775,63.5,0.381290478,0.02,NA,NA,151.5089514
DUDU,7/17/2023,Late,DUDU-1A,Garden,2023,1.481,0.009775,63.5,0.381290478,0.07,36,28,151.5089514
DUDU,7/28/2023,Late,DUDU-1A,Garden,2023,1.481,0.009775,63.5,0.381290478,0.03,NA,NA,151.5089514
DUDU,8/3/2023,Late,DUDU-1A,Garden,2023,1.481,0.009775,63.5,0.381290478,0.02,34,24,151.5089514
DUDU,8/7/2023,Late,DUDU-1A,Garden,2023,1.481,0.009775,63.5,0.381290478,0.04,NA,NA,151.5089514
DUDU,8/15/2023,Late,DUDU-1A,Garden,2023,1.481,0.009775,63.5,0.381290478,0.18,NA,NA,151.5089514
DUDU,6/20/2023,Mid,DUDU-1C,Garden,2023,1.5255,0.01,48.5,0.453988096,0,NA,NA,152.55
DUDU,7/10/2023,Mid,DUDU-1C,Garden,2023,1.5255,0.01,48.5,0.453988096,0.01,NA,NA,152.55
DUDU,7/17/2023,Late,DUDU-1C,Garden,2023,1.5255,0.01,48.5,0.453988096,0.02,10,18,152.55
DUDU,7/28/2023,Late,DUDU-1C,Garden,2023,1.5255,0.01,48.5,0.453988096,0.02,NA,NA,152.55
DUDU,8/3/2023,Late,DUDU-1C,Garden,2023,1.5255,0.01,48.5,0.453988096,0.01,11,20,152.55
DUDU,8/7/2023,Late,DUDU-1C,Garden,2023,1.5255,0.01,48.5,0.453988096,0.02,NA,NA,152.55
DUDU,8/15/2023,Late,DUDU-1C,Garden,2023,1.5255,0.01,48.5,0.453988096,0.04,NA,NA,152.55
DUDU,6/5/2023,Early,DUDU-3D,Garden,2023,1.3985,0.0084,62,0.556557767,0.3,NA,NA,166.4880952
DUDU,6/12/2023,Early,DUDU-3D,Garden,2023,1.3985,0.0084,62,0.556557767,0.07,5,6,166.4880952
DUDU,6/20/2023,Mid,DUDU-3D,Garden,2023,1.3985,0.0084,62,0.556557767,0.25,NA,NA,166.4880952
DUDU,8/7/2023,Late,DUDU-3D,Garden,2023,1.3985,0.0084,62,0.556557767,0.01,NA,NA,166.4880952
DUDU,8/15/2023,Late,DUDU-3D,Garden,2023,1.3985,0.0084,62,0.556557767,0.78,NA,NA,166.4880952
DUDU,6/20/2023,Mid,DUDU-7A,Garden,2023,1.018,0.0061,52.75,0.352706101,0,NA,NA,166.8852459
DUDU,7/28/2023,Late,DUDU-7A,Garden,2023,1.018,0.0061,52.75,0.352706101,0.15,NA,NA,166.8852459
DUDU,8/3/2023,Late,DUDU-7A,Garden,2023,1.018,0.0061,52.75,0.352706101,0.01,23,20,166.8852459
DUDU,8/7/2023,Late,DUDU-7A,Garden,2023,1.018,0.0061,52.75,0.352706101,0.07,NA,NA,166.8852459
DUDU,8/15/2023,Late,DUDU-7A,Garden,2023,1.018,0.0061,52.75,0.352706101,0.07,NA,NA,166.8852459
DUDU,6/5/2023,Early,DUDU-7C,Garden,2023,0.59225,0.003175,65.25,0.123810613,0.23,NA,NA,186.5354331
DUDU,6/12/2023,Early,DUDU-7C,Garden,2023,0.59225,0.003175,65.25,0.123810613,0.01,5,6,186.5354331
DUDU,6/20/2023,Mid,DUDU-7C,Garden,2023,0.59225,0.003175,65.25,0.123810613,0.1,NA,NA,186.5354331
DUDU,6/29/2023,Mid,DUDU-7C,Garden,2023,0.59225,0.003175,65.25,0.123810613,0.01,11,7,186.5354331
DUDU,7/3/2023,Mid,DUDU-7C,Garden,2023,0.59225,0.003175,65.25,0.123810613,0.03,NA,NA,186.5354331
DUDU,7/10/2023,Mid,DUDU-7C,Garden,2023,0.59225,0.003175,65.25,0.123810613,0.01,NA,NA,186.5354331
DUDU,7/17/2023,Late,DUDU-7C,Garden,2023,0.59225,0.003175,65.25,0.123810613,0.01,13,11,186.5354331
DUDU,7/28/2023,Late,DUDU-7C,Garden,2023,0.59225,0.003175,65.25,0.123810613,0.03,NA,NA,186.5354331
DUDU,8/3/2023,Late,DUDU-7C,Garden,2023,0.59225,0.003175,65.25,0.123810613,0.01,12,9,186.5354331
DUDU,8/7/2023,Late,DUDU-7C,Garden,2023,0.59225,0.003175,65.25,0.123810613,0.01,NA,NA,186.5354331
DUDU,8/15/2023,Late,DUDU-7C,Garden,2023,0.59225,0.003175,65.25,0.123810613,0.01,NA,NA,186.5354331
DUDU,6/5/2023,Early,DUDU-7E,Garden,2023,0.846,0.00555,70.25,0.112232481,0.1,NA,NA,152.4324324
DUDU,6/20/2023,Mid,DUDU-7E,Garden,2023,0.846,0.00555,70.25,0.112232481,0.01,NA,NA,152.4324324
DUDU,6/29/2023,Mid,DUDU-7E,Garden,2023,0.846,0.00555,70.25,0.112232481,0.01,16,12,152.4324324
DUDU,7/3/2023,Mid,DUDU-7E,Garden,2023,0.846,0.00555,70.25,0.112232481,0.01,NA,NA,152.4324324
DUDU,7/17/2023,Late,DUDU-7E,Garden,2023,0.846,0.00555,70.25,0.112232481,0.02,20,8,152.4324324
DUDU,7/28/2023,Late,DUDU-7E,Garden,2023,0.846,0.00555,70.25,0.112232481,0.01,NA,NA,152.4324324
DUDU,8/7/2023,Late,DUDU-7E,Garden,2023,0.846,0.00555,70.25,0.112232481,0.02,NA,NA,152.4324324
DUDU,8/15/2023,Late,DUDU-7E,Garden,2023,0.846,0.00555,70.25,0.112232481,0.15,NA,NA,152.4324324
FLAT,5/31/2023,Early,FLAT-1A,Garden,2023,0.842,0.005175,125.75,0.88421392,0.06,21,17,162.705314
FLAT,6/5/2023,Early,FLAT-1A,Garden,2023,0.842,0.005175,125.75,0.88421392,0.25,NA,NA,162.705314
FLAT,6/12/2023,Early,FLAT-1A,Garden,2023,0.842,0.005175,125.75,0.88421392,0.7,11,17,162.705314
FLAT,6/20/2023,Mid,FLAT-1A,Garden,2023,0.842,0.005175,125.75,0.88421392,0.45,NA,NA,162.705314
FLAT,6/29/2023,Mid,FLAT-1A,Garden,2023,0.842,0.005175,125.75,0.88421392,0.18,34,20,162.705314
FLAT,7/3/2023,Mid,FLAT-1A,Garden,2023,0.842,0.005175,125.75,0.88421392,0.04,NA,NA,162.705314
FLAT,7/10/2023,Mid,FLAT-1A,Garden,2023,0.842,0.005175,125.75,0.88421392,0.01,NA,NA,162.705314
FLAT,7/17/2023,Late,FLAT-1A,Garden,2023,0.842,0.005175,125.75,0.88421392,0.18,47,26,162.705314
FLAT,7/28/2023,Late,FLAT-1A,Garden,2023,0.842,0.005175,125.75,0.88421392,0.03,NA,NA,162.705314
FLAT,8/3/2023,Late,FLAT-1A,Garden,2023,0.842,0.005175,125.75,0.88421392,0.1,35,24,162.705314
FLAT,8/7/2023,Late,FLAT-1A,Garden,2023,0.842,0.005175,125.75,0.88421392,0.03,NA,NA,162.705314
FLAT,8/15/2023,Late,FLAT-1A,Garden,2023,0.842,0.005175,125.75,0.88421392,0.08,NA,NA,162.705314
FLAT,5/31/2023,Early,FLAT-1B,Garden,2023,0.70475,0.00225,53.75,0.779174447,0.8,8,6,313.2222222
FLAT,6/5/2023,Early,FLAT-1B,Garden,2023,0.70475,0.00225,53.75,0.779174447,0.65,NA,NA,313.2222222
FLAT,6/12/2023,Early,FLAT-1B,Garden,2023,0.70475,0.00225,53.75,0.779174447,0.6,11,9,313.2222222
FLAT,6/20/2023,Mid,FLAT-1B,Garden,2023,0.70475,0.00225,53.75,0.779174447,0.38,NA,NA,313.2222222
FLAT,6/29/2023,Mid,FLAT-1B,Garden,2023,0.70475,0.00225,53.75,0.779174447,0.18,16,18,313.2222222
FLAT,7/3/2023,Mid,FLAT-1B,Garden,2023,0.70475,0.00225,53.75,0.779174447,0.03,NA,NA,313.2222222
FLAT,7/28/2023,Late,FLAT-1B,Garden,2023,0.70475,0.00225,53.75,0.779174447,0.05,NA,NA,313.2222222
FLAT,8/3/2023,Late,FLAT-1B,Garden,2023,0.70475,0.00225,53.75,0.779174447,0.85,12,25,313.2222222
FLAT,8/15/2023,Late,FLAT-1B,Garden,2023,0.70475,0.00225,53.75,0.779174447,0.01,NA,NA,313.2222222
FLAT,6/20/2023,Mid,FLAT-3A,Garden,2023,0.85575,0.0042,66.75,0.902502682,0,NA,NA,203.75
FLAT,7/10/2023,Mid,FLAT-3A,Garden,2023,0.85575,0.0042,66.75,0.902502682,0.01,NA,NA,203.75
FLAT,7/28/2023,Late,FLAT-3A,Garden,2023,0.85575,0.0042,66.75,0.902502682,0.03,NA,NA,203.75
FLAT,8/7/2023,Late,FLAT-3A,Garden,2023,0.85575,0.0042,66.75,0.902502682,0.02,NA,NA,203.75
FLAT,8/15/2023,Late,FLAT-3A,Garden,2023,0.85575,0.0042,66.75,0.902502682,0.01,NA,NA,203.75
FLAT,5/31/2023,Early,FLAT-5A,Garden,2023,1.42025,0.0081,106.25,0.805525905,0.07,13,12,175.3395062
FLAT,6/5/2023,Early,FLAT-5A,Garden,2023,1.42025,0.0081,106.25,0.805525905,0.1,NA,NA,175.3395062
FLAT,6/12/2023,Early,FLAT-5A,Garden,2023,1.42025,0.0081,106.25,0.805525905,0.05,15,15,175.3395062
FLAT,6/20/2023,Mid,FLAT-5A,Garden,2023,1.42025,0.0081,106.25,0.805525905,0.18,NA,NA,175.3395062
FLAT,6/29/2023,Mid,FLAT-5A,Garden,2023,1.42025,0.0081,106.25,0.805525905,0.12,28,22,175.3395062
FLAT,7/3/2023,Mid,FLAT-5A,Garden,2023,1.42025,0.0081,106.25,0.805525905,0.03,NA,NA,175.3395062
FLAT,7/10/2023,Mid,FLAT-5A,Garden,2023,1.42025,0.0081,106.25,0.805525905,0.01,NA,NA,175.3395062
FLAT,7/17/2023,Late,FLAT-5A,Garden,2023,1.42025,0.0081,106.25,0.805525905,0.35,32,23,175.3395062
FLAT,7/28/2023,Late,FLAT-5A,Garden,2023,1.42025,0.0081,106.25,0.805525905,0.05,NA,NA,175.3395062
FLAT,8/3/2023,Late,FLAT-5A,Garden,2023,1.42025,0.0081,106.25,0.805525905,0.5,19,20,175.3395062
FLAT,8/7/2023,Late,FLAT-5A,Garden,2023,1.42025,0.0081,106.25,0.805525905,0.08,NA,NA,175.3395062
FLAT,8/15/2023,Late,FLAT-5A,Garden,2023,1.42025,0.0081,106.25,0.805525905,0.18,NA,NA,175.3395062
HIX,5/31/2023,Early,HIX-1D,Garden,2023,1.06275,0.005875,93,0.302455922,0.05,7,8,180.893617
HIX,6/5/2023,Early,HIX-1D,Garden,2023,1.06275,0.005875,93,0.302455922,0.02,NA,NA,180.893617
HIX,6/12/2023,Early,HIX-1D,Garden,2023,1.06275,0.005875,93,0.302455922,0.03,10,8,180.893617
HIX,6/20/2023,Mid,HIX-1D,Garden,2023,1.06275,0.005875,93,0.302455922,0.01,NA,NA,180.893617
HIX,7/3/2023,Mid,HIX-1D,Garden,2023,1.06275,0.005875,93,0.302455922,0.01,NA,NA,180.893617
HIX,7/10/2023,Mid,HIX-1D,Garden,2023,1.06275,0.005875,93,0.302455922,0.01,NA,NA,180.893617
HIX,7/17/2023,Late,HIX-1D,Garden,2023,1.06275,0.005875,93,0.302455922,0.01,24,19,180.893617
HIX,8/7/2023,Late,HIX-1D,Garden,2023,1.06275,0.005875,93,0.302455922,0.01,NA,NA,180.893617
HIX,8/15/2023,Late,HIX-1D,Garden,2023,1.06275,0.005875,93,0.302455922,0.07,NA,NA,180.893617
HIX,6/20/2023,Mid,HIX-1E,Garden,2023,1.0155,0.00575,91.75,0.304767674,0,NA,NA,176.6086957
HIX,6/29/2023,Mid,HIX-1E,Garden,2023,1.0155,0.00575,91.75,0.304767674,0.02,18,20,176.6086957
HIX,7/3/2023,Mid,HIX-1E,Garden,2023,1.0155,0.00575,91.75,0.304767674,0.01,NA,NA,176.6086957
HIX,7/10/2023,Mid,HIX-1E,Garden,2023,1.0155,0.00575,91.75,0.304767674,0.01,NA,NA,176.6086957
HIX,7/28/2023,Late,HIX-1E,Garden,2023,1.0155,0.00575,91.75,0.304767674,0.01,NA,NA,176.6086957
HIX,8/3/2023,Late,HIX-1E,Garden,2023,1.0155,0.00575,91.75,0.304767674,0.02,22,15,176.6086957
HIX,8/7/2023,Late,HIX-1E,Garden,2023,1.0155,0.00575,91.75,0.304767674,0.02,NA,NA,176.6086957
HIX,8/15/2023,Late,HIX-1E,Garden,2023,1.0155,0.00575,91.75,0.304767674,0.18,NA,NA,176.6086957
HIX,5/31/2023,Early,HIX-1G,Garden,2023,1.14675,0.0061,88.75,0.370529782,0.01,13,8,187.9918033
HIX,6/5/2023,Early,HIX-1G,Garden,2023,1.14675,0.0061,88.75,0.370529782,0.1,NA,NA,187.9918033
HIX,6/12/2023,Early,HIX-1G,Garden,2023,1.14675,0.0061,88.75,0.370529782,0.35,15,7,187.9918033
HIX,6/20/2023,Mid,HIX-1G,Garden,2023,1.14675,0.0061,88.75,0.370529782,0.4,NA,NA,187.9918033
HIX,6/29/2023,Mid,HIX-1G,Garden,2023,1.14675,0.0061,88.75,0.370529782,0.35,20,15,187.9918033
HIX,7/3/2023,Mid,HIX-1G,Garden,2023,1.14675,0.0061,88.75,0.370529782,0.05,NA,NA,187.9918033
HIX,7/10/2023,Mid,HIX-1G,Garden,2023,1.14675,0.0061,88.75,0.370529782,0.02,NA,NA,187.9918033
HIX,7/17/2023,Late,HIX-1G,Garden,2023,1.14675,0.0061,88.75,0.370529782,0.02,17,21,187.9918033
HIX,7/28/2023,Late,HIX-1G,Garden,2023,1.14675,0.0061,88.75,0.370529782,0.03,NA,NA,187.9918033
HIX,8/3/2023,Late,HIX-1G,Garden,2023,1.14675,0.0061,88.75,0.370529782,0.05,24,23,187.9918033
HIX,8/7/2023,Late,HIX-1G,Garden,2023,1.14675,0.0061,88.75,0.370529782,0.04,NA,NA,187.9918033
HIX,8/15/2023,Late,HIX-1G,Garden,2023,1.14675,0.0061,88.75,0.370529782,0.4,NA,NA,187.9918033
HIX,6/20/2023,Mid,HIX-3E,Garden,2023,0.807,0.004725,67.5,0.517826106,0,NA,NA,170.7936508
HIX,7/10/2023,Mid,HIX-3E,Garden,2023,0.807,0.004725,67.5,0.517826106,0.01,NA,NA,170.7936508
HIX,7/17/2023,Late,HIX-3E,Garden,2023,0.807,0.004725,67.5,0.517826106,0.07,19,22,170.7936508
HIX,7/28/2023,Late,HIX-3E,Garden,2023,0.807,0.004725,67.5,0.517826106,0.02,NA,NA,170.7936508
HIX,8/3/2023,Late,HIX-3E,Garden,2023,0.807,0.004725,67.5,0.517826106,0.4,23,18,170.7936508
HIX,8/7/2023,Late,HIX-3E,Garden,2023,0.807,0.004725,67.5,0.517826106,0.15,NA,NA,170.7936508
HIX,8/15/2023,Late,HIX-3E,Garden,2023,0.807,0.004725,67.5,0.517826106,0.15,NA,NA,170.7936508
I1,6/5/2023,Early,I1-3B,Garden,2023,0.60325,0.0026,54.75,0.737360223,0.65,NA,NA,232.0192308
I1,6/20/2023,Mid,I1-3B,Garden,2023,0.60325,0.0026,54.75,0.737360223,0,NA,NA,232.0192308
I1,7/28/2023,Late,I1-3B,Garden,2023,0.60325,0.0026,54.75,0.737360223,0.03,NA,NA,232.0192308
I1,8/3/2023,Late,I1-3B,Garden,2023,0.60325,0.0026,54.75,0.737360223,0.01,12,13,232.0192308
I1,8/7/2023,Late,I1-3B,Garden,2023,0.60325,0.0026,54.75,0.737360223,0.05,NA,NA,232.0192308
I1,8/15/2023,Late,I1-3B,Garden,2023,0.60325,0.0026,54.75,0.737360223,0.35,NA,NA,232.0192308
I1,6/20/2023,Mid,I1-5B,Garden,2023,0.85675,0.005175,87.5,1.150140424,0,NA,NA,165.5555556
I1,7/17/2023,Late,I1-5B,Garden,2023,0.85675,0.005175,87.5,1.150140424,0.02,15,11,165.5555556
I1,7/28/2023,Late,I1-5B,Garden,2023,0.85675,0.005175,87.5,1.150140424,0.04,NA,NA,165.5555556
I1,8/3/2023,Late,I1-5B,Garden,2023,0.85675,0.005175,87.5,1.150140424,0.02,25,13,165.5555556
I1,8/7/2023,Late,I1-5B,Garden,2023,0.85675,0.005175,87.5,1.150140424,0.03,NA,NA,165.5555556
I1,8/15/2023,Late,I1-5B,Garden,2023,0.85675,0.005175,87.5,1.150140424,0.08,NA,NA,165.5555556
I1,5/31/2023,Early,I1-6A,Garden,2023,1.18525,0.00655,54.25,0.353371727,0.04,11,14,180.9541985
I1,6/5/2023,Early,I1-6A,Garden,2023,1.18525,0.00655,54.25,0.353371727,0.02,NA,NA,180.9541985
I1,6/20/2023,Mid,I1-6A,Garden,2023,1.18525,0.00655,54.25,0.353371727,0.01,NA,NA,180.9541985
I1,6/29/2023,Mid,I1-6A,Garden,2023,1.18525,0.00655,54.25,0.353371727,0.05,26,19,180.9541985
I1,7/3/2023,Mid,I1-6A,Garden,2023,1.18525,0.00655,54.25,0.353371727,0.02,NA,NA,180.9541985
I1,7/10/2023,Mid,I1-6A,Garden,2023,1.18525,0.00655,54.25,0.353371727,0.02,NA,NA,180.9541985
I1,7/17/2023,Late,I1-6A,Garden,2023,1.18525,0.00655,54.25,0.353371727,0.03,37,20,180.9541985
I1,7/28/2023,Late,I1-6A,Garden,2023,1.18525,0.00655,54.25,0.353371727,0.03,NA,NA,180.9541985
I1,8/3/2023,Late,I1-6A,Garden,2023,1.18525,0.00655,54.25,0.353371727,0.02,45,20,180.9541985
I1,8/7/2023,Late,I1-6A,Garden,2023,1.18525,0.00655,54.25,0.353371727,0.02,NA,NA,180.9541985
I1,8/15/2023,Late,I1-6A,Garden,2023,1.18525,0.00655,54.25,0.353371727,0.07,NA,NA,180.9541985
I2,5/31/2023,Early,I2-1A,Garden,2023,1.1055,0.0076,88,0.466644166,0.03,8,11,145.4605263
I2,6/5/2023,Early,I2-1A,Garden,2023,1.1055,0.0076,88,0.466644166,0.2,NA,NA,145.4605263
I2,6/20/2023,Mid,I2-1A,Garden,2023,1.1055,0.0076,88,0.466644166,0.13,NA,NA,145.4605263
I2,6/29/2023,Mid,I2-1A,Garden,2023,1.1055,0.0076,88,0.466644166,0.4,26,18,145.4605263
I2,7/3/2023,Mid,I2-1A,Garden,2023,1.1055,0.0076,88,0.466644166,0.03,NA,NA,145.4605263
I2,7/10/2023,Mid,I2-1A,Garden,2023,1.1055,0.0076,88,0.466644166,0.01,NA,NA,145.4605263
I2,7/17/2023,Late,I2-1A,Garden,2023,1.1055,0.0076,88,0.466644166,0.1,42,20,145.4605263
I2,8/3/2023,Late,I2-1A,Garden,2023,1.1055,0.0076,88,0.466644166,0.02,29,21,145.4605263
I2,8/7/2023,Late,I2-1A,Garden,2023,1.1055,0.0076,88,0.466644166,0.03,NA,NA,145.4605263
I2,8/15/2023,Late,I2-1A,Garden,2023,1.1055,0.0076,88,0.466644166,0.08,NA,NA,145.4605263
I2,5/31/2023,Early,I2-1B,Garden,2023,0.9405,0.004425,107.5,0.414534094,0.15,9,10,212.5423729
I2,6/12/2023,Early,I2-1B,Garden,2023,0.9405,0.004425,107.5,0.414534094,0.3,11,11,212.5423729
I2,6/20/2023,Mid,I2-1B,Garden,2023,0.9405,0.004425,107.5,0.414534094,0.75,NA,NA,212.5423729
I2,7/3/2023,Mid,I2-1B,Garden,2023,0.9405,0.004425,107.5,0.414534094,0.03,NA,NA,212.5423729
I2,7/10/2023,Mid,I2-1B,Garden,2023,0.9405,0.004425,107.5,0.414534094,0.8,NA,NA,212.5423729
I2,7/17/2023,Late,I2-1B,Garden,2023,0.9405,0.004425,107.5,0.414534094,0.85,25,17,212.5423729
I2,7/28/2023,Late,I2-1B,Garden,2023,0.9405,0.004425,107.5,0.414534094,0.07,NA,NA,212.5423729
I2,8/7/2023,Late,I2-1B,Garden,2023,0.9405,0.004425,107.5,0.414534094,0.02,NA,NA,212.5423729
I2,8/15/2023,Late,I2-1B,Garden,2023,0.9405,0.004425,107.5,0.414534094,0.12,NA,NA,212.5423729
I2,5/31/2023,Early,I2-7B,Garden,2023,0.93325,0.00485,120,0.596379064,0.05,22,10,192.4226804
I2,6/5/2023,Early,I2-7B,Garden,2023,0.93325,0.00485,120,0.596379064,0.03,NA,NA,192.4226804
I2,6/20/2023,Mid,I2-7B,Garden,2023,0.93325,0.00485,120,0.596379064,0.07,NA,NA,192.4226804
I2,6/29/2023,Mid,I2-7B,Garden,2023,0.93325,0.00485,120,0.596379064,0.12,42,18,192.4226804
I2,7/3/2023,Mid,I2-7B,Garden,2023,0.93325,0.00485,120,0.596379064,0.01,NA,NA,192.4226804
I2,7/10/2023,Mid,I2-7B,Garden,2023,0.93325,0.00485,120,0.596379064,0.05,NA,NA,192.4226804
I2,7/17/2023,Late,I2-7B,Garden,2023,0.93325,0.00485,120,0.596379064,0.1,37,16,192.4226804
I2,7/28/2023,Late,I2-7B,Garden,2023,0.93325,0.00485,120,0.596379064,0.15,NA,NA,192.4226804
I2,8/7/2023,Late,I2-7B,Garden,2023,0.93325,0.00485,120,0.596379064,0.02,NA,NA,192.4226804
I2,8/15/2023,Late,I2-7B,Garden,2023,0.93325,0.00485,120,0.596379064,0.12,NA,NA,192.4226804
I3,6/5/2023,Early,I3-3C,Garden,2023,1.099,0.005725,106.75,0.513413189,0.05,NA,NA,191.9650655
I3,6/12/2023,Early,I3-3C,Garden,2023,1.099,0.005725,106.75,0.513413189,0.5,22,15,191.9650655
I3,6/20/2023,Mid,I3-3C,Garden,2023,1.099,0.005725,106.75,0.513413189,0.35,NA,NA,191.9650655
I3,6/29/2023,Mid,I3-3C,Garden,2023,1.099,0.005725,106.75,0.513413189,0.2,32,22,191.9650655
I3,7/3/2023,Mid,I3-3C,Garden,2023,1.099,0.005725,106.75,0.513413189,0.02,NA,NA,191.9650655
I3,7/10/2023,Mid,I3-3C,Garden,2023,1.099,0.005725,106.75,0.513413189,0.01,NA,NA,191.9650655
I3,7/17/2023,Late,I3-3C,Garden,2023,1.099,0.005725,106.75,0.513413189,0.1,59,28,191.9650655
I3,7/28/2023,Late,I3-3C,Garden,2023,1.099,0.005725,106.75,0.513413189,0.02,NA,NA,191.9650655
I3,8/3/2023,Late,I3-3C,Garden,2023,1.099,0.005725,106.75,0.513413189,0.2,47,28,191.9650655
I3,8/7/2023,Late,I3-3C,Garden,2023,1.099,0.005725,106.75,0.513413189,0.02,NA,NA,191.9650655
I3,8/15/2023,Late,I3-3C,Garden,2023,1.099,0.005725,106.75,0.513413189,0.03,NA,NA,191.9650655
I3,5/31/2023,Early,I3-5C,Garden,2023,1.43325,0.0076,75,0.738700885,0.01,8,15,188.5855263
I3,6/5/2023,Early,I3-5C,Garden,2023,1.43325,0.0076,75,0.738700885,0.01,NA,NA,188.5855263
I3,6/20/2023,Mid,I3-5C,Garden,2023,1.43325,0.0076,75,0.738700885,0.02,NA,NA,188.5855263
I3,6/29/2023,Mid,I3-5C,Garden,2023,1.43325,0.0076,75,0.738700885,0.13,22,23,188.5855263
I3,7/3/2023,Mid,I3-5C,Garden,2023,1.43325,0.0076,75,0.738700885,0.1,NA,NA,188.5855263
I3,7/10/2023,Mid,I3-5C,Garden,2023,1.43325,0.0076,75,0.738700885,0.05,NA,NA,188.5855263
I3,7/17/2023,Late,I3-5C,Garden,2023,1.43325,0.0076,75,0.738700885,0.28,36,28,188.5855263
I3,7/28/2023,Late,I3-5C,Garden,2023,1.43325,0.0076,75,0.738700885,0.03,NA,NA,188.5855263
I3,8/3/2023,Late,I3-5C,Garden,2023,1.43325,0.0076,75,0.738700885,0.25,31,28,188.5855263
I3,8/7/2023,Late,I3-5C,Garden,2023,1.43325,0.0076,75,0.738700885,0.05,NA,NA,188.5855263
I3,8/15/2023,Late,I3-5C,Garden,2023,1.43325,0.0076,75,0.738700885,0.07,NA,NA,188.5855263
I3,6/20/2023,Mid,I3-6C,Garden,2023,1.01275,0.005475,116.25,1.02821534,0,NA,NA,184.9771689
I3,8/15/2023,Late,I3-6C,Garden,2023,1.01275,0.005475,116.25,1.02821534,0.12,NA,NA,184.9771689
I3,5/31/2023,Early,I3-6D,Garden,2023,0.5385,0.002875,114.25,0.748536577,0.05,13,7,187.3043478
I3,6/12/2023,Early,I3-6D,Garden,2023,0.5385,0.002875,114.25,0.748536577,0.01,15,7,187.3043478
I3,6/29/2023,Mid,I3-6D,Garden,2023,0.5385,0.002875,114.25,0.748536577,0.95,37,11,187.3043478
I3,7/17/2023,Late,I3-6D,Garden,2023,0.5385,0.002875,114.25,0.748536577,0.9,65,16,187.3043478
I3,7/28/2023,Late,I3-6D,Garden,2023,0.5385,0.002875,114.25,0.748536577,0.01,NA,NA,187.3043478
I3,8/3/2023,Late,I3-6D,Garden,2023,0.5385,0.002875,114.25,0.748536577,0.05,54,19,187.3043478
I3,8/7/2023,Late,I3-6D,Garden,2023,0.5385,0.002875,114.25,0.748536577,0.01,NA,NA,187.3043478
I3,8/15/2023,Late,I3-6D,Garden,2023,0.5385,0.002875,114.25,0.748536577,0.07,NA,NA,187.3043478
ICH,6/5/2023,Early,ICH-3A,Garden,2023,0.825,0.0057,104,1.452308212,0.01,NA,NA,144.7368421
ICH,6/20/2023,Mid,ICH-3A,Garden,2023,0.825,0.0057,104,1.452308212,0.01,NA,NA,144.7368421
ICH,6/29/2023,Mid,ICH-3A,Garden,2023,0.825,0.0057,104,1.452308212,0.02,20,22,144.7368421
ICH,7/10/2023,Mid,ICH-3A,Garden,2023,0.825,0.0057,104,1.452308212,0.01,NA,NA,144.7368421
ICH,7/17/2023,Late,ICH-3A,Garden,2023,0.825,0.0057,104,1.452308212,0.15,22,21,144.7368421
ICH,7/28/2023,Late,ICH-3A,Garden,2023,0.825,0.0057,104,1.452308212,0.2,NA,NA,144.7368421
ICH,8/3/2023,Late,ICH-3A,Garden,2023,0.825,0.0057,104,1.452308212,0.03,22,16,144.7368421
ICH,8/15/2023,Late,ICH-3A,Garden,2023,0.825,0.0057,104,1.452308212,0.05,NA,NA,144.7368421
ICH,5/31/2023,Early,ICH-5A,Garden,2023,0.825,0.004825,138.25,0.444007804,0.3,18,20,170.984456
ICH,6/5/2023,Early,ICH-5A,Garden,2023,0.825,0.004825,138.25,0.444007804,0.25,NA,NA,170.984456
ICH,6/12/2023,Early,ICH-5A,Garden,2023,0.825,0.004825,138.25,0.444007804,0.35,15,17,170.984456
ICH,6/20/2023,Mid,ICH-5A,Garden,2023,0.825,0.004825,138.25,0.444007804,0.1,NA,NA,170.984456
ICH,6/29/2023,Mid,ICH-5A,Garden,2023,0.825,0.004825,138.25,0.444007804,0.3,18,23,170.984456
ICH,7/3/2023,Mid,ICH-5A,Garden,2023,0.825,0.004825,138.25,0.444007804,0.15,NA,NA,170.984456
ICH,7/10/2023,Mid,ICH-5A,Garden,2023,0.825,0.004825,138.25,0.444007804,0.3,NA,NA,170.984456
ICH,7/17/2023,Late,ICH-5A,Garden,2023,0.825,0.004825,138.25,0.444007804,0.2,14,22,170.984456
ICH,7/28/2023,Late,ICH-5A,Garden,2023,0.825,0.004825,138.25,0.444007804,0.1,NA,NA,170.984456
ICH,8/3/2023,Late,ICH-5A,Garden,2023,0.825,0.004825,138.25,0.444007804,0.5,17,21,170.984456
ICH,8/7/2023,Late,ICH-5A,Garden,2023,0.825,0.004825,138.25,0.444007804,0.25,NA,NA,170.984456
ICH,8/15/2023,Late,ICH-5A,Garden,2023,0.825,0.004825,138.25,0.444007804,0.3,NA,NA,170.984456
ICH,6/20/2023,Mid,ICH-6A,Garden,2023,0.91825,0.0053,132.75,0.397829284,0,NA,NA,173.254717
ICH,6/29/2023,Mid,ICH-6A,Garden,2023,0.91825,0.0053,132.75,0.397829284,0.01,25,27,173.254717
ICH,7/3/2023,Mid,ICH-6A,Garden,2023,0.91825,0.0053,132.75,0.397829284,0.01,NA,NA,173.254717
ICH,7/28/2023,Late,ICH-6A,Garden,2023,0.91825,0.0053,132.75,0.397829284,0.04,NA,NA,173.254717
ICH,8/3/2023,Late,ICH-6A,Garden,2023,0.91825,0.0053,132.75,0.397829284,0.08,19,35,173.254717
ICH,8/7/2023,Late,ICH-6A,Garden,2023,0.91825,0.0053,132.75,0.397829284,0.1,NA,NA,173.254717
ICH,8/15/2023,Late,ICH-6A,Garden,2023,0.91825,0.0053,132.75,0.397829284,0.65,NA,NA,173.254717
MOR,6/5/2023,Early,MOR-1D,Garden,2023,0.9505,0.004925,136,0.64274911,0.01,NA,NA,192.9949239
MOR,6/12/2023,Early,MOR-1D,Garden,2023,0.9505,0.004925,136,0.64274911,0.03,11,10,192.9949239
MOR,6/20/2023,Mid,MOR-1D,Garden,2023,0.9505,0.004925,136,0.64274911,0.18,NA,NA,192.9949239
MOR,6/29/2023,Mid,MOR-1D,Garden,2023,0.9505,0.004925,136,0.64274911,0.07,14,21,192.9949239
MOR,7/3/2023,Mid,MOR-1D,Garden,2023,0.9505,0.004925,136,0.64274911,0.02,NA,NA,192.9949239
MOR,7/10/2023,Mid,MOR-1D,Garden,2023,0.9505,0.004925,136,0.64274911,0.05,NA,NA,192.9949239
MOR,7/17/2023,Late,MOR-1D,Garden,2023,0.9505,0.004925,136,0.64274911,0.28,28,29,192.9949239
MOR,7/28/2023,Late,MOR-1D,Garden,2023,0.9505,0.004925,136,0.64274911,0.02,NA,NA,192.9949239
MOR,8/7/2023,Late,MOR-1D,Garden,2023,0.9505,0.004925,136,0.64274911,0.06,NA,NA,192.9949239
MOR,8/15/2023,Late,MOR-1D,Garden,2023,0.9505,0.004925,136,0.64274911,0.15,NA,NA,192.9949239
MOR,6/20/2023,Mid,MOR-4E,Garden,2023,1.302,0.007125,103.25,0.68264616,0,NA,NA,182.7368421
MOR,6/29/2023,Mid,MOR-4E,Garden,2023,1.302,0.007125,103.25,0.68264616,0.03,18,21,182.7368421
MOR,7/3/2023,Mid,MOR-4E,Garden,2023,1.302,0.007125,103.25,0.68264616,0.01,NA,NA,182.7368421
MOR,7/10/2023,Mid,MOR-4E,Garden,2023,1.302,0.007125,103.25,0.68264616,0.01,NA,NA,182.7368421
MOR,7/28/2023,Late,MOR-4E,Garden,2023,1.302,0.007125,103.25,0.68264616,0.01,NA,NA,182.7368421
MOR,8/7/2023,Late,MOR-4E,Garden,2023,1.302,0.007125,103.25,0.68264616,0.02,NA,NA,182.7368421
MOR,8/15/2023,Late,MOR-4E,Garden,2023,1.302,0.007125,103.25,0.68264616,0.02,NA,NA,182.7368421
MOR,6/20/2023,Mid,MOR-4F,Garden,2023,1.29525,0.0078,115.5,0.632415011,0.02,NA,NA,166.0576923
MOR,6/29/2023,Mid,MOR-4F,Garden,2023,1.29525,0.0078,115.5,0.632415011,0.02,28,23,166.0576923
MOR,7/10/2023,Mid,MOR-4F,Garden,2023,1.29525,0.0078,115.5,0.632415011,0.01,NA,NA,166.0576923
MOR,7/17/2023,Late,MOR-4F,Garden,2023,1.29525,0.0078,115.5,0.632415011,0.2,39,23,166.0576923
MOR,7/28/2023,Late,MOR-4F,Garden,2023,1.29525,0.0078,115.5,0.632415011,0.3,NA,NA,166.0576923
MOR,8/3/2023,Late,MOR-4F,Garden,2023,1.29525,0.0078,115.5,0.632415011,0.1,32,24,166.0576923
MOR,8/7/2023,Late,MOR-4F,Garden,2023,1.29525,0.0078,115.5,0.632415011,0.15,NA,NA,166.0576923
MOR,8/15/2023,Late,MOR-4F,Garden,2023,1.29525,0.0078,115.5,0.632415011,0.15,NA,NA,166.0576923
MOR,6/5/2023,Early,MOR-6A,Garden,2023,1.3465,0.0077,113,0.866358906,0.01,NA,NA,174.8701299
MOR,6/12/2023,Early,MOR-6A,Garden,2023,1.3465,0.0077,113,0.866358906,0.05,14,19,174.8701299
MOR,6/20/2023,Mid,MOR-6A,Garden,2023,1.3465,0.0077,113,0.866358906,0.28,NA,NA,174.8701299
MOR,6/29/2023,Mid,MOR-6A,Garden,2023,1.3465,0.0077,113,0.866358906,0.15,22,34,174.8701299
MOR,7/3/2023,Mid,MOR-6A,Garden,2023,1.3465,0.0077,113,0.866358906,0.04,NA,NA,174.8701299
MOR,7/10/2023,Mid,MOR-6A,Garden,2023,1.3465,0.0077,113,0.866358906,0.02,NA,NA,174.8701299
MOR,7/17/2023,Late,MOR-6A,Garden,2023,1.3465,0.0077,113,0.866358906,0.12,37,28,174.8701299
MOR,7/28/2023,Late,MOR-6A,Garden,2023,1.3465,0.0077,113,0.866358906,0.04,NA,NA,174.8701299
MOR,8/3/2023,Late,MOR-6A,Garden,2023,1.3465,0.0077,113,0.866358906,0.3,32,25,174.8701299
MOR,8/7/2023,Late,MOR-6A,Garden,2023,1.3465,0.0077,113,0.866358906,0.07,NA,NA,174.8701299
MOR,8/15/2023,Late,MOR-6A,Garden,2023,1.3465,0.0077,113,0.866358906,0.2,NA,NA,174.8701299
MOR,5/31/2023,Early,MOR-6C,Garden,2023,1.14575,0.00695,121,0.459288342,0.01,10,10,164.8561151
MOR,6/5/2023,Early,MOR-6C,Garden,2023,1.14575,0.00695,121,0.459288342,0.02,NA,NA,164.8561151
MOR,6/20/2023,Mid,MOR-6C,Garden,2023,1.14575,0.00695,121,0.459288342,0.01,NA,NA,164.8561151
MOR,6/29/2023,Mid,MOR-6C,Garden,2023,1.14575,0.00695,121,0.459288342,0.02,24,24,164.8561151
MOR,7/3/2023,Mid,MOR-6C,Garden,2023,1.14575,0.00695,121,0.459288342,0.01,NA,NA,164.8561151
MOR,7/17/2023,Late,MOR-6C,Garden,2023,1.14575,0.00695,121,0.459288342,0.03,47,26,164.8561151
MOR,7/28/2023,Late,MOR-6C,Garden,2023,1.14575,0.00695,121,0.459288342,0.05,NA,NA,164.8561151
MOR,8/3/2023,Late,MOR-6C,Garden,2023,1.14575,0.00695,121,0.459288342,0.03,37,27,164.8561151
MOR,8/7/2023,Late,MOR-6C,Garden,2023,1.14575,0.00695,121,0.459288342,0.03,NA,NA,164.8561151
MOR,8/15/2023,Late,MOR-6C,Garden,2023,1.14575,0.00695,121,0.459288342,0.02,NA,NA,164.8561151
MOR,6/5/2023,Early,MOR-6D,Garden,2023,1.466,0.00905,136.25,0.79729388,0.17,NA,NA,161.9889503
MOR,6/12/2023,Early,MOR-6D,Garden,2023,1.466,0.00905,136.25,0.79729388,0.15,29,19,161.9889503
MOR,6/20/2023,Mid,MOR-6D,Garden,2023,1.466,0.00905,136.25,0.79729388,0.2,NA,NA,161.9889503
MOR,6/29/2023,Mid,MOR-6D,Garden,2023,1.466,0.00905,136.25,0.79729388,0.12,36,22,161.9889503
MOR,7/3/2023,Mid,MOR-6D,Garden,2023,1.466,0.00905,136.25,0.79729388,0.03,NA,NA,161.9889503
MOR,7/10/2023,Mid,MOR-6D,Garden,2023,1.466,0.00905,136.25,0.79729388,0.02,NA,NA,161.9889503
MOR,7/17/2023,Late,MOR-6D,Garden,2023,1.466,0.00905,136.25,0.79729388,0.07,45,23,161.9889503
MOR,7/28/2023,Late,MOR-6D,Garden,2023,1.466,0.00905,136.25,0.79729388,0.02,NA,NA,161.9889503
MOR,8/3/2023,Late,MOR-6D,Garden,2023,1.466,0.00905,136.25,0.79729388,0.01,48,20,161.9889503
MOR,8/7/2023,Late,MOR-6D,Garden,2023,1.466,0.00905,136.25,0.79729388,0.01,NA,NA,161.9889503
MOR,8/15/2023,Late,MOR-6D,Garden,2023,1.466,0.00905,136.25,0.79729388,0.2,NA,NA,161.9889503
N2,6/20/2023,Mid,N2-5A,Garden,2023,1.51925,0.011075,71,0.25211812,0,NA,NA,137.1783296
N2,6/29/2023,Mid,N2-5A,Garden,2023,1.51925,0.011075,71,0.25211812,0.05,10,14,137.1783296
N2,7/3/2023,Mid,N2-5A,Garden,2023,1.51925,0.011075,71,0.25211812,0.1,NA,NA,137.1783296
N2,7/10/2023,Mid,N2-5A,Garden,2023,1.51925,0.011075,71,0.25211812,0.3,NA,NA,137.1783296
N2,7/17/2023,Late,N2-5A,Garden,2023,1.51925,0.011075,71,0.25211812,0.07,15,23,137.1783296
N2,7/28/2023,Late,N2-5A,Garden,2023,1.51925,0.011075,71,0.25211812,0.1,NA,NA,137.1783296
N2,8/7/2023,Late,N2-5A,Garden,2023,1.51925,0.011075,71,0.25211812,0.1,NA,NA,137.1783296
N2,8/15/2023,Late,N2-5A,Garden,2023,1.51925,0.011075,71,0.25211812,0.3,NA,NA,137.1783296
N2,5/31/2023,Early,N2-5B,Garden,2023,1.1765,0.0074,56.75,0.250284936,0.07,13,7,158.9864865
N2,6/5/2023,Early,N2-5B,Garden,2023,1.1765,0.0074,56.75,0.250284936,0.05,NA,NA,158.9864865
N2,6/12/2023,Early,N2-5B,Garden,2023,1.1765,0.0074,56.75,0.250284936,0.03,13,7,158.9864865
N2,6/20/2023,Mid,N2-5B,Garden,2023,1.1765,0.0074,56.75,0.250284936,0.02,NA,NA,158.9864865
N2,6/29/2023,Mid,N2-5B,Garden,2023,1.1765,0.0074,56.75,0.250284936,0.01,19,14,158.9864865
N2,7/10/2023,Mid,N2-5B,Garden,2023,1.1765,0.0074,56.75,0.250284936,0.01,NA,NA,158.9864865
N2,7/17/2023,Late,N2-5B,Garden,2023,1.1765,0.0074,56.75,0.250284936,0.02,22,19,158.9864865
N2,7/28/2023,Late,N2-5B,Garden,2023,1.1765,0.0074,56.75,0.250284936,0.07,NA,NA,158.9864865
N2,8/3/2023,Late,N2-5B,Garden,2023,1.1765,0.0074,56.75,0.250284936,0.05,21,21,158.9864865
N2,8/7/2023,Late,N2-5B,Garden,2023,1.1765,0.0074,56.75,0.250284936,0.04,NA,NA,158.9864865
N2,8/15/2023,Late,N2-5B,Garden,2023,1.1765,0.0074,56.75,0.250284936,0.04,NA,NA,158.9864865
N2,5/31/2023,Early,N2-6A,Garden,2023,1.10575,0.006325,54.75,0.232644353,0.07,6,6,174.8221344
N2,6/5/2023,Early,N2-6A,Garden,2023,1.10575,0.006325,54.75,0.232644353,0.03,NA,NA,174.8221344
N2,6/12/2023,Early,N2-6A,Garden,2023,1.10575,0.006325,54.75,0.232644353,0.03,8,7,174.8221344
N2,6/20/2023,Mid,N2-6A,Garden,2023,1.10575,0.006325,54.75,0.232644353,0.01,NA,NA,174.8221344
N2,7/10/2023,Mid,N2-6A,Garden,2023,1.10575,0.006325,54.75,0.232644353,0.01,NA,NA,174.8221344
N2,7/17/2023,Late,N2-6A,Garden,2023,1.10575,0.006325,54.75,0.232644353,0.01,23,23,174.8221344
N2,7/28/2023,Late,N2-6A,Garden,2023,1.10575,0.006325,54.75,0.232644353,0.03,NA,NA,174.8221344
N2,8/7/2023,Late,N2-6A,Garden,2023,1.10575,0.006325,54.75,0.232644353,0.02,NA,NA,174.8221344
N2,8/15/2023,Late,N2-6A,Garden,2023,1.10575,0.006325,54.75,0.232644353,0.03,NA,NA,174.8221344
N2,5/31/2023,Early,N2-6B,Garden,2023,0.762,0.0053,77.25,0.623328507,0.4,8,10,143.7735849
N2,6/5/2023,Early,N2-6B,Garden,2023,0.762,0.0053,77.25,0.623328507,0.9,NA,NA,143.7735849
N2,6/12/2023,Early,N2-6B,Garden,2023,0.762,0.0053,77.25,0.623328507,0.8,9,10,143.7735849
N2,6/20/2023,Mid,N2-6B,Garden,2023,0.762,0.0053,77.25,0.623328507,0.03,NA,NA,143.7735849
N2,6/29/2023,Mid,N2-6B,Garden,2023,0.762,0.0053,77.25,0.623328507,0.05,16,17,143.7735849
N2,7/3/2023,Mid,N2-6B,Garden,2023,0.762,0.0053,77.25,0.623328507,0.02,NA,NA,143.7735849
N2,7/10/2023,Mid,N2-6B,Garden,2023,0.762,0.0053,77.25,0.623328507,0.02,NA,NA,143.7735849
N2,7/17/2023,Late,N2-6B,Garden,2023,0.762,0.0053,77.25,0.623328507,0.3,17,24,143.7735849
N2,7/28/2023,Late,N2-6B,Garden,2023,0.762,0.0053,77.25,0.623328507,0.15,NA,NA,143.7735849
N2,8/7/2023,Late,N2-6B,Garden,2023,0.762,0.0053,77.25,0.623328507,0.05,NA,NA,143.7735849
N2,8/15/2023,Late,N2-6B,Garden,2023,0.762,0.0053,77.25,0.623328507,0.07,NA,NA,143.7735849
N5,5/31/2023,Early,N5-3F,Garden,2023,1.18725,0.006875,87,0.625790917,0.03,13,12,172.6909091
N5,6/5/2023,Early,N5-3F,Garden,2023,1.18725,0.006875,87,0.625790917,0.01,NA,NA,172.6909091
N5,6/12/2023,Early,N5-3F,Garden,2023,1.18725,0.006875,87,0.625790917,0.03,20,19,172.6909091
N5,6/20/2023,Mid,N5-3F,Garden,2023,1.18725,0.006875,87,0.625790917,0.07,NA,NA,172.6909091
N5,6/29/2023,Mid,N5-3F,Garden,2023,1.18725,0.006875,87,0.625790917,0.07,26,24,172.6909091
N5,7/3/2023,Mid,N5-3F,Garden,2023,1.18725,0.006875,87,0.625790917,0.01,NA,NA,172.6909091
N5,7/17/2023,Late,N5-3F,Garden,2023,1.18725,0.006875,87,0.625790917,0.95,28,22,172.6909091
N5,7/28/2023,Late,N5-3F,Garden,2023,1.18725,0.006875,87,0.625790917,0.01,NA,NA,172.6909091
N5,8/3/2023,Late,N5-3F,Garden,2023,1.18725,0.006875,87,0.625790917,0.1,22,21,172.6909091
N5,8/7/2023,Late,N5-3F,Garden,2023,1.18725,0.006875,87,0.625790917,0.01,NA,NA,172.6909091
N5,8/15/2023,Late,N5-3F,Garden,2023,1.18725,0.006875,87,0.625790917,0.45,NA,NA,172.6909091
N5,5/31/2023,Early,N5-3G,Garden,2023,1.23825,0.005475,41,0.737948693,0.08,21,13,226.1643836
N5,6/12/2023,Early,N5-3G,Garden,2023,1.23825,0.005475,41,0.737948693,0.04,22,13,226.1643836
N5,6/20/2023,Mid,N5-3G,Garden,2023,1.23825,0.005475,41,0.737948693,0.18,NA,NA,226.1643836
N5,6/29/2023,Mid,N5-3G,Garden,2023,1.23825,0.005475,41,0.737948693,0.12,24,23,226.1643836
N5,7/3/2023,Mid,N5-3G,Garden,2023,1.23825,0.005475,41,0.737948693,0.04,NA,NA,226.1643836
N5,7/10/2023,Mid,N5-3G,Garden,2023,1.23825,0.005475,41,0.737948693,0.07,NA,NA,226.1643836
N5,7/17/2023,Late,N5-3G,Garden,2023,1.23825,0.005475,41,0.737948693,0.75,28,26,226.1643836
N5,8/7/2023,Late,N5-3G,Garden,2023,1.23825,0.005475,41,0.737948693,0.3,NA,NA,226.1643836
N5,8/15/2023,Late,N5-3G,Garden,2023,1.23825,0.005475,41,0.737948693,0.08,NA,NA,226.1643836
N5,5/31/2023,Early,N5-4D,Garden,2023,0.80575,0.0043,98,0.587196204,0.09,9,19,187.3837209
N5,6/12/2023,Early,N5-4D,Garden,2023,0.80575,0.0043,98,0.587196204,0.25,9,19,187.3837209
N5,6/20/2023,Mid,N5-4D,Garden,2023,0.80575,0.0043,98,0.587196204,0.4,NA,NA,187.3837209
N5,6/29/2023,Mid,N5-4D,Garden,2023,0.80575,0.0043,98,0.587196204,0.25,14,23,187.3837209
N5,7/3/2023,Mid,N5-4D,Garden,2023,0.80575,0.0043,98,0.587196204,0.1,NA,NA,187.3837209
N5,7/10/2023,Mid,N5-4D,Garden,2023,0.80575,0.0043,98,0.587196204,0.4,NA,NA,187.3837209
N5,7/17/2023,Late,N5-4D,Garden,2023,0.80575,0.0043,98,0.587196204,0.9,25,19,187.3837209
N5,7/28/2023,Late,N5-4D,Garden,2023,0.80575,0.0043,98,0.587196204,0.2,NA,NA,187.3837209
N5,8/7/2023,Late,N5-4D,Garden,2023,0.80575,0.0043,98,0.587196204,0.1,NA,NA,187.3837209
N5,8/15/2023,Late,N5-4D,Garden,2023,0.80575,0.0043,98,0.587196204,0.1,NA,NA,187.3837209
N5,6/20/2023,Mid,N5-4G,Garden,2023,1.48875,0.01165,95,1.143129208,0.02,NA,NA,127.7896996
N5,6/29/2023,Mid,N5-4G,Garden,2023,1.48875,0.01165,95,1.143129208,0.03,22,27,127.7896996
N5,7/3/2023,Mid,N5-4G,Garden,2023,1.48875,0.01165,95,1.143129208,0.03,NA,NA,127.7896996
N5,7/10/2023,Mid,N5-4G,Garden,2023,1.48875,0.01165,95,1.143129208,0.02,NA,NA,127.7896996
N5,7/17/2023,Late,N5-4G,Garden,2023,1.48875,0.01165,95,1.143129208,0.05,28,28,127.7896996
N5,7/28/2023,Late,N5-4G,Garden,2023,1.48875,0.01165,95,1.143129208,0.01,NA,NA,127.7896996
N5,8/7/2023,Late,N5-4G,Garden,2023,1.48875,0.01165,95,1.143129208,0.01,NA,NA,127.7896996
N5,8/15/2023,Late,N5-4G,Garden,2023,1.48875,0.01165,95,1.143129208,0.02,NA,NA,127.7896996
N5,6/12/2023,Early,N5-5F,Garden,2023,0.9105,0.0043,63.5,0.715810348,0.15,18,17,211.744186
N5,6/20/2023,Mid,N5-5F,Garden,2023,0.9105,0.0043,63.5,0.715810348,0.25,NA,NA,211.744186
N5,6/29/2023,Mid,N5-5F,Garden,2023,0.9105,0.0043,63.5,0.715810348,0.12,29,22,211.744186
N5,7/3/2023,Mid,N5-5F,Garden,2023,0.9105,0.0043,63.5,0.715810348,0.06,NA,NA,211.744186
N5,7/10/2023,Mid,N5-5F,Garden,2023,0.9105,0.0043,63.5,0.715810348,0.1,NA,NA,211.744186
N5,7/17/2023,Late,N5-5F,Garden,2023,0.9105,0.0043,63.5,0.715810348,0.45,37,32,211.744186
N5,7/28/2023,Late,N5-5F,Garden,2023,0.9105,0.0043,63.5,0.715810348,0.03,NA,NA,211.744186
N5,8/7/2023,Late,N5-5F,Garden,2023,0.9105,0.0043,63.5,0.715810348,0.25,NA,NA,211.744186
N5,8/15/2023,Late,N5-5F,Garden,2023,0.9105,0.0043,63.5,0.715810348,0.1,NA,NA,211.744186
N5,5/31/2023,Early,N5-6A,Garden,2023,1.418,0.00875,80.25,0.655201624,0.25,15,11,162.0571429
N5,6/12/2023,Early,N5-6A,Garden,2023,1.418,0.00875,80.25,0.655201624,0.01,17,15,162.0571429
N5,6/20/2023,Mid,N5-6A,Garden,2023,1.418,0.00875,80.25,0.655201624,0.02,NA,NA,162.0571429
N5,7/10/2023,Mid,N5-6A,Garden,2023,1.418,0.00875,80.25,0.655201624,0.05,NA,NA,162.0571429
N5,7/17/2023,Late,N5-6A,Garden,2023,1.418,0.00875,80.25,0.655201624,0.07,45,32,162.0571429
N5,7/28/2023,Late,N5-6A,Garden,2023,1.418,0.00875,80.25,0.655201624,0.03,NA,NA,162.0571429
N5,8/7/2023,Late,N5-6A,Garden,2023,1.418,0.00875,80.25,0.655201624,0.04,NA,NA,162.0571429
N5,8/15/2023,Late,N5-6A,Garden,2023,1.418,0.00875,80.25,0.655201624,0.1,NA,NA,162.0571429
PS,6/12/2023,Early,PS-1B,Garden,2023,1.05375,0.005475,67,0.101033491,0.02,13,20,192.4657534
PS,6/20/2023,Mid,PS-1B,Garden,2023,1.05375,0.005475,67,0.101033491,0,NA,NA,192.4657534
PS,6/29/2023,Mid,PS-1B,Garden,2023,1.05375,0.005475,67,0.101033491,0.12,21,28,192.4657534
PS,7/10/2023,Mid,PS-1B,Garden,2023,1.05375,0.005475,67,0.101033491,0.01,NA,NA,192.4657534
PS,7/17/2023,Late,PS-1B,Garden,2023,1.05375,0.005475,67,0.101033491,0.07,48,33,192.4657534
PS,7/28/2023,Late,PS-1B,Garden,2023,1.05375,0.005475,67,0.101033491,0.02,NA,NA,192.4657534
PS,8/3/2023,Late,PS-1B,Garden,2023,1.05375,0.005475,67,0.101033491,0.07,48,32,192.4657534
PS,8/7/2023,Late,PS-1B,Garden,2023,1.05375,0.005475,67,0.101033491,0.02,NA,NA,192.4657534
PS,8/15/2023,Late,PS-1B,Garden,2023,1.05375,0.005475,67,0.101033491,0.03,NA,NA,192.4657534
PS,5/31/2023,Early,PS-2F,Garden,2023,1.269,0.006225,61,0.124263718,0.03,15,14,203.8554217
PS,6/5/2023,Early,PS-2F,Garden,2023,1.269,0.006225,61,0.124263718,0.03,NA,NA,203.8554217
PS,6/12/2023,Early,PS-2F,Garden,2023,1.269,0.006225,61,0.124263718,0.03,14,13,203.8554217
PS,6/20/2023,Mid,PS-2F,Garden,2023,1.269,0.006225,61,0.124263718,0.15,NA,NA,203.8554217
PS,6/29/2023,Mid,PS-2F,Garden,2023,1.269,0.006225,61,0.124263718,0.18,16,20,203.8554217
PS,7/3/2023,Mid,PS-2F,Garden,2023,1.269,0.006225,61,0.124263718,0.2,NA,NA,203.8554217
PS,7/10/2023,Mid,PS-2F,Garden,2023,1.269,0.006225,61,0.124263718,0.1,NA,NA,203.8554217
PS,7/17/2023,Late,PS-2F,Garden,2023,1.269,0.006225,61,0.124263718,0.18,38,30,203.8554217
PS,7/28/2023,Late,PS-2F,Garden,2023,1.269,0.006225,61,0.124263718,0.03,NA,NA,203.8554217
PS,8/3/2023,Late,PS-2F,Garden,2023,1.269,0.006225,61,0.124263718,0.07,43,40,203.8554217
PS,8/7/2023,Late,PS-2F,Garden,2023,1.269,0.006225,61,0.124263718,0.03,NA,NA,203.8554217
PS,8/15/2023,Late,PS-2F,Garden,2023,1.269,0.006225,61,0.124263718,0.02,NA,NA,203.8554217
PS,5/31/2023,Early,PS-4D,Garden,2023,0.98325,0.005225,50.25,0.250136545,0.02,8,8,188.1818182
PS,6/5/2023,Early,PS-4D,Garden,2023,0.98325,0.005225,50.25,0.250136545,0.18,NA,NA,188.1818182
PS,6/12/2023,Early,PS-4D,Garden,2023,0.98325,0.005225,50.25,0.250136545,0.15,11,8,188.1818182
PS,6/20/2023,Mid,PS-4D,Garden,2023,0.98325,0.005225,50.25,0.250136545,0.25,NA,NA,188.1818182
PS,6/29/2023,Mid,PS-4D,Garden,2023,0.98325,0.005225,50.25,0.250136545,0.3,15,15,188.1818182
PS,7/3/2023,Mid,PS-4D,Garden,2023,0.98325,0.005225,50.25,0.250136545,0.03,NA,NA,188.1818182
PS,7/10/2023,Mid,PS-4D,Garden,2023,0.98325,0.005225,50.25,0.250136545,0.05,NA,NA,188.1818182
PS,7/17/2023,Late,PS-4D,Garden,2023,0.98325,0.005225,50.25,0.250136545,0.12,28,15,188.1818182
PS,8/3/2023,Late,PS-4D,Garden,2023,0.98325,0.005225,50.25,0.250136545,0.03,30,20,188.1818182
PS,8/7/2023,Late,PS-4D,Garden,2023,0.98325,0.005225,50.25,0.250136545,0.01,NA,NA,188.1818182
PS,8/15/2023,Late,PS-4D,Garden,2023,0.98325,0.005225,50.25,0.250136545,0.01,NA,NA,188.1818182
PS,6/12/2023,Early,PS-4E,Garden,2023,1.0275,0.00555,51.25,0.095894791,0.15,10,22,185.1351351
PS,6/20/2023,Mid,PS-4E,Garden,2023,1.0275,0.00555,51.25,0.095894791,0.35,NA,NA,185.1351351
PS,6/29/2023,Mid,PS-4E,Garden,2023,1.0275,0.00555,51.25,0.095894791,0.18,20,23,185.1351351
PS,7/3/2023,Mid,PS-4E,Garden,2023,1.0275,0.00555,51.25,0.095894791,0.01,NA,NA,185.1351351
PS,7/10/2023,Mid,PS-4E,Garden,2023,1.0275,0.00555,51.25,0.095894791,0.01,NA,NA,185.1351351
PS,7/17/2023,Late,PS-4E,Garden,2023,1.0275,0.00555,51.25,0.095894791,0.05,47,26,185.1351351
PS,7/28/2023,Late,PS-4E,Garden,2023,1.0275,0.00555,51.25,0.095894791,0.05,NA,NA,185.1351351
PS,8/3/2023,Late,PS-4E,Garden,2023,1.0275,0.00555,51.25,0.095894791,0.07,52,26,185.1351351
PS,8/7/2023,Late,PS-4E,Garden,2023,1.0275,0.00555,51.25,0.095894791,0.03,NA,NA,185.1351351
PS,8/15/2023,Late,PS-4E,Garden,2023,1.0275,0.00555,51.25,0.095894791,0.03,NA,NA,185.1351351
PS,5/31/2023,Early,PS-5B,Garden,2023,0.64925,0.00345,73,0.063680671,0.03,14,28,188.1884058
PS,6/5/2023,Early,PS-5B,Garden,2023,0.64925,0.00345,73,0.063680671,0.05,NA,NA,188.1884058
PS,6/12/2023,Early,PS-5B,Garden,2023,0.64925,0.00345,73,0.063680671,0.1,17,31,188.1884058
PS,6/20/2023,Mid,PS-5B,Garden,2023,0.64925,0.00345,73,0.063680671,0.25,NA,NA,188.1884058
PS,6/29/2023,Mid,PS-5B,Garden,2023,0.64925,0.00345,73,0.063680671,0.12,28,40,188.1884058
PS,7/3/2023,Mid,PS-5B,Garden,2023,0.64925,0.00345,73,0.063680671,0.03,NA,NA,188.1884058
PS,7/10/2023,Mid,PS-5B,Garden,2023,0.64925,0.00345,73,0.063680671,0.01,NA,NA,188.1884058
PS,7/17/2023,Late,PS-5B,Garden,2023,0.64925,0.00345,73,0.063680671,0.12,39,42,188.1884058
PS,7/28/2023,Late,PS-5B,Garden,2023,0.64925,0.00345,73,0.063680671,0.05,NA,NA,188.1884058
PS,8/3/2023,Late,PS-5B,Garden,2023,0.64925,0.00345,73,0.063680671,0.22,35,34,188.1884058
PS,8/7/2023,Late,PS-5B,Garden,2023,0.64925,0.00345,73,0.063680671,0.03,NA,NA,188.1884058
PS,8/15/2023,Late,PS-5B,Garden,2023,0.64925,0.00345,73,0.063680671,0.03,NA,NA,188.1884058
PS,6/12/2023,Early,PS-5E,Garden,2023,1.31875,0.007125,81.5,0.105891949,0.02,17,16,185.0877193
PS,6/20/2023,Mid,PS-5E,Garden,2023,1.31875,0.007125,81.5,0.105891949,0.07,NA,NA,185.0877193
PS,6/29/2023,Mid,PS-5E,Garden,2023,1.31875,0.007125,81.5,0.105891949,0.03,27,18,185.0877193
PS,7/3/2023,Mid,PS-5E,Garden,2023,1.31875,0.007125,81.5,0.105891949,0.01,NA,NA,185.0877193
PS,7/17/2023,Late,PS-5E,Garden,2023,1.31875,0.007125,81.5,0.105891949,0.08,44,30,185.0877193
PS,7/28/2023,Late,PS-5E,Garden,2023,1.31875,0.007125,81.5,0.105891949,0.06,NA,NA,185.0877193
PS,8/3/2023,Late,PS-5E,Garden,2023,1.31875,0.007125,81.5,0.105891949,0.12,43,31,185.0877193
PS,8/7/2023,Late,PS-5E,Garden,2023,1.31875,0.007125,81.5,0.105891949,0.1,NA,NA,185.0877193
PS,8/15/2023,Late,PS-5E,Garden,2023,1.31875,0.007125,81.5,0.105891949,0.05,NA,NA,185.0877193
REF,6/5/2023,Early,REF-1G,Garden,2023,1.10075,0.00705,73,0.350075959,0.01,NA,NA,156.1347518
REF,6/12/2023,Early,REF-1G,Garden,2023,1.10075,0.00705,73,0.350075959,0.05,10,10,156.1347518
REF,6/20/2023,Mid,REF-1G,Garden,2023,1.10075,0.00705,73,0.350075959,0.25,NA,NA,156.1347518
REF,6/29/2023,Mid,REF-1G,Garden,2023,1.10075,0.00705,73,0.350075959,0.13,26,17,156.1347518
REF,7/3/2023,Mid,REF-1G,Garden,2023,1.10075,0.00705,73,0.350075959,0.01,NA,NA,156.1347518
REF,7/10/2023,Mid,REF-1G,Garden,2023,1.10075,0.00705,73,0.350075959,0.01,NA,NA,156.1347518
REF,7/17/2023,Late,REF-1G,Garden,2023,1.10075,0.00705,73,0.350075959,0.12,49,20,156.1347518
REF,7/28/2023,Late,REF-1G,Garden,2023,1.10075,0.00705,73,0.350075959,0.01,NA,NA,156.1347518
REF,8/3/2023,Late,REF-1G,Garden,2023,1.10075,0.00705,73,0.350075959,0.03,54,23,156.1347518
REF,8/7/2023,Late,REF-1G,Garden,2023,1.10075,0.00705,73,0.350075959,0.07,NA,NA,156.1347518
REF,8/15/2023,Late,REF-1G,Garden,2023,1.10075,0.00705,73,0.350075959,0.02,NA,NA,156.1347518
REF,5/31/2023,Early,REF-5A,Garden,2023,1.0235,0.0056,158,0.415236169,0.02,10,19,182.7678571
REF,6/5/2023,Early,REF-5A,Garden,2023,1.0235,0.0056,158,0.415236169,0.02,NA,NA,182.7678571
REF,6/20/2023,Mid,REF-5A,Garden,2023,1.0235,0.0056,158,0.415236169,0.03,NA,NA,182.7678571
REF,6/29/2023,Mid,REF-5A,Garden,2023,1.0235,0.0056,158,0.415236169,0.03,34,26,182.7678571
REF,7/3/2023,Mid,REF-5A,Garden,2023,1.0235,0.0056,158,0.415236169,0.01,NA,NA,182.7678571
REF,7/10/2023,Mid,REF-5A,Garden,2023,1.0235,0.0056,158,0.415236169,0.01,NA,NA,182.7678571
REF,7/17/2023,Late,REF-5A,Garden,2023,1.0235,0.0056,158,0.415236169,0.03,59,28,182.7678571
REF,7/28/2023,Late,REF-5A,Garden,2023,1.0235,0.0056,158,0.415236169,0.02,NA,NA,182.7678571
REF,8/3/2023,Late,REF-5A,Garden,2023,1.0235,0.0056,158,0.415236169,0.18,53,28,182.7678571
REF,8/7/2023,Late,REF-5A,Garden,2023,1.0235,0.0056,158,0.415236169,0.05,NA,NA,182.7678571
REF,8/15/2023,Late,REF-5A,Garden,2023,1.0235,0.0056,158,0.415236169,0.07,NA,NA,182.7678571
REF,6/20/2023,Mid,REF-5B,Garden,2023,1.114,0.005675,145,0.868822926,0,NA,NA,196.2995595
REF,7/10/2023,Mid,REF-5B,Garden,2023,1.114,0.005675,145,0.868822926,0.01,NA,NA,196.2995595
REF,7/17/2023,Late,REF-5B,Garden,2023,1.114,0.005675,145,0.868822926,0.45,42,22,196.2995595
REF,7/28/2023,Late,REF-5B,Garden,2023,1.114,0.005675,145,0.868822926,0.01,NA,NA,196.2995595
REF,8/3/2023,Late,REF-5B,Garden,2023,1.114,0.005675,145,0.868822926,0.05,56,25,196.2995595
REF,8/7/2023,Late,REF-5B,Garden,2023,1.114,0.005675,145,0.868822926,0.01,NA,NA,196.2995595
REF,8/15/2023,Late,REF-5B,Garden,2023,1.114,0.005675,145,0.868822926,0.03,NA,NA,196.2995595
REF,5/31/2023,Early,REF-5F,Garden,2023,0.999,0.007225,137.5,0.489943647,0.01,7,10,138.2698962
REF,6/20/2023,Mid,REF-5F,Garden,2023,0.999,0.007225,137.5,0.489943647,0.03,NA,NA,138.2698962
REF,6/29/2023,Mid,REF-5F,Garden,2023,0.999,0.007225,137.5,0.489943647,0.03,27,22,138.2698962
REF,7/3/2023,Mid,REF-5F,Garden,2023,0.999,0.007225,137.5,0.489943647,0.02,NA,NA,138.2698962
REF,7/10/2023,Mid,REF-5F,Garden,2023,0.999,0.007225,137.5,0.489943647,0.01,NA,NA,138.2698962
REF,7/17/2023,Late,REF-5F,Garden,2023,0.999,0.007225,137.5,0.489943647,0.08,57,28,138.2698962
REF,7/28/2023,Late,REF-5F,Garden,2023,0.999,0.007225,137.5,0.489943647,0.01,NA,NA,138.2698962
REF,8/3/2023,Late,REF-5F,Garden,2023,0.999,0.007225,137.5,0.489943647,0.05,57,29,138.2698962
REF,8/7/2023,Late,REF-5F,Garden,2023,0.999,0.007225,137.5,0.489943647,0.02,NA,NA,138.2698962
REF,8/15/2023,Late,REF-5F,Garden,2023,0.999,0.007225,137.5,0.489943647,0.03,NA,NA,138.2698962
REF,5/31/2023,Early,REF-6A,Garden,2023,1.15925,0.00845,83.75,0.276262402,0.03,7,9,137.1893491
REF,6/5/2023,Early,REF-6A,Garden,2023,1.15925,0.00845,83.75,0.276262402,0.04,NA,NA,137.1893491
REF,6/12/2023,Early,REF-6A,Garden,2023,1.15925,0.00845,83.75,0.276262402,0.06,10,19,137.1893491
REF,6/20/2023,Mid,REF-6A,Garden,2023,1.15925,0.00845,83.75,0.276262402,0.1,NA,NA,137.1893491
REF,6/29/2023,Mid,REF-6A,Garden,2023,1.15925,0.00845,83.75,0.276262402,0.05,22,13,137.1893491
REF,7/3/2023,Mid,REF-6A,Garden,2023,1.15925,0.00845,83.75,0.276262402,0.01,NA,NA,137.1893491
REF,7/17/2023,Late,REF-6A,Garden,2023,1.15925,0.00845,83.75,0.276262402,0.03,49,19,137.1893491
REF,7/28/2023,Late,REF-6A,Garden,2023,1.15925,0.00845,83.75,0.276262402,0.01,NA,NA,137.1893491
REF,8/3/2023,Late,REF-6A,Garden,2023,1.15925,0.00845,83.75,0.276262402,0.01,44,17,137.1893491
REF,8/7/2023,Late,REF-6A,Garden,2023,1.15925,0.00845,83.75,0.276262402,0.01,NA,NA,137.1893491
REF,8/15/2023,Late,REF-6A,Garden,2023,1.15925,0.00845,83.75,0.276262402,0.01,NA,NA,137.1893491
REF,6/20/2023,Mid,REF-7B,Garden,2023,0.91125,0.007,111.5,0.523425328,0,NA,NA,130.1785714
REF,6/29/2023,Mid,REF-7B,Garden,2023,0.91125,0.007,111.5,0.523425328,0.05,25,15,130.1785714
REF,7/10/2023,Mid,REF-7B,Garden,2023,0.91125,0.007,111.5,0.523425328,0.01,NA,NA,130.1785714
REF,7/17/2023,Late,REF-7B,Garden,2023,0.91125,0.007,111.5,0.523425328,0.05,48,23,130.1785714
REF,7/28/2023,Late,REF-7B,Garden,2023,0.91125,0.007,111.5,0.523425328,0.02,NA,NA,130.1785714
REF,8/3/2023,Late,REF-7B,Garden,2023,0.91125,0.007,111.5,0.523425328,0.07,38,21,130.1785714
REF,8/7/2023,Late,REF-7B,Garden,2023,0.91125,0.007,111.5,0.523425328,0.01,NA,NA,130.1785714
REF,8/15/2023,Late,REF-7B,Garden,2023,0.91125,0.007,111.5,0.523425328,0.02,NA,NA,130.1785714
