"","Pop","Year","image_date","NPP_g"
"1","ARB",2013,2013-05-01,0.03159
"2","ARB",2013,2013-05-09,0.05126875
"3","ARB",2013,2013-05-17,0.0429
"4","ARB",2013,2013-05-25,0.0446047619047619
"5","ARB",2013,2013-06-10,0.0377823529411765
"6","ARB",2013,2013-06-18,0.0370380952380952
"7","ARB",2013,2013-06-26,0.0295764705882353
"8","ARB",2013,2013-07-12,0.0372571428571429
"9","ARB",2013,2013-07-20,0.028325
"10","ARB",2013,2013-07-28,0.0242388888888889
"11","ARB",2014,2014-05-01,0.05621
"12","ARB",2014,2014-05-17,0.04866
"13","ARB",2014,2014-05-25,0.02728125
"14","ARB",2014,2014-06-02,0.0366
"15","ARB",2014,2014-06-10,0.035375
"16","ARB",2014,2014-06-26,0.02485
"17","ARB",2014,2014-07-04,0.03635
"18","ARB",2014,2014-07-12,0.02118
"19","ARB",2014,2014-07-20,0.0290714285714286
"20","ARB",2014,2014-07-28,0.02176
"21","ARB",2015,2015-05-01,0.0493421052631579
"22","ARB",2015,2015-05-09,0.0289
"23","ARB",2015,2015-05-17,0.0472157894736842
"24","ARB",2015,2015-06-10,0.0314611111111111
"25","ARB",2015,2015-06-18,0.0247555555555556
"26","ARB",2015,2015-06-26,0.02463125
"27","ARB",2015,2015-07-04,0.0223384615384615
"28","ARB",2015,2015-07-12,0.0029
"29","ARB",2015,2015-07-20,0.00428571428571429
"30","ARB",2015,2015-07-28,0.00508
"31","ARB",2016,2016-05-08,0.0500111111111111
"32","ARB",2016,2016-05-16,0.0457941176470588
"33","ARB",2016,2016-05-24,0.0372421052631579
"34","ARB",2016,2016-06-01,0.0303857142857143
"35","ARB",2016,2016-06-09,0.024675
"36","ARB",2016,2016-06-17,0.0256111111111111
"37","ARB",2016,2016-06-25,0.00560625
"38","ARB",2016,2016-07-11,0.0120454545454545
"39","ARB",2016,2016-07-19,-0.00586470588235294
"40","ARB",2016,2016-07-27,0.000283333333333333
"41","ARB",2017,2017-05-01,0.04898
"42","ARB",2017,2017-05-09,0.0407
"43","ARB",2017,2017-05-17,0.0341076923076923
"44","ARB",2017,2017-05-25,0.037165
"45","ARB",2017,2017-06-02,0.0315785714285714
"46","ARB",2017,2017-06-10,0.0334933333333333
"47","ARB",2017,2017-06-26,0.0403315789473684
"48","ARB",2017,2017-07-04,0.0272214285714286
"49","ARB",2017,2017-07-12,0.02315
"50","ARB",2017,2017-07-20,0.0120583333333333
"51","ARB",2018,2018-05-01,0.050135
"52","ARB",2018,2018-05-09,0.0321631578947368
"53","ARB",2018,2018-05-17,0.029
"54","ARB",2018,2018-06-02,0.03751
"55","ARB",2018,2018-06-10,0.0349083333333333
"56","ARB",2018,2018-06-18,0.0218666666666667
"57","ARB",2018,2018-06-26,0.0225
"58","ARB",2018,2018-07-04,0.016
"59","ARB",2018,2018-07-12,0.01715
"60","ARB",2018,2018-07-20,0.0171368421052632
"61","ARB",2018,2018-07-28,0.00896111111111111
"62","ARB",2019,2019-05-01,0.0408
"63","ARB",2019,2019-05-09,0.0406238095238095
"64","ARB",2019,2019-05-25,0.0413052631578947
"65","ARB",2019,2019-06-02,0.0279611111111111
"66","ARB",2019,2019-06-10,0.04518
"67","ARB",2019,2019-06-18,0.0249705882352941
"68","ARB",2019,2019-06-26,0.02134
"69","ARB",2019,2019-07-04,0.0242090909090909
"70","ARB",2019,2019-07-20,0.0298692307692308
"71","ARB",2019,2019-07-28,0.0162473684210526
"72","ARB",2020,2020-05-08,0.050905
"73","ARB",2020,2020-05-16,0.0351
"74","ARB",2020,2020-05-24,0.0361066666666667
"75","ARB",2020,2020-06-01,0.0380857142857143
"76","ARB",2020,2020-06-09,0.0528578947368421
"77","ARB",2020,2020-07-03,0.0239
"78","ARB",2020,2020-07-11,0.0276380952380952
"79","ARB",2020,2020-07-19,0.0233611111111111
"80","ARB",2020,2020-07-27,0.02684
"81","ARB",2021,2021-05-01,0.04773
"82","ARB",2021,2021-05-09,0.04933
"83","ARB",2021,2021-05-17,0.0471666666666667
"84","ARB",2021,2021-05-25,0.05473
"85","ARB",2021,2021-06-10,0.0353777777777778
"86","ARB",2021,2021-06-18,0.04229
"87","ARB",2021,2021-06-26,0.0459
"88","ARB",2021,2021-07-20,0.0228
"89","ARB",2021,2021-07-28,0.0261333333333333
"90","ARB",2022,2022-05-01,0.0464894736842105
"91","ARB",2022,2022-05-09,0.04447
"92","ARB",2022,2022-05-17,0.034625
"93","ARB",2022,2022-05-25,0.0428
"94","ARB",2022,2022-06-02,0.030525
"95","ARB",2022,2022-06-10,0.0214857142857143
"96","ARB",2022,2022-06-18,0.0142684210526316
"97","ARB",2022,2022-06-26,0.0206916666666667
"98","ARB",2022,2022-07-04,0.0185
"99","ARB",2022,2022-07-12,0.0170875
"100","ARB",2022,2022-07-20,0.0156
"101","ARB",2022,2022-07-28,0.0164
"102","ARB",2023,2023-05-09,0.0377166666666667
"103","ARB",2023,2023-05-25,0.0634263157894737
"104","ARB",2023,2023-06-02,0.0334833333333333
"105","ARB",2023,2023-06-10,0.030185
"106","ARB",2023,2023-06-18,0.0384
"107","ARB",2023,2023-06-26,0.0205
"108","ARB",2023,2023-07-04,0.027795
"109","ARB",2023,2023-07-12,0.0263210526315789
"110","ARB",2023,2023-07-20,0.0214166666666667
"111","ARB",2023,2023-07-28,0.007925
"112","ARB",2024,2024-05-08,0.0378190476190476
"113","ARB",2024,2024-05-16,0.04378
"114","ARB",2024,2024-05-24,0.0429333333333333
"115","ARB",2024,2024-06-09,0.0405315789473684
"116","ARB",2024,2024-06-17,0.0285
"117","ARB",2024,2024-06-25,0.0337833333333333
"118","ARB",2024,2024-07-03,0.0276153846153846
"119","ARB",2024,2024-07-11,0.01544375
"120","ARB",2024,2024-07-27,0.020125
"121","ARB",2025,2025-05-01,0.032735
"122","ARB",2025,2025-05-17,0.0301190476190476
"123","ARB",2025,2025-05-25,0.0279
"124","ARB",2025,2025-06-02,0.038095
"125","ARB",2025,2025-06-10,0.0357166666666667
"126","ARB",2025,2025-06-18,0.026795
"127","ARB",2025,2025-07-04,0.027645
"128","ARB",2025,2025-07-12,0.0280210526315789
"129","ARB",2025,2025-07-20,0.0232
"130","ARB",2025,2025-07-28,0.026505
"131","BEC",2013,2013-05-01,0.0257466666666667
"132","BEC",2013,2013-05-09,0.0360391304347826
"133","BEC",2013,2013-05-25,0.0367636363636364
"134","BEC",2013,2013-06-02,0.04738
"135","BEC",2013,2013-06-10,0.0363894736842105
"136","BEC",2013,2013-06-18,0.03906875
"137","BEC",2013,2013-06-26,0.043525
"138","BEC",2013,2013-07-04,0.031
"139","BEC",2013,2013-07-12,0.0389647058823529
"140","BEC",2013,2013-07-20,0.0354818181818182
"141","BEC",2013,2013-07-28,0.0435764705882353
"142","BEC",2014,2014-05-01,0.0376136363636364
"143","BEC",2014,2014-05-17,0.0447428571428571
"144","BEC",2014,2014-05-25,0.0325260869565217
"145","BEC",2014,2014-06-02,0.0424521739130435
"146","BEC",2014,2014-06-10,0.0360125
"147","BEC",2014,2014-06-18,0.034715
"148","BEC",2014,2014-06-26,0.0317190476190476
"149","BEC",2014,2014-07-04,0.0423545454545455
"150","BEC",2014,2014-07-12,0.0396714285714286
"151","BEC",2014,2014-07-20,0.0279294117647059
"152","BEC",2014,2014-07-28,0.0355086956521739
"153","BEC",2015,2015-05-01,0.0409652173913043
"154","BEC",2015,2015-05-09,0.0364666666666667
"155","BEC",2015,2015-05-17,0.0436772727272727
"156","BEC",2015,2015-06-10,0.0303266666666667
"157","BEC",2015,2015-06-18,0.0207
"158","BEC",2015,2015-06-26,0.0330833333333333
"159","BEC",2015,2015-07-12,0.027445
"160","BEC",2015,2015-07-20,0.0386695652173913
"161","BEC",2015,2015-07-28,0.0305157894736842
"162","BEC",2016,2016-05-08,0.0355133333333333
"163","BEC",2016,2016-05-16,0.0383045454545455
"164","BEC",2016,2016-05-24,0.03946
"165","BEC",2016,2016-06-01,0.04569375
"166","BEC",2016,2016-06-09,0.0386272727272727
"167","BEC",2016,2016-06-17,0.0386714285714286
"168","BEC",2016,2016-06-25,0.0354222222222222
"169","BEC",2016,2016-07-11,0.0300125
"170","BEC",2016,2016-07-19,0.02125625
"171","BEC",2016,2016-07-27,0.0281933333333333
"172","BEC",2017,2017-05-01,0.0322173913043478
"173","BEC",2017,2017-05-09,0.0448565217391304
"174","BEC",2017,2017-05-17,0.0314315789473684
"175","BEC",2017,2017-05-25,0.0407875
"176","BEC",2017,2017-06-02,0.04545
"177","BEC",2017,2017-06-10,0.0383736842105263
"178","BEC",2017,2017-06-18,0.0403052631578947
"179","BEC",2017,2017-06-26,0.0450363636363636
"180","BEC",2017,2017-07-04,0.0297294117647059
"181","BEC",2017,2017-07-12,0.0299166666666667
"182","BEC",2017,2017-07-20,0.0148478260869565
"183","BEC",2018,2018-05-01,0.0349260869565217
"184","BEC",2018,2018-05-09,0.0332047619047619
"185","BEC",2018,2018-05-17,0.0404045454545455
"186","BEC",2018,2018-05-25,0.03367
"187","BEC",2018,2018-06-02,0.0464727272727273
"188","BEC",2018,2018-06-10,0.0384055555555556
"189","BEC",2018,2018-06-18,0.0343
"190","BEC",2018,2018-06-26,0.0256857142857143
"191","BEC",2018,2018-07-04,0.0331526315789474
"192","BEC",2018,2018-07-12,0.029804347826087
"193","BEC",2018,2018-07-20,0.0181833333333333
"194","BEC",2018,2018-07-28,0.02656
"195","BEC",2019,2019-05-01,0.036995
"196","BEC",2019,2019-05-09,0.0303
"197","BEC",2019,2019-05-25,0.0394
"198","BEC",2019,2019-06-02,0.0355421052631579
"199","BEC",2019,2019-06-10,0.0452318181818182
"200","BEC",2019,2019-06-18,0.0340222222222222
"201","BEC",2019,2019-06-26,0.0297647058823529
"202","BEC",2019,2019-07-04,0.0339631578947368
"203","BEC",2019,2019-07-12,0.0320260869565217
"204","BEC",2019,2019-07-20,0.0343090909090909
"205","BEC",2019,2019-07-28,0.0413181818181818
"206","BEC",2020,2020-05-08,0.0292045454545455
"207","BEC",2020,2020-05-24,0.0466117647058824
"208","BEC",2020,2020-06-01,0.0463272727272727
"209","BEC",2020,2020-06-09,0.0509826086956522
"210","BEC",2020,2020-07-03,0.0274095238095238
"211","BEC",2020,2020-07-11,0.0384052631578947
"212","BEC",2020,2020-07-19,0.0292285714285714
"213","BEC",2020,2020-07-27,0.0293263157894737
"214","BEC",2021,2021-05-01,0.0355521739130435
"215","BEC",2021,2021-05-09,0.03689375
"216","BEC",2021,2021-05-17,0.0357705882352941
"217","BEC",2021,2021-05-25,0.0287105263157895
"218","BEC",2021,2021-06-02,0.0300304347826087
"219","BEC",2021,2021-06-10,0.043825
"220","BEC",2021,2021-06-18,0.0362761904761905
"221","BEC",2021,2021-06-26,0.0346333333333333
"222","BEC",2021,2021-07-04,0.0344166666666667
"223","BEC",2021,2021-07-20,0.03009
"224","BEC",2021,2021-07-28,0.0308545454545455
"225","BEC",2022,2022-05-01,0.0322961538461538
"226","BEC",2022,2022-05-09,0.0476347826086956
"227","BEC",2022,2022-05-17,0.0399066666666667
"228","BEC",2022,2022-05-25,0.0393384615384615
"229","BEC",2022,2022-06-02,0.042845
"230","BEC",2022,2022-06-10,0.023
"231","BEC",2022,2022-06-18,0.0416476190476191
"232","BEC",2022,2022-06-26,0.0317095238095238
"233","BEC",2022,2022-07-04,0.0202611111111111
"234","BEC",2022,2022-07-12,0.033021052631579
"235","BEC",2022,2022-07-20,0.0193315789473684
"236","BEC",2022,2022-07-28,0.0279
"237","BEC",2023,2023-05-09,0.036132
"238","BEC",2023,2023-05-17,0.0502681818181818
"239","BEC",2023,2023-05-25,0.0451304347826087
"240","BEC",2023,2023-06-02,0.0379826086956522
"241","BEC",2023,2023-06-10,0.0413521739130435
"242","BEC",2023,2023-06-18,0.0332782608695652
"243","BEC",2023,2023-06-26,0.03927
"244","BEC",2023,2023-07-04,0.0290304347826087
"245","BEC",2023,2023-07-12,0.02555
"246","BEC",2023,2023-07-20,0.03088
"247","BEC",2023,2023-07-28,0.02829
"248","BEC",2024,2024-05-08,0.0340727272727273
"249","BEC",2024,2024-05-16,0.0332083333333333
"250","BEC",2024,2024-05-24,0.0410478260869565
"251","BEC",2024,2024-06-09,0.0514
"252","BEC",2024,2024-06-17,0.029525
"253","BEC",2024,2024-06-25,0.0410666666666667
"254","BEC",2024,2024-07-03,0.0271214285714286
"255","BEC",2024,2024-07-11,0.0255230769230769
"256","BEC",2024,2024-07-19,0.0269263157894737
"257","BEC",2024,2024-07-27,0.0213666666666667
"258","BEC",2025,2025-05-01,0.029325
"259","BEC",2025,2025-05-09,0.0352913043478261
"260","BEC",2025,2025-05-25,0.03788125
"261","BEC",2025,2025-06-02,0.0424363636363636
"262","BEC",2025,2025-06-10,0.02012
"263","BEC",2025,2025-06-18,0.0346954545454545
"264","BEC",2025,2025-07-04,0.0271416666666667
"265","BEC",2025,2025-07-12,0.0200619047619048
"266","BEC",2025,2025-07-20,0.02306875
"267","BR",2013,2013-05-01,0.0472333333333333
"268","BR",2013,2013-05-09,0.0469444444444444
"269","BR",2013,2013-05-17,0.0355285714285714
"270","BR",2013,2013-05-25,0.0420571428571429
"271","BR",2013,2013-06-02,0.0208
"272","BR",2013,2013-06-10,0.03552
"273","BR",2013,2013-06-18,0.0286
"274","BR",2013,2013-07-04,0.04256
"275","BR",2013,2013-07-12,0.0317777777777778
"276","BR",2013,2013-07-28,0.02479375
"277","BR",2014,2014-05-01,0.0377333333333333
"278","BR",2014,2014-05-17,0.0326777777777778
"279","BR",2014,2014-05-25,0.0196
"280","BR",2014,2014-06-02,0.0247333333333333
"281","BR",2014,2014-06-10,0.0226
"282","BR",2014,2014-06-18,0.0116142857142857
"283","BR",2014,2014-06-26,0.009825
"284","BR",2014,2014-07-04,0.0161
"285","BR",2014,2014-07-12,0.0132
"286","BR",2014,2014-07-20,0.0103
"287","BR",2014,2014-07-28,0.01135
"288","BR",2015,2015-05-01,0.0466666666666667
"289","BR",2015,2015-05-09,0.0275375
"290","BR",2015,2015-05-17,0.034525
"291","BR",2015,2015-05-25,0.03432
"292","BR",2015,2015-06-10,0.004575
"293","BR",2015,2015-06-18,-0.0108
"294","BR",2015,2015-06-26,0.0120333333333333
"295","BR",2015,2015-07-04,0.005525
"296","BR",2015,2015-07-12,0.003075
"297","BR",2015,2015-07-28,0.0303384615384615
"298","BR",2016,2016-05-08,0.01955
"299","BR",2016,2016-05-16,0.0275909090909091
"300","BR",2016,2016-05-24,0.0249
"301","BR",2016,2016-06-01,0.01005
"302","BR",2016,2016-06-09,0.0156
"303","BR",2016,2016-06-17,0.0177666666666667
"304","BR",2016,2016-06-25,0.0107666666666667
"305","BR",2016,2016-07-11,0.00382857142857143
"306","BR",2016,2016-07-19,0.0072125
"307","BR",2016,2016-07-27,-0.0013625
"308","BR",2017,2017-05-01,0.0306111111111111
"309","BR",2017,2017-05-09,0.0216222222222222
"310","BR",2017,2017-05-17,0.0203
"311","BR",2017,2017-05-25,0.0174611111111111
"312","BR",2017,2017-06-02,0.0213363636363636
"313","BR",2017,2017-06-18,0.0325833333333333
"314","BR",2017,2017-06-26,0.01875
"315","BR",2017,2017-07-04,0.0164
"316","BR",2017,2017-07-12,0.0239
"317","BR",2017,2017-07-20,0.0188142857142857
"318","BR",2018,2018-05-01,0.0454375
"319","BR",2018,2018-05-09,0.0168
"320","BR",2018,2018-05-17,0.0187272727272727
"321","BR",2018,2018-06-02,0.0285555555555556
"322","BR",2018,2018-06-10,0.0302555555555556
"323","BR",2018,2018-06-18,0.022425
"324","BR",2018,2018-06-26,0.0204666666666667
"325","BR",2018,2018-07-04,0.0335833333333333
"326","BR",2018,2018-07-12,0.00922857142857143
"327","BR",2018,2018-07-20,0.02895
"328","BR",2018,2018-07-28,0.02752
"329","BR",2019,2019-05-01,0.02715
"330","BR",2019,2019-05-09,0.0339571428571429
"331","BR",2019,2019-05-25,-0.00452222222222222
"332","BR",2019,2019-06-02,0.0041
"333","BR",2019,2019-06-10,0.0244
"334","BR",2019,2019-06-18,0.00693
"335","BR",2019,2019-06-26,0.00525
"336","BR",2019,2019-07-20,0.0153083333333333
"337","BR",2019,2019-07-28,0.0231
"338","BR",2020,2020-05-08,0.04258
"339","BR",2020,2020-05-16,0.0238571428571429
"340","BR",2020,2020-05-24,0.021825
"341","BR",2020,2020-06-09,0.0415222222222222
"342","BR",2020,2020-06-25,0.01443125
"343","BR",2020,2020-07-03,0.025925
"344","BR",2020,2020-07-11,0.0206
"345","BR",2020,2020-07-19,0.02
"346","BR",2020,2020-07-27,0.0228
"347","BR",2021,2021-05-01,0.03288
"348","BR",2021,2021-05-09,0.0335
"349","BR",2021,2021-05-17,0.0417333333333333
"350","BR",2021,2021-05-25,0.0202777777777778
"351","BR",2021,2021-06-02,0.0275833333333333
"352","BR",2021,2021-06-10,0.0178875
"353","BR",2021,2021-06-18,0.0160125
"354","BR",2021,2021-06-26,0.0281333333333333
"355","BR",2021,2021-07-04,0.00831666666666667
"356","BR",2021,2021-07-20,0.02877
"357","BR",2021,2021-07-28,0.020875
"358","BR",2022,2022-05-01,0.0286444444444444
"359","BR",2022,2022-05-09,0.0383857142857143
"360","BR",2022,2022-05-17,0.0191428571428571
"361","BR",2022,2022-05-25,0.0265111111111111
"362","BR",2022,2022-06-02,0.0294083333333333
"363","BR",2022,2022-06-10,0.0224166666666667
"364","BR",2022,2022-06-18,0.0348181818181818
"365","BR",2022,2022-06-26,0.0323
"366","BR",2022,2022-07-12,0.0205
"367","BR",2022,2022-07-20,0.0201444444444444
"368","BR",2022,2022-07-28,0.0177666666666667
"369","BR",2023,2023-05-09,0.0317
"370","BR",2023,2023-05-25,0.0278
"371","BR",2023,2023-06-02,0.038975
"372","BR",2023,2023-06-10,0.0366272727272727
"373","BR",2023,2023-06-18,0.0315666666666667
"374","BR",2023,2023-06-26,0.0398
"375","BR",2023,2023-07-04,0.0165
"376","BR",2023,2023-07-12,0.0328333333333333
"377","BR",2023,2023-07-20,0.0265
"378","BR",2023,2023-07-28,0.04446
"379","BR",2024,2024-05-08,0.0224111111111111
"380","BR",2024,2024-05-16,0.0317111111111111
"381","BR",2024,2024-05-24,0.02035
"382","BR",2024,2024-06-09,0.0216272727272727
"383","BR",2024,2024-06-17,0.0274222222222222
"384","BR",2024,2024-07-11,0.0243
"385","BR",2024,2024-07-19,0.0210833333333333
"386","BR",2024,2024-07-27,0.0219
"387","BR",2025,2025-05-01,0.02982
"388","BR",2025,2025-05-09,0.0327
"389","BR",2025,2025-05-17,0.0143777777777778
"390","BR",2025,2025-05-25,0.02377
"391","BR",2025,2025-06-02,0.0181166666666667
"392","BR",2025,2025-06-10,0.0229157894736842
"393","BR",2025,2025-06-18,0.0217818181818182
"394","BR",2025,2025-07-04,0.0244818181818182
"395","BR",2025,2025-07-12,0.01873
"396","BR",2025,2025-07-20,0.0150555555555556
"397","BR",2025,2025-07-28,0.0123666666666667
"398","CAH",2013,2013-05-01,0.031775
"399","CAH",2013,2013-05-09,0.0473416666666667
"400","CAH",2013,2013-05-17,0.0454846153846154
"401","CAH",2013,2013-05-25,0.04305
"402","CAH",2013,2013-06-10,0.0352666666666667
"403","CAH",2013,2013-06-18,0.0320857142857143
"404","CAH",2013,2013-06-26,0.0251
"405","CAH",2013,2013-07-04,0.0162166666666667
"406","CAH",2013,2013-07-12,0.035175
"407","CAH",2013,2013-07-20,0.0386
"408","CAH",2013,2013-07-28,0.0308
"409","CAH",2014,2014-05-01,0.0623153846153846
"410","CAH",2014,2014-05-17,0.0488444444444444
"411","CAH",2014,2014-05-25,0.0285846153846154
"412","CAH",2014,2014-06-02,0.029
"413","CAH",2014,2014-06-10,0.0312142857142857
"414","CAH",2014,2014-06-18,0.0222166666666667
"415","CAH",2014,2014-06-26,0.02197
"416","CAH",2014,2014-07-04,0.0311857142857143
"417","CAH",2014,2014-07-12,0.0240857142857143
"418","CAH",2014,2014-07-28,0.0287333333333333
"419","CAH",2015,2015-05-01,0.05285
"420","CAH",2015,2015-05-09,0.028
"421","CAH",2015,2015-05-17,0.0505
"422","CAH",2015,2015-06-10,0.0252
"423","CAH",2015,2015-06-18,0.0171875
"424","CAH",2015,2015-06-26,0.0205375
"425","CAH",2015,2015-07-04,0.02042
"426","CAH",2015,2015-07-12,0.0044
"427","CAH",2015,2015-07-20,0.00666666666666667
"428","CAH",2015,2015-07-28,0.00517142857142857
"429","CAH",2016,2016-05-08,0.0494875
"430","CAH",2016,2016-05-16,0.0519
"431","CAH",2016,2016-05-24,0.0365875
"432","CAH",2016,2016-06-01,0.02995
"433","CAH",2016,2016-06-09,0.019425
"434","CAH",2016,2016-06-17,0.012975
"435","CAH",2016,2016-06-25,-0.00245
"436","CAH",2016,2016-07-11,0.00696666666666667
"437","CAH",2016,2016-07-19,-0.00704444444444444
"438","CAH",2016,2016-07-27,0.00268571428571429
"439","CAH",2017,2017-05-01,0.0465857142857143
"440","CAH",2017,2017-05-09,0.04189
"441","CAH",2017,2017-05-17,0.02282
"442","CAH",2017,2017-05-25,0.0353714285714286
"443","CAH",2017,2017-06-02,0.0262
"444","CAH",2017,2017-06-10,0.0363733333333333
"445","CAH",2017,2017-06-26,0.0389785714285714
"446","CAH",2017,2017-07-04,0.02468
"447","CAH",2017,2017-07-12,0.0201142857142857
"448","CAH",2017,2017-07-20,0.01178
"449","CAH",2018,2018-05-01,0.0416615384615385
"450","CAH",2018,2018-05-09,0.027975
"451","CAH",2018,2018-05-17,0.0278142857142857
"452","CAH",2018,2018-05-25,0.0185
"453","CAH",2018,2018-06-02,0.0313692307692308
"454","CAH",2018,2018-06-10,0.04055
"455","CAH",2018,2018-06-18,0.0225363636363636
"456","CAH",2018,2018-06-26,0.0219125
"457","CAH",2018,2018-07-04,0.0302
"458","CAH",2018,2018-07-12,0.0201666666666667
"459","CAH",2018,2018-07-20,0.0151666666666667
"460","CAH",2018,2018-07-28,0.00995
"461","CAH",2019,2019-05-01,0.035325
"462","CAH",2019,2019-05-09,0.035847619047619
"463","CAH",2019,2019-05-25,0.0310916666666667
"464","CAH",2019,2019-06-02,0.02689
"465","CAH",2019,2019-06-10,0.0351736842105263
"466","CAH",2019,2019-06-18,0.0225642857142857
"467","CAH",2019,2019-06-26,0.0223333333333333
"468","CAH",2019,2019-07-04,0.0154857142857143
"469","CAH",2019,2019-07-20,0.0234117647058824
"470","CAH",2019,2019-07-28,0.0106428571428571
"471","CAH",2020,2020-05-08,0.0395142857142857
"472","CAH",2020,2020-05-16,0.02754
"473","CAH",2020,2020-05-24,0.0387666666666667
"474","CAH",2020,2020-06-01,0.0309166666666667
"475","CAH",2020,2020-06-09,0.04015
"476","CAH",2020,2020-07-11,0.0181705882352941
"477","CAH",2020,2020-07-19,0.0126444444444444
"478","CAH",2020,2020-07-27,0.0198166666666667
"479","CAH",2021,2021-05-01,0.04125
"480","CAH",2021,2021-05-09,0.0412722222222222
"481","CAH",2021,2021-05-17,0.0413636363636364
"482","CAH",2021,2021-05-25,0.04285
"483","CAH",2021,2021-06-10,0.0327466666666667
"484","CAH",2021,2021-06-18,0.0381076923076923
"485","CAH",2021,2021-06-26,0.02855
"486","CAH",2021,2021-07-04,0.0292416666666667
"487","CAH",2021,2021-07-20,0.0065
"488","CAH",2021,2021-07-28,0.0186692307692308
"489","CAH",2022,2022-05-01,0.0441363636363636
"490","CAH",2022,2022-05-09,0.0461333333333333
"491","CAH",2022,2022-05-17,0.0323083333333333
"492","CAH",2022,2022-05-25,0.0359764705882353
"493","CAH",2022,2022-06-10,0.01513
"494","CAH",2022,2022-06-18,0.0012
"495","CAH",2022,2022-06-26,0.0175
"496","CAH",2022,2022-07-04,0.00924545454545454
"497","CAH",2022,2022-07-12,0.0115714285714286
"498","CAH",2022,2022-07-28,0.0148444444444444
"499","CAH",2023,2023-05-09,0.03475
"500","CAH",2023,2023-05-25,0.05732
"501","CAH",2023,2023-06-02,0.03177
"502","CAH",2023,2023-06-10,0.0298571428571429
"503","CAH",2023,2023-06-18,0.03375
"504","CAH",2023,2023-06-26,0.0216090909090909
"505","CAH",2023,2023-07-04,0.0268
"506","CAH",2023,2023-07-12,0.0259461538461538
"507","CAH",2023,2023-07-20,0.01595
"508","CAH",2023,2023-07-28,0.00202857142857143
"509","CAH",2024,2024-05-08,0.0380222222222222
"510","CAH",2024,2024-05-16,0.03779375
"511","CAH",2024,2024-05-24,0.0405857142857143
"512","CAH",2024,2024-06-09,0.0332571428571429
"513","CAH",2024,2024-06-17,0.0178894736842105
"514","CAH",2024,2024-06-25,0.0247083333333333
"515","CAH",2024,2024-07-03,0.0237071428571429
"516","CAH",2024,2024-07-11,0.0145545454545455
"517","CAH",2024,2024-07-27,0.0161117647058824
"518","CAH",2025,2025-05-01,0.02516
"519","CAH",2025,2025-05-17,0.0377076923076923
"520","CAH",2025,2025-05-25,0.0385222222222222
"521","CAH",2025,2025-06-02,0.0323157894736842
"522","CAH",2025,2025-06-10,0.0323
"523","CAH",2025,2025-06-18,0.0239722222222222
"524","CAH",2025,2025-07-04,0.02145
"525","CAH",2025,2025-07-12,0.025755
"526","CAH",2025,2025-07-20,0.0209
"527","CAH",2025,2025-07-28,0.0201
"528","COL",2013,2013-05-01,0.0222375
"529","COL",2013,2013-05-09,0.04420625
"530","COL",2013,2013-05-17,0.0394625
"531","COL",2013,2013-05-25,0.0473
"532","COL",2013,2013-06-10,0.0361923076923077
"533","COL",2013,2013-06-18,0.0358666666666667
"534","COL",2013,2013-06-26,0.025525
"535","COL",2013,2013-07-12,0.0359692307692308
"536","COL",2013,2013-07-20,0.0311166666666667
"537","COL",2013,2013-07-28,0.0312444444444444
"538","COL",2014,2014-05-01,0.0546
"539","COL",2014,2014-05-17,0.03854
"540","COL",2014,2014-05-25,0.0283117647058824
"541","COL",2014,2014-06-02,0.03535
"542","COL",2014,2014-06-10,0.0243571428571429
"543","COL",2014,2014-06-18,0.022325
"544","COL",2014,2014-06-26,0.0193388888888889
"545","COL",2014,2014-07-04,0.0202473684210526
"546","COL",2014,2014-07-12,0.02197
"547","COL",2014,2014-07-20,0.0216
"548","COL",2014,2014-07-28,0.0302692307692308
"549","COL",2015,2015-05-01,0.0452666666666667
"550","COL",2015,2015-05-09,0.0350235294117647
"551","COL",2015,2015-05-17,0.0494
"552","COL",2015,2015-05-25,0.0377
"553","COL",2015,2015-06-10,0.0138473684210526
"554","COL",2015,2015-06-18,0.00795
"555","COL",2015,2015-06-26,0.0130210526315789
"556","COL",2015,2015-07-04,0.0174571428571429
"557","COL",2015,2015-07-12,0.012625
"558","COL",2015,2015-07-20,0.0133857142857143
"559","COL",2015,2015-07-28,0.00530625
"560","COL",2016,2016-05-08,0.0507611111111111
"561","COL",2016,2016-05-16,0.044
"562","COL",2016,2016-05-24,0.0340125
"563","COL",2016,2016-06-01,0.0212555555555556
"564","COL",2016,2016-06-09,0.0134764705882353
"565","COL",2016,2016-06-17,0.0181764705882353
"566","COL",2016,2016-06-25,0.00797222222222222
"567","COL",2016,2016-07-11,0.0106
"568","COL",2016,2016-07-19,0.0034875
"569","COL",2016,2016-07-27,0.00946
"570","COL",2017,2017-05-01,0.0423411764705882
"571","COL",2017,2017-05-09,0.0423631578947368
"572","COL",2017,2017-05-17,0.0315117647058824
"573","COL",2017,2017-05-25,0.03454
"574","COL",2017,2017-06-02,0.033425
"575","COL",2017,2017-06-10,0.0319611111111111
"576","COL",2017,2017-06-18,0.0314
"577","COL",2017,2017-06-26,0.0355684210526316
"578","COL",2017,2017-07-04,0.0256
"579","COL",2017,2017-07-12,0.0178571428571429
"580","COL",2017,2017-07-20,0.00777
"581","COL",2018,2018-05-01,0.0490571428571429
"582","COL",2018,2018-05-09,0.0279333333333333
"583","COL",2018,2018-05-17,0.0212333333333333
"584","COL",2018,2018-05-25,0.0227142857142857
"585","COL",2018,2018-06-02,0.0327647058823529
"586","COL",2018,2018-06-10,0.0308533333333333
"587","COL",2018,2018-06-18,0.0246454545454545
"588","COL",2018,2018-06-26,0.0218571428571429
"589","COL",2018,2018-07-04,0.0220571428571429
"590","COL",2018,2018-07-12,0.0136571428571429
"591","COL",2018,2018-07-20,0.0203117647058824
"592","COL",2018,2018-07-28,0.0143625
"593","COL",2019,2019-05-01,0.04249375
"594","COL",2019,2019-05-09,0.03392
"595","COL",2019,2019-05-25,0.0347176470588235
"596","COL",2019,2019-06-02,0.0227894736842105
"597","COL",2019,2019-06-10,0.0446157894736842
"598","COL",2019,2019-06-26,0.0228714285714286
"599","COL",2019,2019-07-04,0.0260928571428571
"600","COL",2019,2019-07-20,0.0267
"601","COL",2019,2019-07-28,0.0116545454545455
"602","COL",2020,2020-05-08,0.03998
"603","COL",2020,2020-05-16,0.0376272727272727
"604","COL",2020,2020-05-24,0.0356111111111111
"605","COL",2020,2020-06-01,0.0390666666666667
"606","COL",2020,2020-06-09,0.04644
"607","COL",2020,2020-07-03,0.0197
"608","COL",2020,2020-07-11,0.0114166666666667
"609","COL",2020,2020-07-19,0.00836363636363636
"610","COL",2020,2020-07-27,0.0166888888888889
"611","COL",2021,2021-05-01,0.04335
"612","COL",2021,2021-05-09,0.0469888888888889
"613","COL",2021,2021-05-17,0.0465894736842105
"614","COL",2021,2021-05-25,0.041825
"615","COL",2021,2021-06-10,0.0405176470588235
"616","COL",2021,2021-06-18,0.0335625
"617","COL",2021,2021-06-26,0.0303555555555556
"618","COL",2021,2021-07-04,0.0212153846153846
"619","COL",2021,2021-07-20,0.0209545454545455
"620","COL",2021,2021-07-28,0.018325
"621","COL",2022,2022-05-09,0.04983125
"622","COL",2022,2022-05-17,0.0336928571428571
"623","COL",2022,2022-05-25,0.0348333333333333
"624","COL",2022,2022-06-02,0.03235
"625","COL",2022,2022-06-10,0.0140454545454545
"626","COL",2022,2022-06-18,0.0180666666666667
"627","COL",2022,2022-06-26,0.0202
"628","COL",2022,2022-07-12,0.0222470588235294
"629","COL",2022,2022-07-20,0.0205
"630","COL",2022,2022-07-28,0.0177411764705882
"631","COL",2023,2023-05-09,0.0383
"632","COL",2023,2023-05-17,0.042475
"633","COL",2023,2023-05-25,0.0566315789473684
"634","COL",2023,2023-06-02,0.0475705882352941
"635","COL",2023,2023-06-10,0.023325
"636","COL",2023,2023-06-18,0.0275625
"637","COL",2023,2023-06-26,0.0289875
"638","COL",2023,2023-07-04,0.0254222222222222
"639","COL",2023,2023-07-12,0.0250105263157895
"640","COL",2023,2023-07-20,0.0259684210526316
"641","COL",2023,2023-07-28,0.0223894736842105
"642","COL",2024,2024-05-08,0.014725
"643","COL",2024,2024-05-16,0.035175
"644","COL",2024,2024-05-24,0.0415
"645","COL",2024,2024-06-09,0.0307785714285714
"646","COL",2024,2024-06-17,0.0216947368421053
"647","COL",2024,2024-06-25,0.0163421052631579
"648","COL",2024,2024-07-03,0.0083
"649","COL",2024,2024-07-11,0.00286111111111111
"650","COL",2024,2024-07-27,0.0169461538461538
"651","COL",2025,2025-05-01,0.02325
"652","COL",2025,2025-05-09,0.0122
"653","COL",2025,2025-05-17,0.0409055555555556
"654","COL",2025,2025-06-02,0.0314111111111111
"655","COL",2025,2025-06-18,0.0192611111111111
"656","COL",2025,2025-07-04,0.0180666666666667
"657","COL",2025,2025-07-12,0.01949375
"658","COL",2025,2025-07-20,0.0173125
"659","COL",2025,2025-07-28,0.01976
"660","COO",2013,2013-05-01,0.02583
"661","COO",2013,2013-05-09,0.045575
"662","COO",2013,2013-05-17,0.03955
"663","COO",2013,2013-05-25,0.04538
"664","COO",2013,2013-06-02,0.02561
"665","COO",2013,2013-06-10,0.0201083333333333
"666","COO",2013,2013-06-18,0.0184
"667","COO",2013,2013-06-26,0.0170333333333333
"668","COO",2013,2013-07-04,0.0163
"669","COO",2013,2013-07-12,0.0242666666666667
"670","COO",2013,2013-07-20,0.03145
"671","COO",2013,2013-07-28,0.03021
"672","COO",2014,2014-05-01,0.05301
"673","COO",2014,2014-05-17,0.0483636363636364
"674","COO",2014,2014-05-25,0.0256363636363636
"675","COO",2014,2014-06-02,0.03145
"676","COO",2014,2014-06-10,0.0325333333333333
"677","COO",2014,2014-06-18,0.0241375
"678","COO",2014,2014-06-26,0.022975
"679","COO",2014,2014-07-04,0.0239
"680","COO",2014,2014-07-12,0.02371
"681","COO",2014,2014-07-20,0.0250333333333333
"682","COO",2014,2014-07-28,0.024
"683","COO",2015,2015-05-01,0.0557444444444444
"684","COO",2015,2015-05-09,0.0304727272727273
"685","COO",2015,2015-05-17,0.0473272727272727
"686","COO",2015,2015-05-25,0.0225333333333333
"687","COO",2015,2015-06-10,0.00993636363636364
"688","COO",2015,2015-06-18,0.000675
"689","COO",2015,2015-06-26,0.0146
"690","COO",2015,2015-07-04,0.00926
"691","COO",2015,2015-07-12,-0.00293333333333333
"692","COO",2015,2015-07-20,0.0018375
"693","COO",2015,2015-07-28,-0.00358
"694","COO",2016,2016-05-08,0.0448111111111111
"695","COO",2016,2016-05-16,0.0383454545454545
"696","COO",2016,2016-05-24,0.0240833333333333
"697","COO",2016,2016-06-01,0.0147272727272727
"698","COO",2016,2016-06-09,0.01601
"699","COO",2016,2016-06-17,0.0212818181818182
"700","COO",2016,2016-06-25,0.00551
"701","COO",2016,2016-07-11,0.0081875
"702","COO",2016,2016-07-19,0.0027
"703","COO",2016,2016-07-27,0.00892
"704","COO",2017,2017-05-01,0.04125
"705","COO",2017,2017-05-09,0.0254166666666667
"706","COO",2017,2017-05-17,0.0205
"707","COO",2017,2017-05-25,0.03759
"708","COO",2017,2017-06-02,0.0276833333333333
"709","COO",2017,2017-06-10,0.03105
"710","COO",2017,2017-06-26,0.0261375
"711","COO",2017,2017-07-04,0.0264454545454545
"712","COO",2017,2017-07-12,0.0247916666666667
"713","COO",2017,2017-07-20,0.02364
"714","COO",2018,2018-05-01,0.05031
"715","COO",2018,2018-05-09,0.0254777777777778
"716","COO",2018,2018-05-25,0.0245666666666667
"717","COO",2018,2018-06-02,0.03589
"718","COO",2018,2018-06-10,0.02868
"719","COO",2018,2018-06-18,0.02314
"720","COO",2018,2018-06-26,0.02697
"721","COO",2018,2018-07-04,0.0199222222222222
"722","COO",2018,2018-07-12,0.01804
"723","COO",2018,2018-07-20,0.01806
"724","COO",2018,2018-07-28,0.0135416666666667
"725","COO",2019,2019-05-01,0.0439454545454545
"726","COO",2019,2019-05-09,0.04305
"727","COO",2019,2019-05-25,0.0293333333333333
"728","COO",2019,2019-06-02,0.01855
"729","COO",2019,2019-06-10,0.0432375
"730","COO",2019,2019-06-26,0.0196
"731","COO",2019,2019-07-04,0.01925
"732","COO",2019,2019-07-12,0.016725
"733","COO",2019,2019-07-20,0.0279714285714286
"734","COO",2019,2019-07-28,0.0115857142857143
"735","COO",2020,2020-05-08,0.05483
"736","COO",2020,2020-05-16,0.0387714285714286
"737","COO",2020,2020-05-24,0.0332583333333333
"738","COO",2020,2020-06-01,0.0245333333333333
"739","COO",2020,2020-06-09,0.0481666666666667
"740","COO",2020,2020-06-25,0.0210142857142857
"741","COO",2020,2020-07-03,0.0200583333333333
"742","COO",2020,2020-07-11,0.00654
"743","COO",2020,2020-07-19,0.0101888888888889
"744","COO",2020,2020-07-27,0.0146
"745","COO",2021,2021-05-01,0.04625
"746","COO",2021,2021-05-09,0.0436416666666667
"747","COO",2021,2021-05-17,0.0506857142857143
"748","COO",2021,2021-05-25,0.0428333333333333
"749","COO",2021,2021-06-02,0.0175333333333333
"750","COO",2021,2021-06-10,0.03077
"751","COO",2021,2021-06-18,0.0236222222222222
"752","COO",2021,2021-06-26,0.0405
"753","COO",2021,2021-07-04,0.0318
"754","COO",2021,2021-07-20,0.019975
"755","COO",2021,2021-07-28,0.0179333333333333
"756","COO",2022,2022-05-01,0.0346625
"757","COO",2022,2022-05-09,0.03671
"758","COO",2022,2022-05-17,0.0190545454545455
"759","COO",2022,2022-05-25,0.0297125
"760","COO",2022,2022-06-02,0.0243916666666667
"761","COO",2022,2022-06-10,0.0101285714285714
"762","COO",2022,2022-06-18,0.00321
"763","COO",2022,2022-06-26,0.011475
"764","COO",2022,2022-07-04,0.0093
"765","COO",2022,2022-07-12,0.0171
"766","COO",2022,2022-07-20,0.0138
"767","COO",2022,2022-07-28,0.00671818181818182
"768","COO",2023,2023-05-09,0.04132
"769","COO",2023,2023-05-25,0.0578363636363636
"770","COO",2023,2023-06-02,0.04357
"771","COO",2023,2023-06-10,0.0216727272727273
"772","COO",2023,2023-06-18,0.0366
"773","COO",2023,2023-06-26,0.0243909090909091
"774","COO",2023,2023-07-04,0.03025
"775","COO",2023,2023-07-12,0.01775
"776","COO",2023,2023-07-20,0.0179571428571429
"777","COO",2023,2023-07-28,0.0165428571428571
"778","COO",2024,2024-05-08,0.01475
"779","COO",2024,2024-05-16,0.0325888888888889
"780","COO",2024,2024-05-24,0.0365
"781","COO",2024,2024-06-09,0.0123363636363636
"782","COO",2024,2024-06-17,0.0115666666666667
"783","COO",2024,2024-06-25,0.00898571428571429
"784","COO",2024,2024-07-03,0.01275
"785","COO",2024,2024-07-11,0.0042
"786","COO",2024,2024-07-19,0.0171
"787","COO",2024,2024-07-27,0.0163555555555556
"788","COO",2025,2025-05-01,0.03484
"789","COO",2025,2025-05-09,0.02616
"790","COO",2025,2025-05-17,0.0316125
"791","COO",2025,2025-05-25,0.03385
"792","COO",2025,2025-06-02,0.02995
"793","COO",2025,2025-06-10,0.0258857142857143
"794","COO",2025,2025-06-18,0.0220272727272727
"795","COO",2025,2025-07-04,0.00671111111111111
"796","COO",2025,2025-07-12,0.0165
"797","COO",2025,2025-07-20,0.0171666666666667
"798","COO",2025,2025-07-28,0.00957777777777778
"799","DUDU",2013,2013-05-01,0.0447666666666667
"800","DUDU",2013,2013-05-09,0.0368181818181818
"801","DUDU",2013,2013-05-17,0.0271222222222222
"802","DUDU",2013,2013-05-25,0.0316333333333333
"803","DUDU",2013,2013-06-10,0.0260916666666667
"804","DUDU",2013,2013-06-18,0.02925
"805","DUDU",2013,2013-07-04,0.0329666666666667
"806","DUDU",2013,2013-07-12,0.0228333333333333
"807","DUDU",2013,2013-07-28,0.021125
"808","DUDU",2014,2014-05-01,0.0335466666666667
"809","DUDU",2014,2014-05-17,0.0300538461538462
"810","DUDU",2014,2014-05-25,0.01555
"811","DUDU",2014,2014-06-02,0.0216538461538462
"812","DUDU",2014,2014-06-10,0.0192785714285714
"813","DUDU",2014,2014-06-26,0.003025
"814","DUDU",2014,2014-07-04,0.00853333333333333
"815","DUDU",2014,2014-07-20,0.0138727272727273
"816","DUDU",2014,2014-07-28,0.01738
"817","DUDU",2015,2015-05-01,0.0427733333333333
"818","DUDU",2015,2015-05-09,0.02108
"819","DUDU",2015,2015-05-17,0.0203666666666667
"820","DUDU",2015,2015-05-25,0.016775
"821","DUDU",2015,2015-06-10,0.00327857142857143
"822","DUDU",2015,2015-06-18,-3e-04
"823","DUDU",2015,2015-06-26,0.0102166666666667
"824","DUDU",2015,2015-07-04,0.00627272727272727
"825","DUDU",2015,2015-07-12,0.008625
"826","DUDU",2015,2015-07-20,0.0167375
"827","DUDU",2015,2015-07-28,0.0223
"828","DUDU",2016,2016-05-08,0.022775
"829","DUDU",2016,2016-05-16,0.0212875
"830","DUDU",2016,2016-05-24,0.0159
"831","DUDU",2016,2016-06-01,0.0101615384615385
"832","DUDU",2016,2016-06-09,0.01082
"833","DUDU",2016,2016-06-17,0.0186733333333333
"834","DUDU",2016,2016-06-25,0.01026
"835","DUDU",2016,2016-07-11,0.00025
"836","DUDU",2016,2016-07-19,0.000592857142857143
"837","DUDU",2016,2016-07-27,0.001625
"838","DUDU",2017,2017-05-01,0.0279133333333333
"839","DUDU",2017,2017-05-09,0.0162733333333333
"840","DUDU",2017,2017-05-17,0.0111833333333333
"841","DUDU",2017,2017-05-25,0.0157166666666667
"842","DUDU",2017,2017-06-02,0.01694
"843","DUDU",2017,2017-06-10,0.0165
"844","DUDU",2017,2017-06-18,0.01828
"845","DUDU",2017,2017-06-26,0.0194
"846","DUDU",2017,2017-07-04,0.0113083333333333
"847","DUDU",2018,2018-05-01,0.0318466666666667
"848","DUDU",2018,2018-05-09,0.0107666666666667
"849","DUDU",2018,2018-05-25,0.0220384615384615
"850","DUDU",2018,2018-06-10,0.0271166666666667
"851","DUDU",2018,2018-06-18,0.0235666666666667
"852","DUDU",2018,2018-06-26,0.0197
"853","DUDU",2018,2018-07-04,0.02215
"854","DUDU",2018,2018-07-20,0.02258
"855","DUDU",2018,2018-07-28,0.01685
"856","DUDU",2019,2019-05-01,0.02366
"857","DUDU",2019,2019-05-09,0.0249076923076923
"858","DUDU",2019,2019-05-25,0.0019
"859","DUDU",2019,2019-06-02,0.0068
"860","DUDU",2019,2019-06-10,0.0159
"861","DUDU",2019,2019-06-18,0.0139133333333333
"862","DUDU",2019,2019-06-26,0.0101
"863","DUDU",2019,2019-07-04,0.0141
"864","DUDU",2019,2019-07-12,0.00651428571428571
"865","DUDU",2019,2019-07-20,0.01265
"866","DUDU",2019,2019-07-28,0.02424
"867","DUDU",2020,2020-05-08,0.0385933333333333
"868","DUDU",2020,2020-05-16,0.0217
"869","DUDU",2020,2020-06-09,0.0339777777777778
"870","DUDU",2020,2020-07-11,0.0163857142857143
"871","DUDU",2020,2020-07-19,0.012
"872","DUDU",2020,2020-07-27,0.017
"873","DUDU",2021,2021-05-01,0.0292533333333333
"874","DUDU",2021,2021-05-09,0.0288714285714286
"875","DUDU",2021,2021-05-17,0.029725
"876","DUDU",2021,2021-05-25,0.0170066666666667
"877","DUDU",2021,2021-06-02,0.0134666666666667
"878","DUDU",2021,2021-06-10,0.0111333333333333
"879","DUDU",2021,2021-06-26,0.0182071428571429
"880","DUDU",2021,2021-07-04,0.015
"881","DUDU",2021,2021-07-20,0.024075
"882","DUDU",2021,2021-07-28,0.0172666666666667
"883","DUDU",2022,2022-05-01,0.0277
"884","DUDU",2022,2022-05-09,0.0362153846153846
"885","DUDU",2022,2022-05-17,0.01782
"886","DUDU",2022,2022-05-25,0.0239533333333333
"887","DUDU",2022,2022-06-02,0.0202333333333333
"888","DUDU",2022,2022-06-10,0.0229
"889","DUDU",2022,2022-06-18,0.01373
"890","DUDU",2022,2022-06-26,0.0189
"891","DUDU",2022,2022-07-12,0.021025
"892","DUDU",2022,2022-07-20,0.0215625
"893","DUDU",2022,2022-07-28,0.0152666666666667
"894","DUDU",2023,2023-05-09,0.0284555555555556
"895","DUDU",2023,2023-05-17,0.01595
"896","DUDU",2023,2023-05-25,0.0346933333333333
"897","DUDU",2023,2023-06-02,0.02995
"898","DUDU",2023,2023-06-10,0.026225
"899","DUDU",2023,2023-06-18,0.0289857142857143
"900","DUDU",2023,2023-06-26,0.0276928571428571
"901","DUDU",2023,2023-07-12,0.016875
"902","DUDU",2023,2023-07-20,0.019225
"903","DUDU",2023,2023-07-28,0.029275
"904","DUDU",2024,2024-05-08,0.0254133333333333
"905","DUDU",2024,2024-05-16,0.0288714285714286
"906","DUDU",2024,2024-05-24,0.0143333333333333
"907","DUDU",2024,2024-06-09,0.00995714285714286
"908","DUDU",2024,2024-06-17,0.0203625
"909","DUDU",2024,2024-07-03,0.01365
"910","DUDU",2024,2024-07-11,0.0106133333333333
"911","DUDU",2024,2024-07-27,0.0166466666666667
"912","DUDU",2025,2025-05-01,0.0244714285714286
"913","DUDU",2025,2025-05-09,0.0222733333333333
"914","DUDU",2025,2025-05-17,0.0151642857142857
"915","DUDU",2025,2025-05-25,0.01908
"916","DUDU",2025,2025-06-02,0.017475
"917","DUDU",2025,2025-06-10,0.0128888888888889
"918","DUDU",2025,2025-06-18,0.0106
"919","DUDU",2025,2025-07-04,0.0175555555555556
"920","DUDU",2025,2025-07-12,0.0191818181818182
"921","DUDU",2025,2025-07-20,0.0163916666666667
"922","DUDU",2025,2025-07-28,0.0145866666666667
"923","ECO",2013,2013-05-01,0.0478642857142857
"924","ECO",2013,2013-05-09,0.0586166666666667
"925","ECO",2013,2013-05-17,0.04241
"926","ECO",2013,2013-05-25,0.03056
"927","ECO",2013,2013-06-02,0.0331866666666667
"928","ECO",2013,2013-06-10,0.03345
"929","ECO",2013,2013-06-18,0.0364428571428571
"930","ECO",2013,2013-06-26,0.0166769230769231
"931","ECO",2013,2013-07-04,0.0334
"932","ECO",2013,2013-07-12,0.0247
"933","ECO",2013,2013-07-20,0.01695
"934","ECO",2013,2013-07-28,0.0304571428571429
"935","ECO",2014,2014-05-01,0.0501333333333333
"936","ECO",2014,2014-05-17,0.05167
"937","ECO",2014,2014-05-25,0.0289181818181818
"938","ECO",2014,2014-06-02,0.0378777777777778
"939","ECO",2014,2014-06-10,0.0275
"940","ECO",2014,2014-06-18,0.01785
"941","ECO",2014,2014-06-26,0.0158777777777778
"942","ECO",2014,2014-07-04,0.02699
"943","ECO",2014,2014-07-12,0.0225066666666667
"944","ECO",2014,2014-07-20,0.0304923076923077
"945","ECO",2014,2014-07-28,0.0255909090909091
"946","ECO",2015,2015-05-01,0.05331
"947","ECO",2015,2015-05-09,0.0380166666666667
"948","ECO",2015,2015-05-17,0.0405272727272727
"949","ECO",2015,2015-05-25,0.027925
"950","ECO",2015,2015-06-10,0.0201444444444444
"951","ECO",2015,2015-06-18,0.0172555555555556
"952","ECO",2015,2015-06-26,0.0179111111111111
"953","ECO",2015,2015-07-04,0.0192444444444444
"954","ECO",2015,2015-07-12,0.0117
"955","ECO",2015,2015-07-20,0.0185666666666667
"956","ECO",2015,2015-07-28,0.02638
"957","ECO",2016,2016-05-08,0.04332
"958","ECO",2016,2016-05-16,0.04015
"959","ECO",2016,2016-05-24,0.0387
"960","ECO",2016,2016-06-01,0.02394
"961","ECO",2016,2016-06-09,0.0282714285714286
"962","ECO",2016,2016-06-17,0.035325
"963","ECO",2016,2016-06-25,0.0270818181818182
"964","ECO",2016,2016-07-11,0.02265
"965","ECO",2016,2016-07-19,0.0225
"966","ECO",2016,2016-07-27,0.0210636363636364
"967","ECO",2017,2017-05-01,0.0379923076923077
"968","ECO",2017,2017-05-09,0.0431636363636364
"969","ECO",2017,2017-05-17,0.0206125
"970","ECO",2017,2017-05-25,0.0347529411764706
"971","ECO",2017,2017-06-02,0.0259333333333333
"972","ECO",2017,2017-06-10,0.02591
"973","ECO",2017,2017-06-18,0.028725
"974","ECO",2017,2017-06-26,0.027025
"975","ECO",2017,2017-07-04,0.0226222222222222
"976","ECO",2017,2017-07-12,0.0208461538461538
"977","ECO",2018,2018-05-01,0.0415333333333333
"978","ECO",2018,2018-05-09,0.02655
"979","ECO",2018,2018-05-17,0.0367444444444444
"980","ECO",2018,2018-05-25,0.0259
"981","ECO",2018,2018-06-02,0.0277555555555556
"982","ECO",2018,2018-06-10,0.02265
"983","ECO",2018,2018-06-18,0.02915
"984","ECO",2018,2018-06-26,0.0344363636363636
"985","ECO",2018,2018-07-04,0.0284666666666667
"986","ECO",2018,2018-07-12,0.0187363636363636
"987","ECO",2018,2018-07-20,0.0372230769230769
"988","ECO",2019,2019-05-01,0.0367
"989","ECO",2019,2019-05-09,0.0358125
"990","ECO",2019,2019-05-25,0.0277222222222222
"991","ECO",2019,2019-06-02,0.0179625
"992","ECO",2019,2019-06-10,0.02725625
"993","ECO",2019,2019-06-18,0.0234230769230769
"994","ECO",2019,2019-06-26,0.01587
"995","ECO",2019,2019-07-04,0.0265
"996","ECO",2019,2019-07-12,0.01548
"997","ECO",2019,2019-07-20,0.0259111111111111
"998","ECO",2019,2019-07-28,0.0212444444444444
"999","ECO",2020,2020-05-08,0.0501333333333333
"1000","ECO",2020,2020-05-16,0.0359
"1001","ECO",2020,2020-05-24,0.0267666666666667
"1002","ECO",2020,2020-06-01,0.02404
"1003","ECO",2020,2020-06-09,0.0499444444444444
"1004","ECO",2020,2020-06-25,0.0208133333333333
"1005","ECO",2020,2020-07-03,0.0270833333333333
"1006","ECO",2020,2020-07-11,0.02509
"1007","ECO",2020,2020-07-19,0.0262
"1008","ECO",2020,2020-07-27,0.0258888888888889
"1009","ECO",2021,2021-05-01,0.04911
"1010","ECO",2021,2021-05-09,0.0481777777777778
"1011","ECO",2021,2021-05-17,0.0480444444444444
"1012","ECO",2021,2021-05-25,0.0469666666666667
"1013","ECO",2021,2021-06-02,0.0259681818181818
"1014","ECO",2021,2021-06-10,0.0227111111111111
"1015","ECO",2021,2021-06-18,0.0169
"1016","ECO",2021,2021-06-26,0.0272857142857143
"1017","ECO",2021,2021-07-04,0.0173
"1018","ECO",2021,2021-07-20,0.0272
"1019","ECO",2021,2021-07-28,0.0163285714285714
"1020","ECO",2022,2022-05-01,0.04509
"1021","ECO",2022,2022-05-09,0.0532375
"1022","ECO",2022,2022-05-17,0.0266875
"1023","ECO",2022,2022-05-25,0.0330666666666667
"1024","ECO",2022,2022-06-02,0.03215
"1025","ECO",2022,2022-06-10,0.0292428571428571
"1026","ECO",2022,2022-06-18,0.0171375
"1027","ECO",2022,2022-06-26,0.031275
"1028","ECO",2022,2022-07-04,0.020775
"1029","ECO",2022,2022-07-12,0.02506
"1030","ECO",2022,2022-07-20,0.0321666666666667
"1031","ECO",2022,2022-07-28,0.0296933333333333
"1032","ECO",2023,2023-05-09,0.0354714285714286
"1033","ECO",2023,2023-05-17,0.0334105263157895
"1034","ECO",2023,2023-05-25,0.0487555555555556
"1035","ECO",2023,2023-06-02,0.0395333333333333
"1036","ECO",2023,2023-06-10,0.0299666666666667
"1037","ECO",2023,2023-06-18,0.0417555555555556
"1038","ECO",2023,2023-06-26,0.0362571428571429
"1039","ECO",2023,2023-07-04,0.0308130434782609
"1040","ECO",2023,2023-07-12,0.0300571428571429
"1041","ECO",2023,2023-07-20,0.0208714285714286
"1042","ECO",2023,2023-07-28,0.0301428571428571
"1043","ECO",2024,2024-05-16,0.0448571428571429
"1044","ECO",2024,2024-05-24,0.0338888888888889
"1045","ECO",2024,2024-06-09,0.023775
"1046","ECO",2024,2024-06-17,0.02987
"1047","ECO",2024,2024-06-25,0.02873
"1048","ECO",2024,2024-07-03,0.01964
"1049","ECO",2024,2024-07-11,0.0204166666666667
"1050","ECO",2024,2024-07-19,0.020225
"1051","ECO",2024,2024-07-27,0.0184714285714286
"1052","ECO",2025,2025-05-01,0.0482086956521739
"1053","ECO",2025,2025-05-09,0.0489173913043478
"1054","ECO",2025,2025-05-17,0.0365444444444444
"1055","ECO",2025,2025-05-25,0.0358888888888889
"1056","ECO",2025,2025-06-02,0.025025
"1057","ECO",2025,2025-06-10,0.0256333333333333
"1058","ECO",2025,2025-06-18,0.0190666666666667
"1059","ECO",2025,2025-07-04,0.0220428571428571
"1060","ECO",2025,2025-07-12,0.0323913043478261
"1061","ECO",2025,2025-07-20,0.0296444444444444
"1062","ECO",2025,2025-07-28,0.0298
"1063","FLAT",2013,2013-05-01,0.0366590909090909
"1064","FLAT",2013,2013-05-09,0.0532764705882353
"1065","FLAT",2013,2013-05-17,0.0396863636363636
"1066","FLAT",2013,2013-05-25,0.0418333333333333
"1067","FLAT",2013,2013-06-02,0.02045625
"1068","FLAT",2013,2013-06-10,0.0222714285714286
"1069","FLAT",2013,2013-06-18,0.0271933333333333
"1070","FLAT",2013,2013-06-26,0.027225
"1071","FLAT",2013,2013-07-04,0.0268
"1072","FLAT",2013,2013-07-12,0.0365615384615385
"1073","FLAT",2013,2013-07-20,0.0258
"1074","FLAT",2013,2013-07-28,0.0327789473684211
"1075","FLAT",2014,2014-05-01,0.0539227272727273
"1076","FLAT",2014,2014-05-17,0.0495857142857143
"1077","FLAT",2014,2014-05-25,0.0292333333333333
"1078","FLAT",2014,2014-06-02,0.0353705882352941
"1079","FLAT",2014,2014-06-10,0.0324066666666667
"1080","FLAT",2014,2014-06-18,0.0192
"1081","FLAT",2014,2014-06-26,0.0167210526315789
"1082","FLAT",2014,2014-07-04,0.0197782608695652
"1083","FLAT",2014,2014-07-12,0.0164333333333333
"1084","FLAT",2014,2014-07-20,0.0176315789473684
"1085","FLAT",2014,2014-07-28,0.0130611111111111
"1086","FLAT",2015,2015-05-01,0.0587157894736842
"1087","FLAT",2015,2015-05-09,0.0320117647058824
"1088","FLAT",2015,2015-05-17,0.0387428571428571
"1089","FLAT",2015,2015-05-25,0.0247625
"1090","FLAT",2015,2015-06-10,0.00209375
"1091","FLAT",2015,2015-06-18,-0.0116
"1092","FLAT",2015,2015-06-26,0.0110428571428571
"1093","FLAT",2015,2015-07-04,-0.00333157894736842
"1094","FLAT",2015,2015-07-12,-0.0162090909090909
"1095","FLAT",2015,2015-07-20,-0.00949411764705882
"1096","FLAT",2015,2015-07-28,-0.00378571428571429
"1097","FLAT",2016,2016-05-08,0.0358142857142857
"1098","FLAT",2016,2016-05-16,0.0348111111111111
"1099","FLAT",2016,2016-05-24,0.0261947368421053
"1100","FLAT",2016,2016-06-01,0.0112909090909091
"1101","FLAT",2016,2016-06-09,0.0139666666666667
"1102","FLAT",2016,2016-06-17,0.015045
"1103","FLAT",2016,2016-06-25,0.0063125
"1104","FLAT",2016,2016-07-11,-0.00798571428571429
"1105","FLAT",2016,2016-07-19,-0.016875
"1106","FLAT",2016,2016-07-27,-0.000747619047619048
"1107","FLAT",2017,2017-05-01,0.034075
"1108","FLAT",2017,2017-05-09,0.0222428571428571
"1109","FLAT",2017,2017-05-17,0.0139
"1110","FLAT",2017,2017-05-25,0.029355
"1111","FLAT",2017,2017-06-02,0.0217470588235294
"1112","FLAT",2017,2017-06-10,0.0214375
"1113","FLAT",2017,2017-06-18,0.0205428571428571
"1114","FLAT",2017,2017-06-26,0.0233588235294118
"1115","FLAT",2017,2017-07-04,0.0181666666666667
"1116","FLAT",2017,2017-07-12,0.0132285714285714
"1117","FLAT",2017,2017-07-20,0.00891111111111111
"1118","FLAT",2018,2018-05-01,0.0526904761904762
"1119","FLAT",2018,2018-05-09,0.02751
"1120","FLAT",2018,2018-05-17,0.03125
"1121","FLAT",2018,2018-05-25,0.0232857142857143
"1122","FLAT",2018,2018-06-02,0.0367166666666667
"1123","FLAT",2018,2018-06-10,0.03505
"1124","FLAT",2018,2018-06-18,0.02156
"1125","FLAT",2018,2018-06-26,0.0230333333333333
"1126","FLAT",2018,2018-07-04,0.0204235294117647
"1127","FLAT",2018,2018-07-12,0.01129
"1128","FLAT",2018,2018-07-20,0.0264533333333333
"1129","FLAT",2018,2018-07-28,0.0146041666666667
"1130","FLAT",2019,2019-05-01,0.046821052631579
"1131","FLAT",2019,2019-05-09,0.0416777777777778
"1132","FLAT",2019,2019-05-25,0.01387
"1133","FLAT",2019,2019-06-02,0.00939545454545455
"1134","FLAT",2019,2019-06-10,0.0342
"1135","FLAT",2019,2019-06-18,0.0227294117647059
"1136","FLAT",2019,2019-06-26,0.00585714285714286
"1137","FLAT",2019,2019-07-04,0.0107545454545455
"1138","FLAT",2019,2019-07-12,0.00466666666666667
"1139","FLAT",2019,2019-07-20,0.016475
"1140","FLAT",2019,2019-07-28,0.00263157894736842
"1141","FLAT",2020,2020-05-08,0.0620526315789474
"1142","FLAT",2020,2020-05-16,0.0491055555555556
"1143","FLAT",2020,2020-05-24,0.0331411764705882
"1144","FLAT",2020,2020-06-01,0.0423666666666667
"1145","FLAT",2020,2020-06-09,0.0531384615384615
"1146","FLAT",2020,2020-06-25,0.0243285714285714
"1147","FLAT",2020,2020-07-03,0.01832
"1148","FLAT",2020,2020-07-11,-0.00262666666666667
"1149","FLAT",2020,2020-07-19,0.00433333333333333
"1150","FLAT",2020,2020-07-27,0.0059
"1151","FLAT",2021,2021-05-01,0.0449
"1152","FLAT",2021,2021-05-09,0.0462904761904762
"1153","FLAT",2021,2021-05-17,0.0523842105263158
"1154","FLAT",2021,2021-05-25,0.0404105263157895
"1155","FLAT",2021,2021-06-02,0.0174
"1156","FLAT",2021,2021-06-10,0.0157952380952381
"1157","FLAT",2021,2021-06-18,0.0232833333333333
"1158","FLAT",2021,2021-06-26,0.03656
"1159","FLAT",2021,2021-07-04,0.0334083333333333
"1160","FLAT",2021,2021-07-20,0.0212882352941176
"1161","FLAT",2021,2021-07-28,0.0141428571428571
"1162","FLAT",2022,2022-05-01,0.0311421052631579
"1163","FLAT",2022,2022-05-09,0.036825
"1164","FLAT",2022,2022-05-17,0.0153318181818182
"1165","FLAT",2022,2022-05-25,0.02708
"1166","FLAT",2022,2022-06-02,0.018665
"1167","FLAT",2022,2022-06-10,0.00413888888888889
"1168","FLAT",2022,2022-06-18,-0.00686
"1169","FLAT",2022,2022-06-26,0.00589285714285714
"1170","FLAT",2022,2022-07-04,0.00835294117647059
"1171","FLAT",2022,2022-07-12,0.0184210526315789
"1172","FLAT",2022,2022-07-20,0.00695555555555556
"1173","FLAT",2022,2022-07-28,0.006075
"1174","FLAT",2023,2023-05-09,0.0435047619047619
"1175","FLAT",2023,2023-05-25,0.05705
"1176","FLAT",2023,2023-06-02,0.0449117647058824
"1177","FLAT",2023,2023-06-10,0.0281823529411765
"1178","FLAT",2023,2023-06-18,0.02728
"1179","FLAT",2023,2023-06-26,0.0270333333333333
"1180","FLAT",2023,2023-07-04,0.03379
"1181","FLAT",2023,2023-07-12,0.0214
"1182","FLAT",2023,2023-07-20,0.014395
"1183","FLAT",2023,2023-07-28,0.0151631578947368
"1184","FLAT",2024,2024-05-16,0.0355769230769231
"1185","FLAT",2024,2024-05-24,0.0413473684210526
"1186","FLAT",2024,2024-06-09,0.00987142857142857
"1187","FLAT",2024,2024-06-17,0.00592105263157895
"1188","FLAT",2024,2024-06-25,0.00661363636363636
"1189","FLAT",2024,2024-07-11,-0.0015047619047619
"1190","FLAT",2024,2024-07-27,0.0188125
"1191","FLAT",2025,2025-05-01,0.03213
"1192","FLAT",2025,2025-05-09,0.0368947368421053
"1193","FLAT",2025,2025-05-17,0.0321095238095238
"1194","FLAT",2025,2025-05-25,0.0332117647058824
"1195","FLAT",2025,2025-06-02,0.0289571428571429
"1196","FLAT",2025,2025-06-10,0.0289611111111111
"1197","FLAT",2025,2025-06-18,0.0128411764705882
"1198","FLAT",2025,2025-07-04,-0.000847368421052631
"1199","FLAT",2025,2025-07-12,0.00736666666666667
"1200","FLAT",2025,2025-07-20,0.00798823529411765
"1201","FLAT",2025,2025-07-28,0.00765333333333333
"1202","GRE",2013,2013-05-01,0.02952
"1203","GRE",2013,2013-05-09,0.04714
"1204","GRE",2013,2013-05-17,0.040105
"1205","GRE",2013,2013-05-25,0.0472066666666667
"1206","GRE",2013,2013-06-02,0.0174
"1207","GRE",2013,2013-06-10,0.03395
"1208","GRE",2013,2013-06-18,0.0409666666666667
"1209","GRE",2013,2013-06-26,0.02785
"1210","GRE",2013,2013-07-04,0.0224666666666667
"1211","GRE",2013,2013-07-12,0.03603
"1212","GRE",2013,2013-07-20,0.02824
"1213","GRE",2013,2013-07-28,0.0289428571428571
"1214","GRE",2014,2014-05-01,0.06016
"1215","GRE",2014,2014-05-17,0.0472125
"1216","GRE",2014,2014-05-25,0.0259
"1217","GRE",2014,2014-06-02,0.03074
"1218","GRE",2014,2014-06-10,0.0269833333333333
"1219","GRE",2014,2014-06-18,0.0210142857142857
"1220","GRE",2014,2014-06-26,0.0253642857142857
"1221","GRE",2014,2014-07-04,0.0317
"1222","GRE",2014,2014-07-12,0.01696
"1223","GRE",2014,2014-07-20,0.0235384615384615
"1224","GRE",2014,2014-07-28,0.0265647058823529
"1225","GRE",2015,2015-05-01,0.0513833333333333
"1226","GRE",2015,2015-05-09,0.02854
"1227","GRE",2015,2015-05-17,0.0462166666666667
"1228","GRE",2015,2015-05-25,0.03455
"1229","GRE",2015,2015-06-10,0.02705625
"1230","GRE",2015,2015-06-18,0.019625
"1231","GRE",2015,2015-06-26,0.0199636363636364
"1232","GRE",2015,2015-07-04,0.0221571428571429
"1233","GRE",2015,2015-07-12,0.01152
"1234","GRE",2015,2015-07-20,0.0047
"1235","GRE",2015,2015-07-28,0.00677058823529412
"1236","GRE",2016,2016-05-08,0.0480842105263158
"1237","GRE",2016,2016-05-16,0.0484714285714286
"1238","GRE",2016,2016-05-24,0.0339105263157895
"1239","GRE",2016,2016-06-01,0.0308894736842105
"1240","GRE",2016,2016-06-09,0.0211388888888889
"1241","GRE",2016,2016-06-17,0.017145
"1242","GRE",2016,2016-06-25,-0.00241538461538462
"1243","GRE",2016,2016-07-11,0.009705
"1244","GRE",2016,2016-07-19,-0.009375
"1245","GRE",2016,2016-07-27,0.0087
"1246","GRE",2017,2017-05-01,0.046585
"1247","GRE",2017,2017-05-09,0.0436411764705882
"1248","GRE",2017,2017-05-17,0.0294416666666667
"1249","GRE",2017,2017-05-25,0.0356611111111111
"1250","GRE",2017,2017-06-02,0.0293
"1251","GRE",2017,2017-06-10,0.03101
"1252","GRE",2017,2017-06-18,0.0254333333333333
"1253","GRE",2017,2017-06-26,0.0355631578947368
"1254","GRE",2017,2017-07-04,0.0285666666666667
"1255","GRE",2017,2017-07-12,0.02893
"1256","GRE",2017,2017-07-20,0.0126416666666667
"1257","GRE",2018,2018-05-01,0.049345
"1258","GRE",2018,2018-05-09,0.0317823529411765
"1259","GRE",2018,2018-05-17,0.0323636363636364
"1260","GRE",2018,2018-05-25,0.0276666666666667
"1261","GRE",2018,2018-06-02,0.0356588235294118
"1262","GRE",2018,2018-06-10,0.0271
"1263","GRE",2018,2018-06-18,0.0246571428571429
"1264","GRE",2018,2018-06-26,0.0224
"1265","GRE",2018,2018-07-04,0.0271875
"1266","GRE",2018,2018-07-12,0.02
"1267","GRE",2018,2018-07-20,0.0163066666666667
"1268","GRE",2018,2018-07-28,0.01359
"1269","GRE",2019,2019-05-01,0.0419944444444444
"1270","GRE",2019,2019-05-09,0.0427666666666667
"1271","GRE",2019,2019-05-25,0.0362866666666667
"1272","GRE",2019,2019-06-02,0.0296105263157895
"1273","GRE",2019,2019-06-10,0.0376
"1274","GRE",2019,2019-06-18,0.02686
"1275","GRE",2019,2019-06-26,0.0214875
"1276","GRE",2019,2019-07-04,0.0204307692307692
"1277","GRE",2019,2019-07-20,0.0264538461538462
"1278","GRE",2019,2019-07-28,0.0118625
"1279","GRE",2020,2020-05-08,0.048445
"1280","GRE",2020,2020-05-16,0.0154
"1281","GRE",2020,2020-05-24,0.0421
"1282","GRE",2020,2020-06-01,0.0324875
"1283","GRE",2020,2020-06-09,0.0493578947368421
"1284","GRE",2020,2020-06-25,0.0195714285714286
"1285","GRE",2020,2020-07-03,0.0310222222222222
"1286","GRE",2020,2020-07-11,0.0217611111111111
"1287","GRE",2020,2020-07-19,0.0102666666666667
"1288","GRE",2020,2020-07-27,0.0257833333333333
"1289","GRE",2021,2021-05-01,0.044905
"1290","GRE",2021,2021-05-09,0.0471
"1291","GRE",2021,2021-05-17,0.0455666666666667
"1292","GRE",2021,2021-05-25,0.0501642857142857
"1293","GRE",2021,2021-06-10,0.03464
"1294","GRE",2021,2021-06-18,0.0375333333333333
"1295","GRE",2021,2021-06-26,0.0353
"1296","GRE",2021,2021-07-04,0.0270666666666667
"1297","GRE",2021,2021-07-28,0.0261833333333333
"1298","GRE",2022,2022-05-01,0.0463857142857143
"1299","GRE",2022,2022-05-09,0.04829
"1300","GRE",2022,2022-05-17,0.0336947368421053
"1301","GRE",2022,2022-05-25,0.0390684210526316
"1302","GRE",2022,2022-06-10,0.0158428571428571
"1303","GRE",2022,2022-06-18,0.00101052631578947
"1304","GRE",2022,2022-07-04,0.00917692307692308
"1305","GRE",2022,2022-07-12,0.01485
"1306","GRE",2022,2022-07-28,0.01705
"1307","GRE",2023,2023-05-09,0.03265
"1308","GRE",2023,2023-05-25,0.058935
"1309","GRE",2023,2023-06-02,0.036605
"1310","GRE",2023,2023-06-10,0.0302277777777778
"1311","GRE",2023,2023-06-18,0.0342736842105263
"1312","GRE",2023,2023-06-26,0.0221882352941176
"1313","GRE",2023,2023-07-04,0.02434
"1314","GRE",2023,2023-07-12,0.02502
"1315","GRE",2023,2023-07-20,0.0199684210526316
"1316","GRE",2023,2023-07-28,0.0122166666666667
"1317","GRE",2024,2024-05-08,0.03691
"1318","GRE",2024,2024-05-16,0.04095
"1319","GRE",2024,2024-05-24,0.04137
"1320","GRE",2024,2024-06-09,0.0353578947368421
"1321","GRE",2024,2024-06-17,0.020085
"1322","GRE",2024,2024-06-25,0.02521
"1323","GRE",2024,2024-07-03,0.0240235294117647
"1324","GRE",2024,2024-07-11,0.0148944444444444
"1325","GRE",2024,2024-07-27,0.0151375
"1326","GRE",2025,2025-05-01,0.0251277777777778
"1327","GRE",2025,2025-05-09,0.0209
"1328","GRE",2025,2025-05-17,0.0334722222222222
"1329","GRE",2025,2025-05-25,0.0407375
"1330","GRE",2025,2025-06-02,0.0361052631578947
"1331","GRE",2025,2025-06-10,0.0215666666666667
"1332","GRE",2025,2025-06-18,0.0243333333333333
"1333","GRE",2025,2025-07-04,0.0232473684210526
"1334","GRE",2025,2025-07-12,0.0288
"1335","GRE",2025,2025-07-20,0.0285083333333333
"1336","GRE",2025,2025-07-28,0.0265333333333333
"1337","HIX",2013,2013-05-01,0.0458066666666667
"1338","HIX",2013,2013-05-09,0.0581714285714286
"1339","HIX",2013,2013-05-17,0.0471588235294118
"1340","HIX",2013,2013-05-25,0.0578333333333333
"1341","HIX",2013,2013-06-02,0.0315823529411765
"1342","HIX",2013,2013-06-10,0.0494642857142857
"1343","HIX",2013,2013-06-18,0.0512818181818182
"1344","HIX",2013,2013-06-26,0.0403714285714286
"1345","HIX",2013,2013-07-04,0.0243888888888889
"1346","HIX",2013,2013-07-12,0.0412684210526316
"1347","HIX",2013,2013-07-20,0.0400388888888889
"1348","HIX",2013,2013-07-28,0.0369684210526316
"1349","HIX",2014,2014-05-01,0.0659214285714286
"1350","HIX",2014,2014-05-17,0.0396833333333333
"1351","HIX",2014,2014-05-25,0.0349
"1352","HIX",2014,2014-06-10,0.0317923076923077
"1353","HIX",2014,2014-06-18,0.0270785714285714
"1354","HIX",2014,2014-06-26,0.025515
"1355","HIX",2014,2014-07-04,0.0250588235294118
"1356","HIX",2014,2014-07-12,0.0272714285714286
"1357","HIX",2014,2014-07-20,0.02382
"1358","HIX",2014,2014-07-28,0.0363111111111111
"1359","HIX",2015,2015-05-01,0.0545733333333333
"1360","HIX",2015,2015-05-09,0.0382266666666667
"1361","HIX",2015,2015-05-17,0.05328125
"1362","HIX",2015,2015-05-25,0.0465
"1363","HIX",2015,2015-06-10,0.02648
"1364","HIX",2015,2015-06-18,0.0168125
"1365","HIX",2015,2015-06-26,0.01876
"1366","HIX",2015,2015-07-04,0.0252294117647059
"1367","HIX",2015,2015-07-12,0.0228333333333333
"1368","HIX",2015,2015-07-20,0.02602
"1369","HIX",2015,2015-07-28,0.0167
"1370","HIX",2016,2016-05-08,0.0558461538461538
"1371","HIX",2016,2016-05-16,0.0493
"1372","HIX",2016,2016-05-24,0.042275
"1373","HIX",2016,2016-06-01,0.0314615384615385
"1374","HIX",2016,2016-06-09,0.0242923076923077
"1375","HIX",2016,2016-06-17,0.0193235294117647
"1376","HIX",2016,2016-06-25,0.0176846153846154
"1377","HIX",2016,2016-07-11,0.00939375
"1378","HIX",2016,2016-07-19,-0.00827333333333333
"1379","HIX",2016,2016-07-27,0.00685833333333333
"1380","HIX",2017,2017-05-01,0.04948
"1381","HIX",2017,2017-05-09,0.0404066666666667
"1382","HIX",2017,2017-05-17,0.0380333333333333
"1383","HIX",2017,2017-05-25,0.0309111111111111
"1384","HIX",2017,2017-06-02,0.0241285714285714
"1385","HIX",2017,2017-06-10,0.0378857142857143
"1386","HIX",2017,2017-06-26,0.0389466666666667
"1387","HIX",2017,2017-07-04,0.0256785714285714
"1388","HIX",2017,2017-07-12,0.0142866666666667
"1389","HIX",2017,2017-07-20,0.00372142857142857
"1390","HIX",2018,2018-05-01,0.0547066666666667
"1391","HIX",2018,2018-05-09,0.0321857142857143
"1392","HIX",2018,2018-05-17,0.0394333333333333
"1393","HIX",2018,2018-05-25,0.02418
"1394","HIX",2018,2018-06-02,0.0423928571428571
"1395","HIX",2018,2018-06-10,0.0375
"1396","HIX",2018,2018-06-18,0.0316692307692308
"1397","HIX",2018,2018-06-26,0.0258909090909091
"1398","HIX",2018,2018-07-04,0.026725
"1399","HIX",2018,2018-07-12,0.0215
"1400","HIX",2018,2018-07-20,0.0256375
"1401","HIX",2018,2018-07-28,0.019575
"1402","HIX",2019,2019-05-01,0.0426071428571429
"1403","HIX",2019,2019-05-09,0.0393666666666667
"1404","HIX",2019,2019-05-25,0.0439666666666667
"1405","HIX",2019,2019-06-02,0.033
"1406","HIX",2019,2019-06-10,0.04190625
"1407","HIX",2019,2019-06-18,0.0299933333333333
"1408","HIX",2019,2019-06-26,0.0232333333333333
"1409","HIX",2019,2019-07-04,0.0278714285714286
"1410","HIX",2019,2019-07-12,0.0189833333333333
"1411","HIX",2019,2019-07-20,0.0331842105263158
"1412","HIX",2019,2019-07-28,0.0158625
"1413","HIX",2020,2020-05-08,0.0465866666666667
"1414","HIX",2020,2020-05-24,0.04504375
"1415","HIX",2020,2020-06-01,0.0381333333333333
"1416","HIX",2020,2020-06-09,0.0579785714285714
"1417","HIX",2020,2020-06-25,0.0261611111111111
"1418","HIX",2020,2020-07-03,0.0141333333333333
"1419","HIX",2020,2020-07-11,0.01518125
"1420","HIX",2020,2020-07-19,0.0139166666666667
"1421","HIX",2020,2020-07-27,0.0139384615384615
"1422","HIX",2021,2021-05-01,0.0455625
"1423","HIX",2021,2021-05-09,0.0599
"1424","HIX",2021,2021-05-17,0.0501714285714286
"1425","HIX",2021,2021-05-25,0.0489357142857143
"1426","HIX",2021,2021-06-02,0.0277571428571429
"1427","HIX",2021,2021-06-10,0.043475
"1428","HIX",2021,2021-06-18,0.04542
"1429","HIX",2021,2021-06-26,0.0397714285714286
"1430","HIX",2021,2021-07-04,0.0255529411764706
"1431","HIX",2021,2021-07-20,0.0286176470588235
"1432","HIX",2021,2021-07-28,0.02173125
"1433","HIX",2022,2022-05-01,0.0562066666666667
"1434","HIX",2022,2022-05-09,0.05894
"1435","HIX",2022,2022-05-17,0.0281571428571429
"1436","HIX",2022,2022-05-25,0.0489083333333333
"1437","HIX",2022,2022-06-02,0.0387090909090909
"1438","HIX",2022,2022-06-10,0.02100625
"1439","HIX",2022,2022-06-18,0.03192
"1440","HIX",2022,2022-06-26,0.0266727272727273
"1441","HIX",2022,2022-07-04,0.0251583333333333
"1442","HIX",2022,2022-07-12,0.0212533333333333
"1443","HIX",2022,2022-07-20,0.01731
"1444","HIX",2022,2022-07-28,0.017335
"1445","HIX",2023,2023-05-09,0.0426388888888889
"1446","HIX",2023,2023-05-17,0.06069
"1447","HIX",2023,2023-05-25,0.0626545454545454
"1448","HIX",2023,2023-06-02,0.056225
"1449","HIX",2023,2023-06-10,0.0423090909090909
"1450","HIX",2023,2023-06-18,0.0342357142857143
"1451","HIX",2023,2023-07-04,0.0325470588235294
"1452","HIX",2023,2023-07-12,0.0271555555555556
"1453","HIX",2023,2023-07-20,0.0284166666666667
"1454","HIX",2023,2023-07-28,0.02518125
"1455","HIX",2024,2024-05-08,0.04542
"1456","HIX",2024,2024-05-16,0.0436666666666667
"1457","HIX",2024,2024-05-24,0.0451894736842105
"1458","HIX",2024,2024-06-09,0.04463
"1459","HIX",2024,2024-06-17,0.0259
"1460","HIX",2024,2024-06-25,0.02155625
"1461","HIX",2024,2024-07-03,0.0182
"1462","HIX",2024,2024-07-11,0.0074125
"1463","HIX",2024,2024-07-27,0.0267866666666667
"1464","HIX",2025,2025-05-01,0.0294928571428571
"1465","HIX",2025,2025-05-17,0.0367294117647059
"1466","HIX",2025,2025-05-25,0.05435
"1467","HIX",2025,2025-06-02,0.0519066666666667
"1468","HIX",2025,2025-06-10,0.0383666666666667
"1469","HIX",2025,2025-06-18,0.0290888888888889
"1470","HIX",2025,2025-07-04,0.0308705882352941
"1471","HIX",2025,2025-07-12,0.02725625
"1472","HIX",2025,2025-07-20,0.0278625
"1473","HIX",2025,2025-07-28,0.03004
"1474","I1",2013,2013-05-01,0.0273333333333333
"1475","I1",2013,2013-05-09,0.040664
"1476","I1",2013,2013-05-17,0.035775
"1477","I1",2013,2013-05-25,0.0385208333333333
"1478","I1",2013,2013-06-02,0.0301444444444444
"1479","I1",2013,2013-06-10,0.0395
"1480","I1",2013,2013-06-18,0.0349636363636364
"1481","I1",2013,2013-06-26,0.0356608695652174
"1482","I1",2013,2013-07-04,0.0220285714285714
"1483","I1",2013,2013-07-12,0.0406461538461538
"1484","I1",2013,2013-07-20,0.030875
"1485","I1",2013,2013-07-28,0.0322076923076923
"1486","I1",2014,2014-05-01,0.0425961538461538
"1487","I1",2014,2014-05-17,0.0363
"1488","I1",2014,2014-05-25,0.026868
"1489","I1",2014,2014-06-02,0.0336769230769231
"1490","I1",2014,2014-06-10,0.0355789473684211
"1491","I1",2014,2014-06-18,0.0286166666666667
"1492","I1",2014,2014-06-26,0.0248608695652174
"1493","I1",2014,2014-07-04,0.0345777777777778
"1494","I1",2014,2014-07-12,0.0318111111111111
"1495","I1",2014,2014-07-20,0.0341576923076923
"1496","I1",2014,2014-07-28,0.0310217391304348
"1497","I1",2015,2015-05-01,0.0413555555555556
"1498","I1",2015,2015-05-09,0.02517
"1499","I1",2015,2015-05-17,0.0377217391304348
"1500","I1",2015,2015-05-25,0.0278666666666667
"1501","I1",2015,2015-06-10,0.0329958333333333
"1502","I1",2015,2015-06-18,0.02485
"1503","I1",2015,2015-06-26,0.0207619047619048
"1504","I1",2015,2015-07-04,0.0316
"1505","I1",2015,2015-07-12,0.0221
"1506","I1",2015,2015-07-20,0.0224454545454545
"1507","I1",2015,2015-07-28,0.0213176470588235
"1508","I1",2016,2016-05-08,0.0312148148148148
"1509","I1",2016,2016-05-16,0.0392909090909091
"1510","I1",2016,2016-05-24,0.03088
"1511","I1",2016,2016-06-01,0.0299962962962963
"1512","I1",2016,2016-06-09,0.031132
"1513","I1",2016,2016-06-17,0.0297962962962963
"1514","I1",2016,2016-06-25,0.0341095238095238
"1515","I1",2016,2016-07-11,0.02239
"1516","I1",2016,2016-07-19,0.0151941176470588
"1517","I1",2016,2016-07-27,0.0196235294117647
"1518","I1",2017,2017-05-01,0.037612
"1519","I1",2017,2017-05-09,0.040162962962963
"1520","I1",2017,2017-05-17,0.030005
"1521","I1",2017,2017-05-25,0.0371307692307692
"1522","I1",2017,2017-06-02,0.0322058823529412
"1523","I1",2017,2017-06-10,0.0375086956521739
"1524","I1",2017,2017-06-18,0.0335217391304348
"1525","I1",2017,2017-06-26,0.0347625
"1526","I1",2017,2017-07-04,0.0338
"1527","I1",2017,2017-07-12,0.0248259259259259
"1528","I1",2017,2017-07-20,0.0122071428571429
"1529","I1",2018,2018-05-01,0.0368954545454545
"1530","I1",2018,2018-05-09,0.0305947368421053
"1531","I1",2018,2018-05-17,0.0314111111111111
"1532","I1",2018,2018-06-02,0.0375083333333333
"1533","I1",2018,2018-06-10,0.0277461538461538
"1534","I1",2018,2018-06-18,0.0272692307692308
"1535","I1",2018,2018-06-26,0.0199352941176471
"1536","I1",2018,2018-07-04,0.02482
"1537","I1",2018,2018-07-12,0.0314347826086957
"1538","I1",2018,2018-07-20,0.0339842105263158
"1539","I1",2018,2018-07-28,0.0202055555555556
"1540","I1",2019,2019-05-01,0.0270681818181818
"1541","I1",2019,2019-05-09,0.0290533333333333
"1542","I1",2019,2019-05-25,0.0322
"1543","I1",2019,2019-06-02,0.02734
"1544","I1",2019,2019-06-10,0.0371148148148148
"1545","I1",2019,2019-06-18,0.0283538461538462
"1546","I1",2019,2019-06-26,0.0259807692307692
"1547","I1",2019,2019-07-04,0.0303388888888889
"1548","I1",2019,2019-07-12,0.0212346153846154
"1549","I1",2019,2019-07-20,0.0325961538461538
"1550","I1",2019,2019-07-28,0.0244818181818182
"1551","I1",2020,2020-05-08,0.0311222222222222
"1552","I1",2020,2020-05-24,0.03815
"1553","I1",2020,2020-06-01,0.0350478260869565
"1554","I1",2020,2020-06-09,0.0415518518518519
"1555","I1",2020,2020-06-25,0.0219
"1556","I1",2020,2020-07-03,0.0260565217391304
"1557","I1",2020,2020-07-11,0.0258111111111111
"1558","I1",2020,2020-07-19,0.0187592592592593
"1559","I1",2020,2020-07-27,0.0204
"1560","I1",2021,2021-05-01,0.0317769230769231
"1561","I1",2021,2021-05-09,0.0361076923076923
"1562","I1",2021,2021-05-17,0.0337884615384615
"1563","I1",2021,2021-05-25,0.0299962962962963
"1564","I1",2021,2021-06-10,0.0338148148148148
"1565","I1",2021,2021-06-18,0.0400296296296296
"1566","I1",2021,2021-06-26,0.0353444444444444
"1567","I1",2021,2021-07-04,0.0289611111111111
"1568","I1",2021,2021-07-20,0.0276888888888889
"1569","I1",2021,2021-07-28,0.0303478260869565
"1570","I1",2022,2022-05-01,0.03175
"1571","I1",2022,2022-05-09,0.0416217391304348
"1572","I1",2022,2022-05-17,0.0235428571428571
"1573","I1",2022,2022-05-25,0.0393555555555556
"1574","I1",2022,2022-06-02,0.0361307692307692
"1575","I1",2022,2022-06-10,0.0241444444444444
"1576","I1",2022,2022-06-18,0.03285
"1577","I1",2022,2022-06-26,0.0168125
"1578","I1",2022,2022-07-04,0.0199384615384615
"1579","I1",2022,2022-07-12,0.0181740740740741
"1580","I1",2022,2022-07-20,0.0156045454545455
"1581","I1",2022,2022-07-28,0.0209740740740741
"1582","I1",2023,2023-05-09,0.030204
"1583","I1",2023,2023-05-17,0.0390916666666667
"1584","I1",2023,2023-05-25,0.0411190476190476
"1585","I1",2023,2023-06-02,0.0398038461538462
"1586","I1",2023,2023-06-10,0.0306133333333333
"1587","I1",2023,2023-06-18,0.0310318181818182
"1588","I1",2023,2023-06-26,0.0290962962962963
"1589","I1",2023,2023-07-04,0.0240571428571429
"1590","I1",2023,2023-07-12,0.0233833333333333
"1591","I1",2023,2023-07-20,0.0278074074074074
"1592","I1",2023,2023-07-28,0.0238176470588235
"1593","I1",2024,2024-05-08,0.0292583333333333
"1594","I1",2024,2024-05-16,0.0230833333333333
"1595","I1",2024,2024-05-24,0.0348814814814815
"1596","I1",2024,2024-06-09,0.0377
"1597","I1",2024,2024-06-17,0.0268041666666667
"1598","I1",2024,2024-06-25,0.0306407407407407
"1599","I1",2024,2024-07-03,0.0256259259259259
"1600","I1",2024,2024-07-11,0.0195769230769231
"1601","I1",2024,2024-07-27,0.0249592592592593
"1602","I1",2025,2025-05-01,0.02201
"1603","I1",2025,2025-05-09,0.030437037037037
"1604","I1",2025,2025-05-17,0.0263074074074074
"1605","I1",2025,2025-06-02,0.03286
"1606","I1",2025,2025-06-10,0.019205
"1607","I1",2025,2025-06-18,0.0291769230769231
"1608","I1",2025,2025-07-04,0.0309615384615385
"1609","I1",2025,2025-07-12,0.02025
"1610","I1",2025,2025-07-20,0.0308
"1611","I1",2025,2025-07-28,0.0281333333333333
"1612","I2",2013,2013-05-01,0.0321722222222222
"1613","I2",2013,2013-05-09,0.0383913043478261
"1614","I2",2013,2013-05-25,0.0377333333333333
"1615","I2",2013,2013-06-02,0.0456
"1616","I2",2013,2013-06-10,0.0378478260869565
"1617","I2",2013,2013-06-18,0.0357590909090909
"1618","I2",2013,2013-06-26,0.0405142857142857
"1619","I2",2013,2013-07-12,0.0367333333333333
"1620","I2",2013,2013-07-20,0.0363842105263158
"1621","I2",2013,2013-07-28,0.04280625
"1622","I2",2014,2014-05-01,0.04175
"1623","I2",2014,2014-05-17,0.0434565217391304
"1624","I2",2014,2014-05-25,0.0299052631578947
"1625","I2",2014,2014-06-02,0.0401260869565217
"1626","I2",2014,2014-06-10,0.03671
"1627","I2",2014,2014-06-18,0.0316928571428571
"1628","I2",2014,2014-06-26,0.0238666666666667
"1629","I2",2014,2014-07-04,0.0407
"1630","I2",2014,2014-07-12,0.0365636363636364
"1631","I2",2014,2014-07-20,0.0282772727272727
"1632","I2",2014,2014-07-28,0.0323681818181818
"1633","I2",2015,2015-05-01,0.0406833333333333
"1634","I2",2015,2015-05-09,0.0352958333333333
"1635","I2",2015,2015-05-17,0.0408714285714286
"1636","I2",2015,2015-06-10,0.0271888888888889
"1637","I2",2015,2015-06-26,0.030425
"1638","I2",2015,2015-07-04,0.0319
"1639","I2",2015,2015-07-12,0.0272857142857143
"1640","I2",2015,2015-07-20,0.0352045454545455
"1641","I2",2015,2015-07-28,0.0269260869565217
"1642","I2",2016,2016-05-08,0.035545
"1643","I2",2016,2016-05-16,0.0363409090909091
"1644","I2",2016,2016-05-24,0.0375619047619048
"1645","I2",2016,2016-06-01,0.0394928571428571
"1646","I2",2016,2016-06-09,0.0348619047619048
"1647","I2",2016,2016-06-17,0.0373
"1648","I2",2016,2016-06-25,0.0329117647058824
"1649","I2",2016,2016-07-11,0.02892
"1650","I2",2016,2016-07-19,0.0194857142857143
"1651","I2",2016,2016-07-27,0.02872
"1652","I2",2017,2017-05-01,0.032335
"1653","I2",2017,2017-05-09,0.0416173913043478
"1654","I2",2017,2017-05-17,0.0304590909090909
"1655","I2",2017,2017-05-25,0.0382272727272727
"1656","I2",2017,2017-06-02,0.0418695652173913
"1657","I2",2017,2017-06-10,0.0343521739130435
"1658","I2",2017,2017-06-18,0.03525
"1659","I2",2017,2017-06-26,0.0415894736842105
"1660","I2",2017,2017-07-04,0.0274391304347826
"1661","I2",2017,2017-07-12,0.02581
"1662","I2",2017,2017-07-20,0.0109666666666667
"1663","I2",2018,2018-05-01,0.0337826086956522
"1664","I2",2018,2018-05-09,0.0320636363636364
"1665","I2",2018,2018-05-17,0.0361952380952381
"1666","I2",2018,2018-05-25,0.0327625
"1667","I2",2018,2018-06-02,0.04305
"1668","I2",2018,2018-06-10,0.0337058823529412
"1669","I2",2018,2018-06-18,0.0315
"1670","I2",2018,2018-06-26,0.021425
"1671","I2",2018,2018-07-04,0.0276521739130435
"1672","I2",2018,2018-07-12,0.0281869565217391
"1673","I2",2018,2018-07-20,0.0320454545454545
"1674","I2",2018,2018-07-28,0.0233368421052632
"1675","I2",2019,2019-05-01,0.0337259259259259
"1676","I2",2019,2019-05-25,0.0344363636363636
"1677","I2",2019,2019-06-02,0.0324642857142857
"1678","I2",2019,2019-06-10,0.0405652173913044
"1679","I2",2019,2019-06-18,0.0329904761904762
"1680","I2",2019,2019-06-26,0.0275363636363636
"1681","I2",2019,2019-07-04,0.0346727272727273
"1682","I2",2019,2019-07-12,0.0298285714285714
"1683","I2",2019,2019-07-20,0.0348105263157895
"1684","I2",2019,2019-07-28,0.0362684210526316
"1685","I2",2020,2020-05-08,0.030536
"1686","I2",2020,2020-05-16,0.0298428571428571
"1687","I2",2020,2020-05-24,0.0431944444444444
"1688","I2",2020,2020-06-01,0.0430166666666667
"1689","I2",2020,2020-06-09,0.0486136363636364
"1690","I2",2020,2020-06-25,0.0234666666666667
"1691","I2",2020,2020-07-03,0.0255
"1692","I2",2020,2020-07-11,0.034995652173913
"1693","I2",2020,2020-07-19,0.0245636363636364
"1694","I2",2020,2020-07-27,0.0279291666666667
"1695","I2",2021,2021-05-01,0.0359578947368421
"1696","I2",2021,2021-05-09,0.0365238095238095
"1697","I2",2021,2021-05-17,0.03190625
"1698","I2",2021,2021-05-25,0.0274875
"1699","I2",2021,2021-06-02,0.030325
"1700","I2",2021,2021-06-10,0.0398842105263158
"1701","I2",2021,2021-06-18,0.0355823529411765
"1702","I2",2021,2021-06-26,0.0315555555555556
"1703","I2",2021,2021-07-04,0.0316428571428571
"1704","I2",2021,2021-07-20,0.0271
"1705","I2",2021,2021-07-28,0.0266
"1706","I2",2022,2022-05-01,0.0308666666666667
"1707","I2",2022,2022-05-09,0.0452227272727273
"1708","I2",2022,2022-05-17,0.0341181818181818
"1709","I2",2022,2022-05-25,0.03838
"1710","I2",2022,2022-06-02,0.0375583333333333
"1711","I2",2022,2022-06-10,0.0207764705882353
"1712","I2",2022,2022-06-18,0.0384095238095238
"1713","I2",2022,2022-06-26,0.031425
"1714","I2",2022,2022-07-04,0.0190210526315789
"1715","I2",2022,2022-07-12,0.0268555555555556
"1716","I2",2022,2022-07-20,0.0185428571428571
"1717","I2",2022,2022-07-28,0.0264
"1718","I2",2023,2023-05-09,0.0323111111111111
"1719","I2",2023,2023-05-17,0.0463857142857143
"1720","I2",2023,2023-05-25,0.04245
"1721","I2",2023,2023-06-02,0.033575
"1722","I2",2023,2023-06-10,0.0367470588235294
"1723","I2",2023,2023-06-18,0.0315619047619048
"1724","I2",2023,2023-06-26,0.0351384615384615
"1725","I2",2023,2023-07-04,0.0279875
"1726","I2",2023,2023-07-12,0.0243636363636364
"1727","I2",2023,2023-07-20,0.0297789473684211
"1728","I2",2023,2023-07-28,0.0251
"1729","I2",2024,2024-05-08,0.0319807692307692
"1730","I2",2024,2024-05-16,0.030884
"1731","I2",2024,2024-05-24,0.0376125
"1732","I2",2024,2024-06-09,0.046495652173913
"1733","I2",2024,2024-06-17,0.0211933333333333
"1734","I2",2024,2024-06-25,0.036325
"1735","I2",2024,2024-07-03,0.0271555555555556
"1736","I2",2024,2024-07-11,0.0268384615384615
"1737","I2",2024,2024-07-19,0.0237615384615385
"1738","I2",2024,2024-07-27,0.0200421052631579
"1739","I2",2025,2025-05-01,0.02815
"1740","I2",2025,2025-05-09,0.0324608695652174
"1741","I2",2025,2025-05-25,0.036808
"1742","I2",2025,2025-06-02,0.0403304347826087
"1743","I2",2025,2025-06-10,0.022725
"1744","I2",2025,2025-06-18,0.0318190476190476
"1745","I2",2025,2025-07-04,0.0264869565217391
"1746","I2",2025,2025-07-12,0.0209222222222222
"1747","I2",2025,2025-07-20,0.02522
"1748","I2",2025,2025-07-28,0.023076
"1749","I3",2013,2013-05-01,0.02575
"1750","I3",2013,2013-05-09,0.0360086956521739
"1751","I3",2013,2013-05-25,0.036925
"1752","I3",2013,2013-06-02,0.04738
"1753","I3",2013,2013-06-10,0.0368578947368421
"1754","I3",2013,2013-06-18,0.0393823529411765
"1755","I3",2013,2013-06-26,0.0437307692307692
"1756","I3",2013,2013-07-04,0.031
"1757","I3",2013,2013-07-12,0.0397823529411765
"1758","I3",2013,2013-07-20,0.0360090909090909
"1759","I3",2013,2013-07-28,0.0437117647058824
"1760","I3",2014,2014-05-01,0.0377333333333333
"1761","I3",2014,2014-05-17,0.0448714285714286
"1762","I3",2014,2014-05-25,0.0326173913043478
"1763","I3",2014,2014-06-02,0.0425090909090909
"1764","I3",2014,2014-06-10,0.0360125
"1765","I3",2014,2014-06-18,0.034995
"1766","I3",2014,2014-06-26,0.0317363636363636
"1767","I3",2014,2014-07-04,0.0426272727272727
"1768","I3",2014,2014-07-12,0.039852380952381
"1769","I3",2014,2014-07-20,0.0288058823529412
"1770","I3",2014,2014-07-28,0.0359782608695652
"1771","I3",2015,2015-05-01,0.0409181818181818
"1772","I3",2015,2015-05-09,0.0365833333333333
"1773","I3",2015,2015-05-17,0.0437818181818182
"1774","I3",2015,2015-06-10,0.0303266666666667
"1775","I3",2015,2015-06-18,0.0208666666666667
"1776","I3",2015,2015-06-26,0.0331
"1777","I3",2015,2015-07-12,0.027705
"1778","I3",2015,2015-07-20,0.0389869565217391
"1779","I3",2015,2015-07-28,0.0306666666666667
"1780","I3",2016,2016-05-08,0.0350466666666667
"1781","I3",2016,2016-05-16,0.0389272727272727
"1782","I3",2016,2016-05-24,0.039835
"1783","I3",2016,2016-06-01,0.0460875
"1784","I3",2016,2016-06-09,0.0389954545454545
"1785","I3",2016,2016-06-17,0.0387666666666667
"1786","I3",2016,2016-06-25,0.0366
"1787","I3",2016,2016-07-11,0.03038125
"1788","I3",2016,2016-07-19,0.0218466666666667
"1789","I3",2016,2016-07-27,0.02793125
"1790","I3",2017,2017-05-01,0.0324260869565217
"1791","I3",2017,2017-05-09,0.0449434782608696
"1792","I3",2017,2017-05-17,0.0319333333333333
"1793","I3",2017,2017-05-25,0.0412125
"1794","I3",2017,2017-06-02,0.0456833333333333
"1795","I3",2017,2017-06-10,0.0388157894736842
"1796","I3",2017,2017-06-18,0.0407736842105263
"1797","I3",2017,2017-06-26,0.0452090909090909
"1798","I3",2017,2017-07-04,0.0303470588235294
"1799","I3",2017,2017-07-12,0.0304958333333333
"1800","I3",2017,2017-07-20,0.0154
"1801","I3",2018,2018-05-01,0.0347272727272727
"1802","I3",2018,2018-05-09,0.0337047619047619
"1803","I3",2018,2018-05-17,0.0407590909090909
"1804","I3",2018,2018-05-25,0.0339454545454545
"1805","I3",2018,2018-06-02,0.0466772727272727
"1806","I3",2018,2018-06-10,0.0390388888888889
"1807","I3",2018,2018-06-18,0.0343
"1808","I3",2018,2018-06-26,0.0257733333333333
"1809","I3",2018,2018-07-04,0.033295
"1810","I3",2018,2018-07-12,0.0301434782608696
"1811","I3",2018,2018-07-20,0.0176857142857143
"1812","I3",2018,2018-07-28,0.0269
"1813","I3",2019,2019-05-01,0.0369809523809524
"1814","I3",2019,2019-05-09,0.0303421052631579
"1815","I3",2019,2019-05-25,0.0395375
"1816","I3",2019,2019-06-02,0.0358666666666667
"1817","I3",2019,2019-06-10,0.04525
"1818","I3",2019,2019-06-18,0.0341444444444444
"1819","I3",2019,2019-06-26,0.0305117647058824
"1820","I3",2019,2019-07-04,0.0342684210526316
"1821","I3",2019,2019-07-12,0.0325086956521739
"1822","I3",2019,2019-07-20,0.03432
"1823","I3",2019,2019-07-28,0.0418714285714286
"1824","I3",2020,2020-05-08,0.0295954545454545
"1825","I3",2020,2020-05-24,0.0466647058823529
"1826","I3",2020,2020-06-01,0.0467681818181818
"1827","I3",2020,2020-06-09,0.0511217391304348
"1828","I3",2020,2020-06-25,0.0296
"1829","I3",2020,2020-07-03,0.0281142857142857
"1830","I3",2020,2020-07-11,0.0390052631578947
"1831","I3",2020,2020-07-19,0.0298047619047619
"1832","I3",2020,2020-07-27,0.0303631578947368
"1833","I3",2021,2021-05-01,0.035495652173913
"1834","I3",2021,2021-05-09,0.03681875
"1835","I3",2021,2021-05-17,0.0358666666666667
"1836","I3",2021,2021-05-25,0.0288842105263158
"1837","I3",2021,2021-06-02,0.0303913043478261
"1838","I3",2021,2021-06-10,0.044025
"1839","I3",2021,2021-06-18,0.0367047619047619
"1840","I3",2021,2021-06-26,0.0351913043478261
"1841","I3",2021,2021-07-04,0.0350411764705882
"1842","I3",2021,2021-07-20,0.0305684210526316
"1843","I3",2021,2021-07-28,0.0315636363636364
"1844","I3",2022,2022-05-01,0.032288
"1845","I3",2022,2022-05-09,0.0479086956521739
"1846","I3",2022,2022-05-17,0.03975625
"1847","I3",2022,2022-05-25,0.0397666666666667
"1848","I3",2022,2022-06-02,0.043035
"1849","I3",2022,2022-06-10,0.0232083333333333
"1850","I3",2022,2022-06-18,0.0418095238095238
"1851","I3",2022,2022-06-26,0.03191
"1852","I3",2022,2022-07-04,0.0209111111111111
"1853","I3",2022,2022-07-12,0.0335578947368421
"1854","I3",2022,2022-07-20,0.0200631578947368
"1855","I3",2022,2022-07-28,0.0279
"1856","I3",2023,2023-05-09,0.0360916666666667
"1857","I3",2023,2023-05-17,0.05055
"1858","I3",2023,2023-05-25,0.0451521739130435
"1859","I3",2023,2023-06-02,0.0383652173913044
"1860","I3",2023,2023-06-10,0.0416869565217391
"1861","I3",2023,2023-06-18,0.0334217391304348
"1862","I3",2023,2023-06-26,0.0395181818181818
"1863","I3",2023,2023-07-04,0.029195652173913
"1864","I3",2023,2023-07-12,0.0261894736842105
"1865","I3",2023,2023-07-20,0.03125
"1866","I3",2023,2023-07-28,0.028635
"1867","I3",2024,2024-05-08,0.0335863636363636
"1868","I3",2024,2024-05-16,0.0336
"1869","I3",2024,2024-05-24,0.0409652173913043
"1870","I3",2024,2024-06-09,0.0514142857142857
"1871","I3",2024,2024-06-17,0.0296222222222222
"1872","I3",2024,2024-06-25,0.041475
"1873","I3",2024,2024-07-03,0.0271714285714286
"1874","I3",2024,2024-07-11,0.025532
"1875","I3",2024,2024-07-19,0.02701
"1876","I3",2024,2024-07-27,0.0213666666666667
"1877","I3",2025,2025-05-01,0.029325
"1878","I3",2025,2025-05-09,0.0356434782608696
"1879","I3",2025,2025-05-25,0.03678
"1880","I3",2025,2025-06-02,0.0428
"1881","I3",2025,2025-06-10,0.02012
"1882","I3",2025,2025-06-18,0.0350590909090909
"1883","I3",2025,2025-07-04,0.0274833333333333
"1884","I3",2025,2025-07-12,0.020647619047619
"1885","I3",2025,2025-07-20,0.0231125
"1886","I4",2013,2013-05-01,0.0201625
"1887","I4",2013,2013-05-09,0.0309705882352941
"1888","I4",2013,2013-05-17,0.0359
"1889","I4",2013,2013-05-25,0.02767
"1890","I4",2013,2013-06-02,0.04981875
"1891","I4",2013,2013-06-10,0.03775
"1892","I4",2013,2013-06-18,0.0354764705882353
"1893","I4",2013,2013-06-26,0.0323071428571429
"1894","I4",2013,2013-07-04,0.0265727272727273
"1895","I4",2013,2013-07-12,0.0451875
"1896","I4",2013,2013-07-20,0.0422882352941176
"1897","I4",2013,2013-07-28,0.0473555555555556
"1898","I4",2014,2014-05-01,0.0292157894736842
"1899","I4",2014,2014-05-17,0.0387125
"1900","I4",2014,2014-05-25,0.0434769230769231
"1901","I4",2014,2014-06-02,0.0427809523809524
"1902","I4",2014,2014-06-10,0.0474
"1903","I4",2014,2014-06-18,0.0273214285714286
"1904","I4",2014,2014-06-26,0.0356923076923077
"1905","I4",2014,2014-07-04,0.0492647058823529
"1906","I4",2014,2014-07-12,0.04821
"1907","I4",2014,2014-07-20,0.0352142857142857
"1908","I4",2014,2014-07-28,0.0463866666666667
"1909","I4",2015,2015-05-01,0.0374142857142857
"1910","I4",2015,2015-05-09,0.03065
"1911","I4",2015,2015-05-17,0.0384888888888889
"1912","I4",2015,2015-05-25,0.0299263157894737
"1913","I4",2015,2015-06-10,0.0280681818181818
"1914","I4",2015,2015-06-18,0.031675
"1915","I4",2015,2015-06-26,0.0427333333333333
"1916","I4",2015,2015-07-04,0.03455
"1917","I4",2015,2015-07-12,0.0293166666666667
"1918","I4",2015,2015-07-20,0.0347105263157895
"1919","I4",2015,2015-07-28,0.0439384615384615
"1920","I4",2016,2016-05-08,0.0292
"1921","I4",2016,2016-05-16,0.0410058823529412
"1922","I4",2016,2016-05-24,0.04
"1923","I4",2016,2016-06-01,0.0426588235294118
"1924","I4",2016,2016-06-09,0.0381
"1925","I4",2016,2016-06-17,0.0463294117647059
"1926","I4",2016,2016-06-25,0.0490875
"1927","I4",2016,2016-07-11,0.03946
"1928","I4",2016,2016-07-19,0.0310777777777778
"1929","I4",2016,2016-07-27,0.03801875
"1930","I4",2017,2017-05-01,0.025144
"1931","I4",2017,2017-05-09,0.04425
"1932","I4",2017,2017-05-17,0.0325105263157895
"1933","I4",2017,2017-05-25,0.0535294117647059
"1934","I4",2017,2017-06-02,0.0475611111111111
"1935","I4",2017,2017-06-10,0.03576
"1936","I4",2017,2017-06-18,0.0454266666666667
"1937","I4",2017,2017-06-26,0.0474421052631579
"1938","I4",2017,2017-07-04,0.0321461538461538
"1939","I4",2017,2017-07-12,0.04334375
"1940","I4",2017,2017-07-20,0.0340631578947368
"1941","I4",2018,2018-05-01,0.0356333333333333
"1942","I4",2018,2018-05-09,0.0296631578947368
"1943","I4",2018,2018-05-17,0.0426647058823529
"1944","I4",2018,2018-05-25,0.0305125
"1945","I4",2018,2018-06-02,0.0473333333333333
"1946","I4",2018,2018-06-10,0.02798125
"1947","I4",2018,2018-06-18,0.03605
"1948","I4",2018,2018-06-26,0.03576875
"1949","I4",2018,2018-07-04,0.0436294117647059
"1950","I4",2018,2018-07-12,0.0411823529411765
"1951","I4",2018,2018-07-20,0.04065
"1952","I4",2018,2018-07-28,0.03680625
"1953","I4",2019,2019-05-01,0.0326045454545455
"1954","I4",2019,2019-05-09,0.02396
"1955","I4",2019,2019-05-25,0.0306
"1956","I4",2019,2019-06-02,0.0424117647058824
"1957","I4",2019,2019-06-10,0.0380875
"1958","I4",2019,2019-06-18,0.0389388888888889
"1959","I4",2019,2019-06-26,0.0283157894736842
"1960","I4",2019,2019-07-04,0.03668125
"1961","I4",2019,2019-07-12,0.0339833333333333
"1962","I4",2019,2019-07-20,0.0368944444444444
"1963","I4",2019,2019-07-28,0.0457235294117647
"1964","I4",2020,2020-05-08,0.027376
"1965","I4",2020,2020-05-16,0.020725
"1966","I4",2020,2020-05-24,0.0426714285714286
"1967","I4",2020,2020-06-01,0.0419071428571429
"1968","I4",2020,2020-06-09,0.053575
"1969","I4",2020,2020-06-25,0.0286809523809524
"1970","I4",2020,2020-07-03,0.0297722222222222
"1971","I4",2020,2020-07-11,0.0422466666666667
"1972","I4",2020,2020-07-19,0.0300277777777778
"1973","I4",2020,2020-07-27,0.0355333333333333
"1974","I4",2021,2021-05-01,0.0255636363636364
"1975","I4",2021,2021-05-09,0.0301142857142857
"1976","I4",2021,2021-05-17,0.0249
"1977","I4",2021,2021-05-25,0.0294818181818182
"1978","I4",2021,2021-06-02,0.0362625
"1979","I4",2021,2021-06-10,0.0407133333333333
"1980","I4",2021,2021-06-18,0.0304666666666667
"1981","I4",2021,2021-06-26,0.04272
"1982","I4",2021,2021-07-04,0.034
"1983","I4",2021,2021-07-20,0.0382785714285714
"1984","I4",2021,2021-07-28,0.0351
"1985","I4",2022,2022-05-01,0.027616
"1986","I4",2022,2022-05-09,0.0416058823529412
"1987","I4",2022,2022-05-17,0.0356076923076923
"1988","I4",2022,2022-05-25,0.03794375
"1989","I4",2022,2022-06-02,0.04448
"1990","I4",2022,2022-06-10,0.0286894736842105
"1991","I4",2022,2022-06-18,0.04434375
"1992","I4",2022,2022-06-26,0.04204375
"1993","I4",2022,2022-07-04,0.02814
"1994","I4",2022,2022-07-12,0.0402214285714286
"1995","I4",2022,2022-07-20,0.02922
"1996","I4",2022,2022-07-28,0.0370388888888889
"1997","I4",2023,2023-05-09,0.0323666666666667
"1998","I4",2023,2023-05-17,0.0441176470588235
"1999","I4",2023,2023-05-25,0.0414625
"2000","I4",2023,2023-06-02,0.0397333333333333
"2001","I4",2023,2023-06-10,0.0377555555555556
"2002","I4",2023,2023-06-18,0.0385789473684211
"2003","I4",2023,2023-06-26,0.0301
"2004","I4",2023,2023-07-04,0.0402666666666667
"2005","I4",2023,2023-07-12,0.0390166666666667
"2006","I4",2023,2023-07-20,0.03389375
"2007","I4",2023,2023-07-28,0.0360894736842105
"2008","I4",2024,2024-05-08,0.0391142857142857
"2009","I4",2024,2024-05-16,0.0354333333333333
"2010","I4",2024,2024-05-24,0.0389266666666667
"2011","I4",2024,2024-06-09,0.0529533333333333
"2012","I4",2024,2024-06-17,0.0228285714285714
"2013","I4",2024,2024-06-25,0.0383
"2014","I4",2024,2024-07-03,0.0337666666666667
"2015","I4",2024,2024-07-11,0.0349
"2016","I4",2024,2024-07-19,0.0371954545454545
"2017","I4",2024,2024-07-27,0.0268789473684211
"2018","I4",2025,2025-05-01,0.0204
"2019","I4",2025,2025-05-09,0.0338695652173913
"2020","I4",2025,2025-05-17,0.0359125
"2021","I4",2025,2025-05-25,0.0362571428571429
"2022","I4",2025,2025-06-02,0.0402533333333333
"2023","I4",2025,2025-06-10,0.02949
"2024","I4",2025,2025-06-18,0.03220625
"2025","I4",2025,2025-07-04,0.0342263157894737
"2026","I4",2025,2025-07-12,0.02763
"2027","I4",2025,2025-07-20,0.0233266666666667
"2028","I4",2025,2025-07-28,0.0329473684210526
"2029","ICH",2013,2013-05-01,0.0300272727272727
"2030","ICH",2013,2013-05-09,0.0368739130434783
"2031","ICH",2013,2013-05-17,0.0267047619047619
"2032","ICH",2013,2013-05-25,0.0208388888888889
"2033","ICH",2013,2013-06-02,0.0142214285714286
"2034","ICH",2013,2013-06-10,0.0128307692307692
"2035","ICH",2013,2013-06-18,0.0226571428571429
"2036","ICH",2013,2013-06-26,0.011675
"2037","ICH",2013,2013-07-04,0.0199625
"2038","ICH",2013,2013-07-12,0.02845
"2039","ICH",2013,2013-07-20,0.0265071428571429
"2040","ICH",2013,2013-07-28,0.0223071428571429
"2041","ICH",2014,2014-05-01,0.0336714285714286
"2042","ICH",2014,2014-05-17,0.0421130434782609
"2043","ICH",2014,2014-05-25,0.017
"2044","ICH",2014,2014-06-02,0.0318916666666667
"2045","ICH",2014,2014-06-10,0.0362318181818182
"2046","ICH",2014,2014-06-18,0.01987
"2047","ICH",2014,2014-06-26,0.0151826086956522
"2048","ICH",2014,2014-07-04,0.0209352941176471
"2049","ICH",2014,2014-07-12,0.0195818181818182
"2050","ICH",2014,2014-07-20,0.0220090909090909
"2051","ICH",2014,2014-07-28,0.0188642857142857
"2052","ICH",2015,2015-05-01,0.0444695652173913
"2053","ICH",2015,2015-05-09,0.0241
"2054","ICH",2015,2015-05-17,0.0304521739130435
"2055","ICH",2015,2015-05-25,0.0208214285714286
"2056","ICH",2015,2015-06-10,0.00865217391304348
"2057","ICH",2015,2015-06-18,-0.00343478260869565
"2058","ICH",2015,2015-06-26,0.01409375
"2059","ICH",2015,2015-07-04,0.00624090909090909
"2060","ICH",2015,2015-07-12,-0.0121809523809524
"2061","ICH",2015,2015-07-20,0.00254090909090909
"2062","ICH",2015,2015-07-28,-0.00596666666666667
"2063","ICH",2016,2016-05-08,0.0303739130434783
"2064","ICH",2016,2016-05-16,0.0261571428571429
"2065","ICH",2016,2016-05-24,0.0201111111111111
"2066","ICH",2016,2016-06-01,0.0127181818181818
"2067","ICH",2016,2016-06-09,0.0128909090909091
"2068","ICH",2016,2016-06-17,0.02604
"2069","ICH",2016,2016-06-25,0.00891428571428571
"2070","ICH",2016,2016-07-11,-0.00134545454545455
"2071","ICH",2016,2016-07-19,-0.00286111111111111
"2072","ICH",2016,2016-07-27,-0.000669565217391304
"2073","ICH",2017,2017-05-01,0.0214782608695652
"2074","ICH",2017,2017-05-09,0.0162666666666667
"2075","ICH",2017,2017-05-17,0.00863636363636364
"2076","ICH",2017,2017-05-25,0.0144681818181818
"2077","ICH",2017,2017-06-02,0.01635
"2078","ICH",2017,2017-06-10,0.0194130434782609
"2079","ICH",2017,2017-06-18,0.01859375
"2080","ICH",2017,2017-06-26,0.0206095238095238
"2081","ICH",2017,2017-07-04,0.0181695652173913
"2082","ICH",2017,2017-07-12,0.01789
"2083","ICH",2017,2017-07-20,0.0180181818181818
"2084","ICH",2018,2018-05-01,0.0329173913043478
"2085","ICH",2018,2018-05-09,0.0138727272727273
"2086","ICH",2018,2018-05-17,0.01482
"2087","ICH",2018,2018-05-25,0.0193642857142857
"2088","ICH",2018,2018-06-02,0.0219588235294118
"2089","ICH",2018,2018-06-10,0.0202272727272727
"2090","ICH",2018,2018-06-18,0.01662
"2091","ICH",2018,2018-06-26,0.0161666666666667
"2092","ICH",2018,2018-07-04,0.017945
"2093","ICH",2018,2018-07-12,0.00763333333333333
"2094","ICH",2018,2018-07-20,0.015
"2095","ICH",2018,2018-07-28,0.0108333333333333
"2096","ICH",2019,2019-05-01,0.0305238095238095
"2097","ICH",2019,2019-05-09,0.0308071428571429
"2098","ICH",2019,2019-05-25,0.00877
"2099","ICH",2019,2019-06-02,0.00792857142857143
"2100","ICH",2019,2019-06-10,0.016705
"2101","ICH",2019,2019-06-18,0.0124842105263158
"2102","ICH",2019,2019-06-26,0.0113454545454545
"2103","ICH",2019,2019-07-04,0.00842307692307692
"2104","ICH",2019,2019-07-12,0.00572941176470588
"2105","ICH",2019,2019-07-20,0.0180590909090909
"2106","ICH",2019,2019-07-28,0.00352380952380952
"2107","ICH",2020,2020-05-08,0.0375714285714286
"2108","ICH",2020,2020-05-16,0.0263809523809524
"2109","ICH",2020,2020-05-24,0.0215111111111111
"2110","ICH",2020,2020-06-01,0.02065
"2111","ICH",2020,2020-06-09,0.0367
"2112","ICH",2020,2020-06-25,0.0111363636363636
"2113","ICH",2020,2020-07-11,0.00896956521739131
"2114","ICH",2020,2020-07-19,0.00998571428571429
"2115","ICH",2020,2020-07-27,0.00640588235294118
"2116","ICH",2021,2021-05-01,0.0300478260869565
"2117","ICH",2021,2021-05-09,0.0375769230769231
"2118","ICH",2021,2021-05-17,0.0422571428571429
"2119","ICH",2021,2021-05-25,0.037025
"2120","ICH",2021,2021-06-02,0.0114260869565217
"2121","ICH",2021,2021-06-10,0.0178421052631579
"2122","ICH",2021,2021-06-18,0.0192466666666667
"2123","ICH",2021,2021-06-26,0.02265
"2124","ICH",2021,2021-07-04,0.0235857142857143
"2125","ICH",2021,2021-07-20,0.01865
"2126","ICH",2021,2021-07-28,0.01741
"2127","ICH",2022,2022-05-01,0.0266782608695652
"2128","ICH",2022,2022-05-09,0.02688
"2129","ICH",2022,2022-05-17,0.0133304347826087
"2130","ICH",2022,2022-05-25,0.0219409090909091
"2131","ICH",2022,2022-06-02,0.0152863636363636
"2132","ICH",2022,2022-06-10,0.0105333333333333
"2133","ICH",2022,2022-06-18,-0.0022695652173913
"2134","ICH",2022,2022-06-26,0.00923636363636364
"2135","ICH",2022,2022-07-04,0.00208421052631579
"2136","ICH",2022,2022-07-12,0.01399375
"2137","ICH",2022,2022-07-20,0.0104611111111111
"2138","ICH",2022,2022-07-28,0.00676
"2139","ICH",2023,2023-05-09,0.0260875
"2140","ICH",2023,2023-05-25,0.0436846153846154
"2141","ICH",2023,2023-06-02,0.036845
"2142","ICH",2023,2023-06-10,0.019725
"2143","ICH",2023,2023-06-18,0.02695625
"2144","ICH",2023,2023-06-26,0.0311727272727273
"2145","ICH",2023,2023-07-04,0.0280466666666667
"2146","ICH",2023,2023-07-12,0.01972
"2147","ICH",2023,2023-07-20,0.0160347826086957
"2148","ICH",2023,2023-07-28,0.0223785714285714
"2149","ICH",2024,2024-05-16,0.0262142857142857
"2150","ICH",2024,2024-05-24,0.0300941176470588
"2151","ICH",2024,2024-06-09,0.0251363636363636
"2152","ICH",2024,2024-06-17,0.0148739130434783
"2153","ICH",2024,2024-06-25,0.0132470588235294
"2154","ICH",2024,2024-07-03,0.0102833333333333
"2155","ICH",2024,2024-07-11,0.0104
"2156","ICH",2024,2024-07-19,0.01278125
"2157","ICH",2024,2024-07-27,0.0129111111111111
"2158","ICH",2025,2025-05-01,0.0227052631578947
"2159","ICH",2025,2025-05-09,0.0277909090909091
"2160","ICH",2025,2025-05-17,0.02316
"2161","ICH",2025,2025-05-25,0.02575
"2162","ICH",2025,2025-06-02,0.0258833333333333
"2163","ICH",2025,2025-06-10,0.0220166666666667
"2164","ICH",2025,2025-06-18,0.0207818181818182
"2165","ICH",2025,2025-07-04,0.00876923076923077
"2166","ICH",2025,2025-07-12,0.0127272727272727
"2167","ICH",2025,2025-07-20,0.0158681818181818
"2168","ICH",2025,2025-07-28,0.007
"2169","KAN",2013,2013-05-01,0.014444
"2170","KAN",2013,2013-05-09,0.0164333333333333
"2171","KAN",2013,2013-05-17,0.022352
"2172","KAN",2013,2013-05-25,0.0112
"2173","KAN",2013,2013-06-02,0.0369076923076923
"2174","KAN",2013,2013-06-10,0.0296705882352941
"2175","KAN",2013,2013-06-18,0.0296083333333333
"2176","KAN",2013,2013-06-26,0.032576
"2177","KAN",2013,2013-07-04,0.0293
"2178","KAN",2013,2013-07-12,0.0406884615384615
"2179","KAN",2013,2013-07-20,0.0455304347826087
"2180","KAN",2013,2013-07-28,0.0488
"2181","KAN",2014,2014-05-01,0.0134807692307692
"2182","KAN",2014,2014-05-17,0.0267
"2183","KAN",2014,2014-05-25,0.0294
"2184","KAN",2014,2014-06-02,0.0352153846153846
"2185","KAN",2014,2014-06-10,0.0374105263157895
"2186","KAN",2014,2014-06-18,0.027644
"2187","KAN",2014,2014-06-26,0.0417615384615385
"2188","KAN",2014,2014-07-04,0.045396
"2189","KAN",2014,2014-07-12,0.043408
"2190","KAN",2014,2014-07-20,0.04008
"2191","KAN",2014,2014-07-28,0.045748
"2192","KAN",2015,2015-05-01,0.017444
"2193","KAN",2015,2015-05-09,0.0198217391304348
"2194","KAN",2015,2015-05-17,0.026932
"2195","KAN",2015,2015-05-25,0.0297461538461538
"2196","KAN",2015,2015-06-10,0.0235772727272727
"2197","KAN",2015,2015-06-18,0.028955
"2198","KAN",2015,2015-06-26,0.043815
"2199","KAN",2015,2015-07-04,0.03324
"2200","KAN",2015,2015-07-12,0.0238833333333333
"2201","KAN",2015,2015-07-20,0.0340095238095238
"2202","KAN",2015,2015-07-28,0.0388636363636364
"2203","KAN",2016,2016-05-08,0.02505
"2204","KAN",2016,2016-05-16,0.0307807692307692
"2205","KAN",2016,2016-05-24,0.0329653846153846
"2206","KAN",2016,2016-06-01,0.043704
"2207","KAN",2016,2016-06-09,0.0351809523809524
"2208","KAN",2016,2016-06-17,0.0456409090909091
"2209","KAN",2016,2016-06-25,0.0429884615384615
"2210","KAN",2016,2016-07-11,0.038084
"2211","KAN",2016,2016-07-19,0.0299857142857143
"2212","KAN",2016,2016-07-27,0.03652
"2213","KAN",2017,2017-05-01,0.0216269230769231
"2214","KAN",2017,2017-05-09,0.0333538461538462
"2215","KAN",2017,2017-05-17,0.028188
"2216","KAN",2017,2017-05-25,0.047824
"2217","KAN",2017,2017-06-02,0.0465961538461538
"2218","KAN",2017,2017-06-10,0.0282428571428571
"2219","KAN",2017,2017-06-18,0.0477291666666667
"2220","KAN",2017,2017-06-26,0.0443894736842105
"2221","KAN",2017,2017-07-04,0.0324416666666667
"2222","KAN",2017,2017-07-12,0.0408391304347826
"2223","KAN",2017,2017-07-20,0.0384423076923077
"2224","KAN",2018,2018-05-01,0.0183307692307692
"2225","KAN",2018,2018-05-09,0.0239791666666667
"2226","KAN",2018,2018-05-17,0.0315653846153846
"2227","KAN",2018,2018-05-25,0.0342192307692308
"2228","KAN",2018,2018-06-02,0.0401307692307692
"2229","KAN",2018,2018-06-10,0.028905
"2230","KAN",2018,2018-06-18,0.041135
"2231","KAN",2018,2018-06-26,0.0375769230769231
"2232","KAN",2018,2018-07-04,0.048404
"2233","KAN",2018,2018-07-12,0.0434692307692308
"2234","KAN",2018,2018-07-20,0.0389913043478261
"2235","KAN",2018,2018-07-28,0.034932
"2236","KAN",2019,2019-05-01,0.0152807692307692
"2237","KAN",2019,2019-05-25,0.0296565217391304
"2238","KAN",2019,2019-06-02,0.0358961538461538
"2239","KAN",2019,2019-06-10,0.0351730769230769
"2240","KAN",2019,2019-06-18,0.0338615384615385
"2241","KAN",2019,2019-06-26,0.0229222222222222
"2242","KAN",2019,2019-07-04,0.0333238095238095
"2243","KAN",2019,2019-07-12,0.0344153846153846
"2244","KAN",2019,2019-07-20,0.0400307692307692
"2245","KAN",2019,2019-07-28,0.0424913043478261
"2246","KAN",2020,2020-05-08,0.0144555555555556
"2247","KAN",2020,2020-05-16,0.0214461538461538
"2248","KAN",2020,2020-05-24,0.0378115384615385
"2249","KAN",2020,2020-06-01,0.0355346153846154
"2250","KAN",2020,2020-06-09,0.049664
"2251","KAN",2020,2020-06-25,0.031975
"2252","KAN",2020,2020-07-03,0.0330230769230769
"2253","KAN",2020,2020-07-11,0.0430307692307692
"2254","KAN",2020,2020-07-19,0.0413208333333333
"2255","KAN",2020,2020-07-27,0.0365307692307692
"2256","KAN",2021,2021-05-01,0.0187458333333333
"2257","KAN",2021,2021-05-09,0.0192346153846154
"2258","KAN",2021,2021-05-17,0.0227
"2259","KAN",2021,2021-05-25,0.0273961538461538
"2260","KAN",2021,2021-06-02,0.0364391304347826
"2261","KAN",2021,2021-06-10,0.0432666666666667
"2262","KAN",2021,2021-06-18,0.02548
"2263","KAN",2021,2021-06-26,0.032304
"2264","KAN",2021,2021-07-04,0.0371769230769231
"2265","KAN",2021,2021-07-20,0.0367941176470588
"2266","KAN",2021,2021-07-28,0.0413384615384615
"2267","KAN",2022,2022-05-01,0.0139277777777778
"2268","KAN",2022,2022-05-09,0.025872
"2269","KAN",2022,2022-05-17,0.0309961538461538
"2270","KAN",2022,2022-05-25,0.035012
"2271","KAN",2022,2022-06-02,0.0469571428571429
"2272","KAN",2022,2022-06-10,0.0366884615384615
"2273","KAN",2022,2022-06-18,0.0456076923076923
"2274","KAN",2022,2022-06-26,0.0437961538461538
"2275","KAN",2022,2022-07-04,0.0358083333333333
"2276","KAN",2022,2022-07-12,0.0386307692307692
"2277","KAN",2022,2022-07-20,0.0334038461538462
"2278","KAN",2022,2022-07-28,0.0359666666666667
"2279","KAN",2023,2023-05-09,0.0259875
"2280","KAN",2023,2023-05-17,0.03775
"2281","KAN",2023,2023-05-25,0.036084
"2282","KAN",2023,2023-06-02,0.0407192307692308
"2283","KAN",2023,2023-06-10,0.0363736842105263
"2284","KAN",2023,2023-06-18,0.04045
"2285","KAN",2023,2023-06-26,0.028916
"2286","KAN",2023,2023-07-04,0.0448730769230769
"2287","KAN",2023,2023-07-12,0.041275
"2288","KAN",2023,2023-07-20,0.039448
"2289","KAN",2023,2023-07-28,0.0376807692307692
"2290","KAN",2024,2024-05-08,0.0240571428571429
"2291","KAN",2024,2024-05-16,0.0409615384615385
"2292","KAN",2024,2024-05-24,0.0468846153846154
"2293","KAN",2024,2024-06-09,0.0522076923076923
"2294","KAN",2024,2024-06-17,0.03978
"2295","KAN",2024,2024-06-25,0.0357130434782609
"2296","KAN",2024,2024-07-03,0.0381769230769231
"2297","KAN",2024,2024-07-11,0.0373461538461538
"2298","KAN",2024,2024-07-19,0.0442291666666667
"2299","KAN",2024,2024-07-27,0.0246478260869565
"2300","KAN",2025,2025-05-01,0.016276
"2301","KAN",2025,2025-05-09,0.0318807692307692
"2302","KAN",2025,2025-05-17,0.0250608695652174
"2303","KAN",2025,2025-05-25,0.0419192307692308
"2304","KAN",2025,2025-06-02,0.0438346153846154
"2305","KAN",2025,2025-06-10,0.0361875
"2306","KAN",2025,2025-06-18,0.0349153846153846
"2307","KAN",2025,2025-07-04,0.0381
"2308","KAN",2025,2025-07-12,0.0355307692307692
"2309","KAN",2025,2025-07-20,0.0215307692307692
"2310","KAN",2025,2025-07-28,0.0378230769230769
"2311","N1",2013,2013-05-01,0.0172695652173913
"2312","N1",2013,2013-05-09,0.018276
"2313","N1",2013,2013-05-17,0.0239653846153846
"2314","N1",2013,2013-05-25,0.0222
"2315","N1",2013,2013-06-02,0.0406111111111111
"2316","N1",2013,2013-06-10,0.0378916666666667
"2317","N1",2013,2013-06-18,0.0327814814814815
"2318","N1",2013,2013-06-26,0.0383347826086956
"2319","N1",2013,2013-07-04,0.0323684210526316
"2320","N1",2013,2013-07-12,0.040052380952381
"2321","N1",2013,2013-07-20,0.0440458333333333
"2322","N1",2013,2013-07-28,0.0442041666666667
"2323","N1",2014,2014-05-01,0.0141518518518519
"2324","N1",2014,2014-05-17,0.0260391304347826
"2325","N1",2014,2014-05-25,0.0336
"2326","N1",2014,2014-06-02,0.0388296296296296
"2327","N1",2014,2014-06-10,0.0416703703703704
"2328","N1",2014,2014-06-18,0.029852
"2329","N1",2014,2014-06-26,0.0450777777777778
"2330","N1",2014,2014-07-04,0.0507791666666667
"2331","N1",2014,2014-07-12,0.0345444444444444
"2332","N1",2014,2014-07-20,0.0434428571428571
"2333","N1",2014,2014-07-28,0.0452833333333333
"2334","N1",2015,2015-05-01,0.0154136363636364
"2335","N1",2015,2015-05-09,0.01865
"2336","N1",2015,2015-05-17,0.0238814814814815
"2337","N1",2015,2015-05-25,0.0270888888888889
"2338","N1",2015,2015-06-10,0.0215333333333333
"2339","N1",2015,2015-06-18,0.0224565217391304
"2340","N1",2015,2015-06-26,0.0330272727272727
"2341","N1",2015,2015-07-04,0.0304307692307692
"2342","N1",2015,2015-07-20,0.0296333333333333
"2343","N1",2015,2015-07-28,0.0353869565217391
"2344","N1",2016,2016-05-08,0.0245875
"2345","N1",2016,2016-05-16,0.0275814814814815
"2346","N1",2016,2016-05-24,0.029152
"2347","N1",2016,2016-06-01,0.0402653846153846
"2348","N1",2016,2016-06-09,0.0344333333333333
"2349","N1",2016,2016-06-17,0.047388
"2350","N1",2016,2016-06-25,0.0419722222222222
"2351","N1",2016,2016-07-11,0.036275
"2352","N1",2016,2016-07-19,0.0271714285714286
"2353","N1",2016,2016-07-27,0.037988
"2354","N1",2017,2017-05-01,0.01895
"2355","N1",2017,2017-05-09,0.0301555555555556
"2356","N1",2017,2017-05-17,0.0281375
"2357","N1",2017,2017-05-25,0.0426925925925926
"2358","N1",2017,2017-06-02,0.0421888888888889
"2359","N1",2017,2017-06-10,0.027596
"2360","N1",2017,2017-06-18,0.04822
"2361","N1",2017,2017-06-26,0.0458923076923077
"2362","N1",2017,2017-07-04,0.0337529411764706
"2363","N1",2017,2017-07-12,0.0418136363636364
"2364","N1",2017,2017-07-20,0.0376555555555556
"2365","N1",2018,2018-05-01,0.0182407407407407
"2366","N1",2018,2018-05-09,0.0200538461538462
"2367","N1",2018,2018-05-17,0.0286962962962963
"2368","N1",2018,2018-05-25,0.0316
"2369","N1",2018,2018-06-02,0.0364555555555556
"2370","N1",2018,2018-06-10,0.028
"2371","N1",2018,2018-06-18,0.0385090909090909
"2372","N1",2018,2018-06-26,0.0371047619047619
"2373","N1",2018,2018-07-04,0.047015
"2374","N1",2018,2018-07-12,0.0439846153846154
"2375","N1",2018,2018-07-20,0.0396590909090909
"2376","N1",2018,2018-07-28,0.0346307692307692
"2377","N1",2019,2019-05-01,0.0168333333333333
"2378","N1",2019,2019-05-25,0.02875
"2379","N1",2019,2019-06-02,0.0347192307692308
"2380","N1",2019,2019-06-10,0.034452
"2381","N1",2019,2019-06-18,0.036304
"2382","N1",2019,2019-06-26,0.0217647058823529
"2383","N1",2019,2019-07-04,0.03415
"2384","N1",2019,2019-07-12,0.0350217391304348
"2385","N1",2019,2019-07-20,0.0410083333333333
"2386","N1",2019,2019-07-28,0.0431384615384615
"2387","N1",2020,2020-05-08,0.0119666666666667
"2388","N1",2020,2020-05-16,0.0181695652173913
"2389","N1",2020,2020-05-24,0.0285352941176471
"2390","N1",2020,2020-06-01,0.0304666666666667
"2391","N1",2020,2020-06-09,0.0425769230769231
"2392","N1",2020,2020-06-25,0.0319576923076923
"2393","N1",2020,2020-07-03,0.0327888888888889
"2394","N1",2020,2020-07-11,0.0439
"2395","N1",2020,2020-07-19,0.0382333333333333
"2396","N1",2020,2020-07-27,0.0354481481481481
"2397","N1",2021,2021-05-01,0.0158619047619048
"2398","N1",2021,2021-05-09,0.015862962962963
"2399","N1",2021,2021-05-17,0.0212
"2400","N1",2021,2021-05-25,0.0218
"2401","N1",2021,2021-06-02,0.0322045454545455
"2402","N1",2021,2021-06-10,0.0421296296296296
"2403","N1",2021,2021-06-18,0.0266
"2404","N1",2021,2021-06-26,0.03392
"2405","N1",2021,2021-07-04,0.0376391304347826
"2406","N1",2021,2021-07-20,0.0355818181818182
"2407","N1",2021,2021-07-28,0.0405772727272727
"2408","N1",2022,2022-05-01,0.0149047619047619
"2409","N1",2022,2022-05-09,0.024504
"2410","N1",2022,2022-05-17,0.029275
"2411","N1",2022,2022-05-25,0.0310454545454545
"2412","N1",2022,2022-06-02,0.0413740740740741
"2413","N1",2022,2022-06-10,0.0342923076923077
"2414","N1",2022,2022-06-18,0.043096
"2415","N1",2022,2022-06-26,0.042162962962963
"2416","N1",2022,2022-07-04,0.0342148148148148
"2417","N1",2022,2022-07-12,0.0392708333333333
"2418","N1",2022,2022-07-20,0.0319407407407407
"2419","N1",2022,2022-07-28,0.0370647058823529
"2420","N1",2023,2023-05-09,0.0243277777777778
"2421","N1",2023,2023-05-17,0.0319222222222222
"2422","N1",2023,2023-05-25,0.0315037037037037
"2423","N1",2023,2023-06-02,0.0370333333333333
"2424","N1",2023,2023-06-10,0.0326076923076923
"2425","N1",2023,2023-06-18,0.0388541666666667
"2426","N1",2023,2023-06-26,0.0285888888888889
"2427","N1",2023,2023-07-04,0.044937037037037
"2428","N1",2023,2023-07-12,0.0406352941176471
"2429","N1",2023,2023-07-20,0.037345
"2430","N1",2023,2023-07-28,0.036332
"2431","N1",2024,2024-05-08,0.0247857142857143
"2432","N1",2024,2024-05-16,0.0344296296296296
"2433","N1",2024,2024-05-24,0.0401740740740741
"2434","N1",2024,2024-06-09,0.0450851851851852
"2435","N1",2024,2024-06-17,0.03654
"2436","N1",2024,2024-06-25,0.0392
"2437","N1",2024,2024-07-03,0.0354111111111111
"2438","N1",2024,2024-07-11,0.0363227272727273
"2439","N1",2024,2024-07-19,0.044652
"2440","N1",2024,2024-07-27,0.023352380952381
"2441","N1",2025,2025-05-01,0.0147304347826087
"2442","N1",2025,2025-05-09,0.025288
"2443","N1",2025,2025-05-17,0.0198526315789474
"2444","N1",2025,2025-05-25,0.0340851851851852
"2445","N1",2025,2025-06-02,0.0380518518518519
"2446","N1",2025,2025-06-10,0.0354117647058824
"2447","N1",2025,2025-06-18,0.0325185185185185
"2448","N1",2025,2025-07-04,0.0374925925925926
"2449","N1",2025,2025-07-12,0.0332708333333333
"2450","N1",2025,2025-07-20,0.0198944444444444
"2451","N1",2025,2025-07-28,0.036935
"2452","N10",2013,2013-05-01,0.01735
"2453","N10",2013,2013-05-09,0.020875
"2454","N10",2013,2013-05-17,0.03535
"2455","N10",2013,2013-05-25,0.0343904761904762
"2456","N10",2013,2013-06-02,0.0415714285714286
"2457","N10",2013,2013-06-10,0.0463
"2458","N10",2013,2013-06-18,0.0347466666666667
"2459","N10",2013,2013-06-26,0.0499214285714286
"2460","N10",2013,2013-07-04,0.0495090909090909
"2461","N10",2013,2013-07-12,0.0393529411764706
"2462","N10",2013,2013-07-20,0.04288125
"2463","N10",2013,2013-07-28,0.04804375
"2464","N10",2014,2014-05-01,0.0115933333333333
"2465","N10",2014,2014-05-17,0.0325347826086956
"2466","N10",2014,2014-05-25,0.0388333333333333
"2467","N10",2014,2014-06-02,0.0472357142857143
"2468","N10",2014,2014-06-10,0.0454
"2469","N10",2014,2014-06-26,0.05887
"2470","N10",2014,2014-07-04,0.0519636363636364
"2471","N10",2014,2014-07-12,0.048475
"2472","N10",2014,2014-07-20,0.0447363636363636
"2473","N10",2014,2014-07-28,0.0435083333333333
"2474","N10",2015,2015-05-01,0.0195875
"2475","N10",2015,2015-05-09,0.0211761904761905
"2476","N10",2015,2015-05-17,0.034275
"2477","N10",2015,2015-05-25,0.0374941176470588
"2478","N10",2015,2015-06-10,0.03727
"2479","N10",2015,2015-06-18,0.0558846153846154
"2480","N10",2015,2015-06-26,0.0516636363636364
"2481","N10",2015,2015-07-04,0.0498222222222222
"2482","N10",2015,2015-07-12,0.0439933333333333
"2483","N10",2015,2015-07-20,0.0390285714285714
"2484","N10",2015,2015-07-28,0.0434538461538462
"2485","N10",2016,2016-05-08,0.0214521739130435
"2486","N10",2016,2016-05-16,0.0403583333333333
"2487","N10",2016,2016-05-24,0.04205
"2488","N10",2016,2016-06-01,0.0473
"2489","N10",2016,2016-06-09,0.04548
"2490","N10",2016,2016-06-17,0.045575
"2491","N10",2016,2016-06-25,0.0605
"2492","N10",2016,2016-07-11,0.0373888888888889
"2493","N10",2016,2016-07-19,0.0249363636363636
"2494","N10",2016,2016-07-27,0.0359625
"2495","N10",2017,2017-05-01,0.0198666666666667
"2496","N10",2017,2017-05-09,0.0318333333333333
"2497","N10",2017,2017-05-17,0.0229090909090909
"2498","N10",2017,2017-05-25,0.05202
"2499","N10",2017,2017-06-02,0.0558769230769231
"2500","N10",2017,2017-06-10,0.0382846153846154
"2501","N10",2017,2017-06-18,0.04695
"2502","N10",2017,2017-06-26,0.0451083333333333
"2503","N10",2017,2017-07-04,0.0513333333333333
"2504","N10",2017,2017-07-12,0.05563
"2505","N10",2017,2017-07-20,0.0405916666666667
"2506","N10",2018,2018-05-01,0.0220875
"2507","N10",2018,2018-05-09,0.0259260869565217
"2508","N10",2018,2018-05-17,0.0328347826086956
"2509","N10",2018,2018-05-25,0.0427904761904762
"2510","N10",2018,2018-06-02,0.0559
"2511","N10",2018,2018-06-10,0.04516
"2512","N10",2018,2018-06-18,0.0384625
"2513","N10",2018,2018-06-26,0.04141
"2514","N10",2018,2018-07-04,0.0485857142857143
"2515","N10",2018,2018-07-12,0.0442166666666667
"2516","N10",2018,2018-07-20,0.0463428571428571
"2517","N10",2018,2018-07-28,0.03743
"2518","N10",2019,2019-05-01,0.0111375
"2519","N10",2019,2019-05-09,0.0190608695652174
"2520","N10",2019,2019-05-25,0.0334526315789474
"2521","N10",2019,2019-06-02,0.0527611111111111
"2522","N10",2019,2019-06-10,0.03651875
"2523","N10",2019,2019-06-18,0.0458375
"2524","N10",2019,2019-06-26,0.0377090909090909
"2525","N10",2019,2019-07-04,0.0511461538461538
"2526","N10",2019,2019-07-12,0.0399133333333333
"2527","N10",2019,2019-07-20,0.0436363636363636
"2528","N10",2019,2019-07-28,0.0425769230769231
"2529","N10",2020,2020-05-08,0.0164416666666667
"2530","N10",2020,2020-05-16,0.0264416666666667
"2531","N10",2020,2020-05-24,0.0436904761904762
"2532","N10",2020,2020-06-01,0.0500823529411765
"2533","N10",2020,2020-06-09,0.0568066666666667
"2534","N10",2020,2020-06-25,0.0510571428571429
"2535","N10",2020,2020-07-03,0.0310833333333333
"2536","N10",2020,2020-07-11,0.0352357142857143
"2537","N10",2020,2020-07-19,0.0515166666666667
"2538","N10",2020,2020-07-27,0.0363888888888889
"2539","N10",2021,2021-05-01,0.0222478260869565
"2540","N10",2021,2021-05-09,0.0240434782608696
"2541","N10",2021,2021-05-17,0.0333416666666667
"2542","N10",2021,2021-05-25,0.0410058823529412
"2543","N10",2021,2021-06-02,0.0352777777777778
"2544","N10",2021,2021-06-10,0.0481692307692308
"2545","N10",2021,2021-06-18,0.03914
"2546","N10",2021,2021-06-26,0.0440666666666667
"2547","N10",2021,2021-07-04,0.0409727272727273
"2548","N10",2021,2021-07-20,0.0345818181818182
"2549","N10",2021,2021-07-28,0.0404785714285714
"2550","N10",2022,2022-05-01,0.00993333333333333
"2551","N10",2022,2022-05-09,0.0289434782608696
"2552","N10",2022,2022-05-17,0.0301
"2553","N10",2022,2022-05-25,0.03497
"2554","N10",2022,2022-06-02,0.0448666666666667
"2555","N10",2022,2022-06-10,0.05044
"2556","N10",2022,2022-06-18,0.0476357142857143
"2557","N10",2022,2022-06-26,0.0578214285714286
"2558","N10",2022,2022-07-04,0.0488285714285714
"2559","N10",2022,2022-07-12,0.05074
"2560","N10",2022,2022-07-20,0.0471421052631579
"2561","N10",2022,2022-07-28,0.0482909090909091
"2562","N10",2023,2023-05-09,0.0269952380952381
"2563","N10",2023,2023-05-17,0.0400058823529412
"2564","N10",2023,2023-05-25,0.0415190476190476
"2565","N10",2023,2023-06-02,0.0485866666666667
"2566","N10",2023,2023-06-10,0.0398529411764706
"2567","N10",2023,2023-06-18,0.0461857142857143
"2568","N10",2023,2023-06-26,0.0392
"2569","N10",2023,2023-07-04,0.0473571428571429
"2570","N10",2023,2023-07-12,0.05035
"2571","N10",2023,2023-07-20,0.03565
"2572","N10",2023,2023-07-28,0.0365923076923077
"2573","N10",2024,2024-05-08,0.0330304347826087
"2574","N10",2024,2024-05-16,0.0416565217391304
"2575","N10",2024,2024-05-24,0.04184
"2576","N10",2024,2024-06-09,0.04395
"2577","N10",2024,2024-06-17,0.0341625
"2578","N10",2024,2024-06-25,0.0496272727272727
"2579","N10",2024,2024-07-03,0.0368
"2580","N10",2024,2024-07-11,0.0436615384615385
"2581","N10",2024,2024-07-19,0.0457428571428571
"2582","N10",2024,2024-07-27,0.0321
"2583","N10",2025,2025-05-01,0.0201583333333333
"2584","N10",2025,2025-05-09,0.0360083333333333
"2585","N10",2025,2025-05-17,0.0143555555555556
"2586","N10",2025,2025-05-25,0.0415434782608696
"2587","N10",2025,2025-06-02,0.0429941176470588
"2588","N10",2025,2025-06-10,0.0478857142857143
"2589","N10",2025,2025-06-18,0.0353933333333333
"2590","N10",2025,2025-07-04,0.0409222222222222
"2591","N10",2025,2025-07-12,0.0460333333333333
"2592","N10",2025,2025-07-20,0.0331625
"2593","N10",2025,2025-07-28,0.0311625
"2594","N2",2013,2013-05-01,0.0271041666666667
"2595","N2",2013,2013-05-09,0.0288958333333333
"2596","N2",2013,2013-05-17,0.03145
"2597","N2",2013,2013-05-25,0.0281
"2598","N2",2013,2013-06-02,0.0466666666666667
"2599","N2",2013,2013-06-10,0.0419416666666667
"2600","N2",2013,2013-06-18,0.0287565217391304
"2601","N2",2013,2013-06-26,0.0373227272727273
"2602","N2",2013,2013-07-04,0.0447909090909091
"2603","N2",2013,2013-07-12,0.0450421052631579
"2604","N2",2013,2013-07-20,0.0437791666666667
"2605","N2",2013,2013-07-28,0.0472272727272727
"2606","N2",2014,2014-05-01,0.0224739130434783
"2607","N2",2014,2014-05-17,0.042596
"2608","N2",2014,2014-05-25,0.0455391304347826
"2609","N2",2014,2014-06-02,0.0472958333333333
"2610","N2",2014,2014-06-10,0.04425
"2611","N2",2014,2014-06-18,0.0374333333333333
"2612","N2",2014,2014-06-26,0.0447785714285714
"2613","N2",2014,2014-07-04,0.043925
"2614","N2",2014,2014-07-12,0.04828
"2615","N2",2014,2014-07-20,0.045395
"2616","N2",2014,2014-07-28,0.0460318181818182
"2617","N2",2015,2015-05-01,0.0278869565217391
"2618","N2",2015,2015-05-09,0.0292625
"2619","N2",2015,2015-05-17,0.0363208333333333
"2620","N2",2015,2015-05-25,0.0368772727272727
"2621","N2",2015,2015-06-18,0.0457047619047619
"2622","N2",2015,2015-06-26,0.048765
"2623","N2",2015,2015-07-04,0.03672
"2624","N2",2015,2015-07-12,0.0399
"2625","N2",2015,2015-07-20,0.0378260869565217
"2626","N2",2015,2015-07-28,0.0452590909090909
"2627","N2",2016,2016-05-08,0.0348708333333333
"2628","N2",2016,2016-05-16,0.0386208333333333
"2629","N2",2016,2016-05-24,0.0392636363636364
"2630","N2",2016,2016-06-01,0.044
"2631","N2",2016,2016-06-09,0.0369608695652174
"2632","N2",2016,2016-06-17,0.0464791666666667
"2633","N2",2016,2016-06-25,0.0468388888888889
"2634","N2",2016,2016-07-11,0.033975
"2635","N2",2016,2016-07-19,0.02944
"2636","N2",2016,2016-07-27,0.0381315789473684
"2637","N2",2017,2017-05-01,0.023752
"2638","N2",2017,2017-05-09,0.0392208333333333
"2639","N2",2017,2017-05-17,0.0309708333333333
"2640","N2",2017,2017-05-25,0.0549333333333333
"2641","N2",2017,2017-06-02,0.0486
"2642","N2",2017,2017-06-10,0.02825
"2643","N2",2017,2017-06-18,0.048825
"2644","N2",2017,2017-06-26,0.0439142857142857
"2645","N2",2017,2017-07-04,0.0288
"2646","N2",2017,2017-07-12,0.043795652173913
"2647","N2",2017,2017-07-20,0.0399947368421053
"2648","N2",2018,2018-05-01,0.02724
"2649","N2",2018,2018-05-09,0.031092
"2650","N2",2018,2018-05-17,0.0392818181818182
"2651","N2",2018,2018-05-25,0.0353739130434783
"2652","N2",2018,2018-06-02,0.045475
"2653","N2",2018,2018-06-10,0.0291454545454545
"2654","N2",2018,2018-06-18,0.0387086956521739
"2655","N2",2018,2018-06-26,0.0359272727272727
"2656","N2",2018,2018-07-04,0.0507619047619048
"2657","N2",2018,2018-07-12,0.0428217391304348
"2658","N2",2018,2018-07-20,0.0501952380952381
"2659","N2",2018,2018-07-28,0.0349
"2660","N2",2019,2019-05-01,0.02166
"2661","N2",2019,2019-05-09,0.03146
"2662","N2",2019,2019-05-25,0.0325090909090909
"2663","N2",2019,2019-06-02,0.0474857142857143
"2664","N2",2019,2019-06-10,0.0384375
"2665","N2",2019,2019-06-18,0.0433722222222222
"2666","N2",2019,2019-06-26,0.0208578947368421
"2667","N2",2019,2019-07-04,0.0373714285714286
"2668","N2",2019,2019-07-12,0.0313
"2669","N2",2019,2019-07-20,0.0454521739130435
"2670","N2",2019,2019-07-28,0.0449875
"2671","N2",2020,2020-05-08,0.0229928571428571
"2672","N2",2020,2020-05-16,0.0285333333333333
"2673","N2",2020,2020-05-24,0.0426681818181818
"2674","N2",2020,2020-06-01,0.0392714285714286
"2675","N2",2020,2020-06-09,0.0553173913043478
"2676","N2",2020,2020-06-25,0.0361315789473684
"2677","N2",2020,2020-07-03,0.0340782608695652
"2678","N2",2020,2020-07-11,0.03134
"2679","N2",2020,2020-07-19,0.0412541666666667
"2680","N2",2020,2020-07-27,0.0351923076923077
"2681","N2",2021,2021-05-01,0.0260869565217391
"2682","N2",2021,2021-05-09,0.0243541666666667
"2683","N2",2021,2021-05-17,0.02966
"2684","N2",2021,2021-05-25,0.035295652173913
"2685","N2",2021,2021-06-02,0.0359333333333333
"2686","N2",2021,2021-06-10,0.0423416666666667
"2687","N2",2021,2021-06-18,0.0282458333333333
"2688","N2",2021,2021-06-26,0.0382913043478261
"2689","N2",2021,2021-07-04,0.035425
"2690","N2",2021,2021-07-20,0.0356823529411765
"2691","N2",2021,2021-07-28,0.0288111111111111
"2692","N2",2022,2022-05-01,0.013095652173913
"2693","N2",2022,2022-05-09,0.0298421052631579
"2694","N2",2022,2022-05-17,0.0357272727272727
"2695","N2",2022,2022-06-02,0.03444
"2696","N2",2022,2022-06-10,0.0394318181818182
"2697","N2",2022,2022-06-18,0.0467
"2698","N2",2022,2022-06-26,0.0474416666666667
"2699","N2",2022,2022-07-04,0.0356272727272727
"2700","N2",2022,2022-07-12,0.043295
"2701","N2",2022,2022-07-20,0.0413739130434783
"2702","N2",2022,2022-07-28,0.0350333333333333
"2703","N2",2023,2023-05-09,0.03195
"2704","N2",2023,2023-05-17,0.0403
"2705","N2",2023,2023-05-25,0.0423041666666667
"2706","N2",2023,2023-06-02,0.0415833333333333
"2707","N2",2023,2023-06-10,0.043985
"2708","N2",2023,2023-06-18,0.0462458333333333
"2709","N2",2023,2023-06-26,0.0296
"2710","N2",2023,2023-07-04,0.0474260869565217
"2711","N2",2023,2023-07-12,0.0464
"2712","N2",2023,2023-07-20,0.0394863636363636
"2713","N2",2023,2023-07-28,0.0409478260869565
"2714","N2",2024,2024-05-08,0.0388217391304348
"2715","N2",2024,2024-05-16,0.0448173913043478
"2716","N2",2024,2024-05-24,0.0456083333333333
"2717","N2",2024,2024-06-09,0.0470333333333333
"2718","N2",2024,2024-06-17,0.034405
"2719","N2",2024,2024-06-25,0.0333368421052632
"2720","N2",2024,2024-07-03,0.0394173913043478
"2721","N2",2024,2024-07-11,0.0417875
"2722","N2",2024,2024-07-19,0.04116875
"2723","N2",2024,2024-07-27,0.0255708333333333
"2724","N2",2025,2025-05-01,0.029288
"2725","N2",2025,2025-05-09,0.0356142857142857
"2726","N2",2025,2025-05-17,0.0247916666666667
"2727","N2",2025,2025-05-25,0.03398
"2728","N2",2025,2025-06-02,0.0396791666666667
"2729","N2",2025,2025-06-10,0.04039
"2730","N2",2025,2025-06-18,0.034196
"2731","N2",2025,2025-07-04,0.0351173913043478
"2732","N2",2025,2025-07-12,0.03999375
"2733","N2",2025,2025-07-20,0.0274428571428571
"2734","N2",2025,2025-07-28,0.0381227272727273
"2735","N3",2013,2013-05-01,0.0177538461538462
"2736","N3",2013,2013-05-09,0.0267875
"2737","N3",2013,2013-05-17,0.03642
"2738","N3",2013,2013-06-02,0.0297
"2739","N3",2013,2013-06-10,0.0436142857142857
"2740","N3",2013,2013-06-18,0.0270038461538462
"2741","N3",2013,2013-06-26,0.0518857142857143
"2742","N3",2013,2013-07-04,0.049535
"2743","N3",2013,2013-07-12,0.0414304347826087
"2744","N3",2013,2013-07-20,0.0462
"2745","N3",2013,2013-07-28,0.04963125
"2746","N3",2014,2014-05-01,0.01226
"2747","N3",2014,2014-05-17,0.0358727272727273
"2748","N3",2014,2014-05-25,0.0306842105263158
"2749","N3",2014,2014-06-02,0.0500423076923077
"2750","N3",2014,2014-06-10,0.04192
"2751","N3",2014,2014-06-26,0.0507166666666667
"2752","N3",2014,2014-07-04,0.0543190476190476
"2753","N3",2014,2014-07-12,0.0369714285714286
"2754","N3",2014,2014-07-20,0.05158
"2755","N3",2014,2014-07-28,0.0479611111111111
"2756","N3",2015,2015-05-01,0.0213
"2757","N3",2015,2015-05-09,0.0271961538461538
"2758","N3",2015,2015-05-17,0.031768
"2759","N3",2015,2015-05-25,0.0354086956521739
"2760","N3",2015,2015-06-10,0.0384
"2761","N3",2015,2015-06-18,0.0541136363636364
"2762","N3",2015,2015-06-26,0.0534571428571429
"2763","N3",2015,2015-07-04,0.0451333333333333
"2764","N3",2015,2015-07-12,0.0415142857142857
"2765","N3",2015,2015-07-20,0.0462
"2766","N3",2015,2015-07-28,0.0500555555555556
"2767","N3",2016,2016-05-08,0.0276333333333333
"2768","N3",2016,2016-05-16,0.040076
"2769","N3",2016,2016-05-24,0.0334823529411765
"2770","N3",2016,2016-06-01,0.0553541666666667
"2771","N3",2016,2016-06-09,0.0420666666666667
"2772","N3",2016,2016-06-17,0.0495052631578947
"2773","N3",2016,2016-06-25,0.06225625
"2774","N3",2016,2016-07-11,0.0442866666666667
"2775","N3",2016,2016-07-19,0.0289
"2776","N3",2016,2016-07-27,0.0424
"2777","N3",2017,2017-05-01,0.0229115384615385
"2778","N3",2017,2017-05-09,0.0389
"2779","N3",2017,2017-05-25,0.0510807692307692
"2780","N3",2017,2017-06-02,0.0493692307692308
"2781","N3",2017,2017-06-10,0.035292
"2782","N3",2017,2017-06-18,0.0521846153846154
"2783","N3",2017,2017-06-26,0.047704347826087
"2784","N3",2017,2017-07-04,0.0420416666666667
"2785","N3",2017,2017-07-12,0.05406
"2786","N3",2017,2017-07-20,0.0431444444444444
"2787","N3",2018,2018-05-01,0.025976
"2788","N3",2018,2018-05-09,0.02778
"2789","N3",2018,2018-05-17,0.0405307692307692
"2790","N3",2018,2018-05-25,0.0328692307692308
"2791","N3",2018,2018-06-02,0.0509791666666667
"2792","N3",2018,2018-06-10,0.0433058823529412
"2793","N3",2018,2018-06-18,0.0320642857142857
"2794","N3",2018,2018-06-26,0.04373125
"2795","N3",2018,2018-07-04,0.0485684210526316
"2796","N3",2018,2018-07-12,0.04244
"2797","N3",2018,2018-07-20,0.0505272727272727
"2798","N3",2018,2018-07-28,0.0434230769230769
"2799","N3",2019,2019-05-01,0.0154307692307692
"2800","N3",2019,2019-05-09,0.0240473684210526
"2801","N3",2019,2019-05-25,0.039408
"2802","N3",2019,2019-06-02,0.0527791666666667
"2803","N3",2019,2019-06-10,0.0401347826086957
"2804","N3",2019,2019-06-18,0.0405833333333333
"2805","N3",2019,2019-06-26,0.026652
"2806","N3",2019,2019-07-04,0.0475125
"2807","N3",2019,2019-07-12,0.0357652173913044
"2808","N3",2019,2019-07-20,0.04555
"2809","N3",2019,2019-07-28,0.0487333333333333
"2810","N3",2020,2020-05-08,0.0189384615384615
"2811","N3",2020,2020-05-24,0.0390125
"2812","N3",2020,2020-06-01,0.045435
"2813","N3",2020,2020-06-09,0.0500590909090909
"2814","N3",2020,2020-06-25,0.0401
"2815","N3",2020,2020-07-03,0.0356307692307692
"2816","N3",2020,2020-07-11,0.0353666666666667
"2817","N3",2020,2020-07-19,0.0441041666666667
"2818","N3",2020,2020-07-27,0.0454055555555556
"2819","N3",2021,2021-05-01,0.0266291666666667
"2820","N3",2021,2021-05-09,0.0268071428571429
"2821","N3",2021,2021-05-17,0.0363857142857143
"2822","N3",2021,2021-05-25,0.0363423076923077
"2823","N3",2021,2021-06-02,0.040476
"2824","N3",2021,2021-06-10,0.045876
"2825","N3",2021,2021-06-18,0.0414
"2826","N3",2021,2021-06-26,0.0384473684210526
"2827","N3",2021,2021-07-04,0.0394052631578947
"2828","N3",2021,2021-07-20,0.03374
"2829","N3",2021,2021-07-28,0.0350454545454545
"2830","N3",2022,2022-05-01,0.0134153846153846
"2831","N3",2022,2022-05-09,0.025725
"2832","N3",2022,2022-05-17,0.0243
"2833","N3",2022,2022-05-25,0.0281095238095238
"2834","N3",2022,2022-06-02,0.02871875
"2835","N3",2022,2022-06-10,0.0448346153846154
"2836","N3",2022,2022-06-18,0.046
"2837","N3",2022,2022-06-26,0.0527304347826087
"2838","N3",2022,2022-07-04,0.0445857142857143
"2839","N3",2022,2022-07-12,0.0491666666666667
"2840","N3",2022,2022-07-20,0.0488785714285714
"2841","N3",2022,2022-07-28,0.0524066666666667
"2842","N3",2023,2023-05-09,0.0279217391304348
"2843","N3",2023,2023-05-17,0.0432346153846154
"2844","N3",2023,2023-05-25,0.0361115384615385
"2845","N3",2023,2023-06-02,0.0401846153846154
"2846","N3",2023,2023-06-10,0.0433647058823529
"2847","N3",2023,2023-06-18,0.0427230769230769
"2848","N3",2023,2023-06-26,0.0365789473684211
"2849","N3",2023,2023-07-04,0.049396
"2850","N3",2023,2023-07-12,0.047235
"2851","N3",2023,2023-07-20,0.03394
"2852","N3",2023,2023-07-28,0.029905
"2853","N3",2024,2024-05-08,0.0386807692307692
"2854","N3",2024,2024-05-16,0.0386115384615385
"2855","N3",2024,2024-05-24,0.0395583333333333
"2856","N3",2024,2024-06-09,0.0429961538461538
"2857","N3",2024,2024-06-17,0.0305733333333333
"2858","N3",2024,2024-06-25,0.0434095238095238
"2859","N3",2024,2024-07-03,0.0471818181818182
"2860","N3",2024,2024-07-11,0.0401761904761905
"2861","N3",2024,2024-07-19,0.0493
"2862","N3",2024,2024-07-27,0.03505
"2863","N3",2025,2025-05-01,0.0239538461538462
"2864","N3",2025,2025-05-09,0.0299761904761905
"2865","N3",2025,2025-05-17,0.0103
"2866","N3",2025,2025-05-25,0.0456875
"2867","N3",2025,2025-06-02,0.0350217391304348
"2868","N3",2025,2025-06-10,0.0456045454545455
"2869","N3",2025,2025-06-18,0.0313
"2870","N3",2025,2025-07-04,0.03861875
"2871","N3",2025,2025-07-12,0.0380666666666667
"2872","N3",2025,2025-07-20,0.0342235294117647
"2873","N3",2025,2025-07-28,0.0392
"2874","N4",2013,2013-05-01,0.02347
"2875","N4",2013,2013-05-09,0.0317230769230769
"2876","N4",2013,2013-05-17,0.0404846153846154
"2877","N4",2013,2013-06-02,0.0325333333333333
"2878","N4",2013,2013-06-10,0.04675
"2879","N4",2013,2013-06-18,0.0256461538461538
"2880","N4",2013,2013-06-26,0.0499
"2881","N4",2013,2013-07-04,0.0483066666666667
"2882","N4",2013,2013-07-12,0.041625
"2883","N4",2013,2013-07-20,0.0449541666666667
"2884","N4",2013,2013-07-28,0.045204
"2885","N4",2014,2014-05-01,0.0167095238095238
"2886","N4",2014,2014-05-17,0.0366117647058824
"2887","N4",2014,2014-05-25,0.0341423076923077
"2888","N4",2014,2014-06-02,0.0510576923076923
"2889","N4",2014,2014-06-10,0.043925
"2890","N4",2014,2014-06-18,0.0368
"2891","N4",2014,2014-06-26,0.0406692307692308
"2892","N4",2014,2014-07-04,0.05265625
"2893","N4",2014,2014-07-12,0.0474
"2894","N4",2014,2014-07-20,0.0495714285714286
"2895","N4",2014,2014-07-28,0.0474333333333333
"2896","N4",2015,2015-05-01,0.0246565217391304
"2897","N4",2015,2015-05-09,0.032276
"2898","N4",2015,2015-05-17,0.0362875
"2899","N4",2015,2015-05-25,0.037228
"2900","N4",2015,2015-06-10,0.0409230769230769
"2901","N4",2015,2015-06-18,0.0550416666666667
"2902","N4",2015,2015-07-04,0.038375
"2903","N4",2015,2015-07-12,0.0425294117647059
"2904","N4",2015,2015-07-20,0.0459714285714286
"2905","N4",2015,2015-07-28,0.0484
"2906","N4",2016,2016-05-08,0.0281307692307692
"2907","N4",2016,2016-05-16,0.0433181818181818
"2908","N4",2016,2016-05-24,0.0301363636363636
"2909","N4",2016,2016-06-01,0.0596304347826087
"2910","N4",2016,2016-06-09,0.04304
"2911","N4",2016,2016-06-17,0.0515
"2912","N4",2016,2016-06-25,0.0573153846153846
"2913","N4",2016,2016-07-11,0.0444
"2914","N4",2016,2016-07-19,0.0276882352941176
"2915","N4",2016,2016-07-27,0.0398545454545455
"2916","N4",2017,2017-05-01,0.0293230769230769
"2917","N4",2017,2017-05-09,0.0418190476190476
"2918","N4",2017,2017-05-25,0.05605
"2919","N4",2017,2017-06-02,0.051368
"2920","N4",2017,2017-06-10,0.0364291666666667
"2921","N4",2017,2017-06-18,0.0430125
"2922","N4",2017,2017-06-26,0.0487176470588235
"2923","N4",2017,2017-07-04,0.0409117647058824
"2924","N4",2017,2017-07-12,0.0506913043478261
"2925","N4",2017,2017-07-20,0.0403
"2926","N4",2018,2018-05-01,0.0335615384615385
"2927","N4",2018,2018-05-09,0.0329307692307692
"2928","N4",2018,2018-05-17,0.0411
"2929","N4",2018,2018-05-25,0.0348173913043478
"2930","N4",2018,2018-06-02,0.0519730769230769
"2931","N4",2018,2018-06-10,0.0440411764705882
"2932","N4",2018,2018-06-18,0.0339222222222222
"2933","N4",2018,2018-06-26,0.0421727272727273
"2934","N4",2018,2018-07-04,0.0476363636363636
"2935","N4",2018,2018-07-12,0.0435642857142857
"2936","N4",2018,2018-07-20,0.0480181818181818
"2937","N4",2018,2018-07-28,0.0411727272727273
"2938","N4",2019,2019-05-01,0.016436
"2939","N4",2019,2019-05-09,0.0268944444444444
"2940","N4",2019,2019-05-25,0.0388807692307692
"2941","N4",2019,2019-06-02,0.0533333333333333
"2942","N4",2019,2019-06-10,0.041012
"2943","N4",2019,2019-06-26,0.02488
"2944","N4",2019,2019-07-04,0.0480071428571429
"2945","N4",2019,2019-07-12,0.0332642857142857
"2946","N4",2019,2019-07-20,0.0437307692307692
"2947","N4",2019,2019-07-28,0.04483
"2948","N4",2020,2020-05-08,0.0225423076923077
"2949","N4",2020,2020-05-16,0.0268375
"2950","N4",2020,2020-05-24,0.0403095238095238
"2951","N4",2020,2020-06-01,0.0457125
"2952","N4",2020,2020-06-09,0.051224
"2953","N4",2020,2020-06-25,0.0363153846153846
"2954","N4",2020,2020-07-03,0.03414
"2955","N4",2020,2020-07-11,0.0339833333333333
"2956","N4",2020,2020-07-19,0.04337
"2957","N4",2020,2020-07-27,0.0452866666666667
"2958","N4",2021,2021-05-01,0.0295846153846154
"2959","N4",2021,2021-05-09,0.02782
"2960","N4",2021,2021-05-17,0.0275
"2961","N4",2021,2021-05-25,0.0367576923076923
"2962","N4",2021,2021-06-02,0.0388461538461538
"2963","N4",2021,2021-06-10,0.045472
"2964","N4",2021,2021-06-18,0.039875
"2965","N4",2021,2021-06-26,0.0341692307692308
"2966","N4",2021,2021-07-04,0.0383
"2967","N4",2021,2021-07-20,0.0309166666666667
"2968","N4",2021,2021-07-28,0.0339166666666667
"2969","N4",2022,2022-05-01,0.0154384615384615
"2970","N4",2022,2022-05-09,0.0292653846153846
"2971","N4",2022,2022-05-17,0.0261833333333333
"2972","N4",2022,2022-05-25,0.03632
"2973","N4",2022,2022-06-02,0.0402823529411765
"2974","N4",2022,2022-06-10,0.044724
"2975","N4",2022,2022-06-18,0.0460380952380952
"2976","N4",2022,2022-06-26,0.0527173913043478
"2977","N4",2022,2022-07-04,0.0439571428571429
"2978","N4",2022,2022-07-12,0.05105
"2979","N4",2022,2022-07-20,0.0472
"2980","N4",2022,2022-07-28,0.0482846153846154
"2981","N4",2023,2023-05-09,0.0326192307692308
"2982","N4",2023,2023-05-17,0.0444384615384615
"2983","N4",2023,2023-05-25,0.036944
"2984","N4",2023,2023-06-02,0.0412269230769231
"2985","N4",2023,2023-06-10,0.041795652173913
"2986","N4",2023,2023-06-18,0.0419153846153846
"2987","N4",2023,2023-06-26,0.037052
"2988","N4",2023,2023-07-04,0.0465538461538462
"2989","N4",2023,2023-07-12,0.045504
"2990","N4",2023,2023-07-20,0.0340318181818182
"2991","N4",2023,2023-07-28,0.0286272727272727
"2992","N4",2024,2024-05-08,0.0427041666666667
"2993","N4",2024,2024-05-16,0.0383764705882353
"2994","N4",2024,2024-05-24,0.0408115384615385
"2995","N4",2024,2024-06-09,0.0432
"2996","N4",2024,2024-06-17,0.0312538461538462
"2997","N4",2024,2024-06-25,0.0428375
"2998","N4",2024,2024-07-03,0.0449272727272727
"2999","N4",2024,2024-07-11,0.0390208333333333
"3000","N4",2024,2024-07-19,0.04180625
"3001","N4",2024,2024-07-27,0.0343692307692308
"3002","N4",2025,2025-05-01,0.0271923076923077
"3003","N4",2025,2025-05-09,0.0324153846153846
"3004","N4",2025,2025-05-17,0.01868
"3005","N4",2025,2025-05-25,0.0403
"3006","N4",2025,2025-06-02,0.0359769230769231
"3007","N4",2025,2025-06-10,0.0458571428571429
"3008","N4",2025,2025-06-18,0.0316291666666667
"3009","N4",2025,2025-07-04,0.03406
"3010","N4",2025,2025-07-12,0.0478
"3011","N4",2025,2025-07-20,0.032725
"3012","N4",2025,2025-07-28,0.0363875
"3013","N5",2013,2013-05-01,0.0170375
"3014","N5",2013,2013-05-09,0.0241769230769231
"3015","N5",2013,2013-05-17,0.0317
"3016","N5",2013,2013-05-25,0.0203692307692308
"3017","N5",2013,2013-06-02,0.0327083333333333
"3018","N5",2013,2013-06-10,0.0387875
"3019","N5",2013,2013-06-18,0.0274166666666667
"3020","N5",2013,2013-06-26,0.044004347826087
"3021","N5",2013,2013-07-04,0.049488
"3022","N5",2013,2013-07-12,0.0423083333333333
"3023","N5",2013,2013-07-20,0.0473666666666667
"3024","N5",2013,2013-07-28,0.05108
"3025","N5",2014,2014-05-01,0.01167
"3026","N5",2014,2014-05-17,0.0343416666666667
"3027","N5",2014,2014-05-25,0.03
"3028","N5",2014,2014-06-02,0.042928
"3029","N5",2014,2014-06-10,0.037224
"3030","N5",2014,2014-06-18,0.0353055555555556
"3031","N5",2014,2014-06-26,0.0515772727272727
"3032","N5",2014,2014-07-04,0.0515826086956522
"3033","N5",2014,2014-07-12,0.052347619047619
"3034","N5",2014,2014-07-20,0.0488909090909091
"3035","N5",2014,2014-07-28,0.0460190476190476
"3036","N5",2015,2015-05-01,0.0244833333333333
"3037","N5",2015,2015-05-09,0.024748
"3038","N5",2015,2015-05-17,0.030076
"3039","N5",2015,2015-05-25,0.0344863636363636
"3040","N5",2015,2015-06-10,0.0372708333333333
"3041","N5",2015,2015-06-18,0.04946
"3042","N5",2015,2015-06-26,0.046345
"3043","N5",2015,2015-07-04,0.0388555555555556
"3044","N5",2015,2015-07-12,0.04225
"3045","N5",2015,2015-07-20,0.0413695652173913
"3046","N5",2015,2015-07-28,0.050876
"3047","N5",2016,2016-05-08,0.025404
"3048","N5",2016,2016-05-16,0.0344590909090909
"3049","N5",2016,2016-05-24,0.028955
"3050","N5",2016,2016-06-01,0.0487913043478261
"3051","N5",2016,2016-06-09,0.0388695652173913
"3052","N5",2016,2016-06-17,0.0475625
"3053","N5",2016,2016-06-25,0.0568684210526316
"3054","N5",2016,2016-07-11,0.04317
"3055","N5",2016,2016-07-19,0.0286583333333333
"3056","N5",2016,2016-07-27,0.0408222222222222
"3057","N5",2017,2017-05-01,0.01855
"3058","N5",2017,2017-05-09,0.0340041666666667
"3059","N5",2017,2017-05-17,0.0157
"3060","N5",2017,2017-05-25,0.0425652173913044
"3061","N5",2017,2017-06-02,0.0422714285714286
"3062","N5",2017,2017-06-10,0.0318904761904762
"3063","N5",2017,2017-06-18,0.0476272727272727
"3064","N5",2017,2017-06-26,0.0422666666666667
"3065","N5",2017,2017-07-04,0.038492
"3066","N5",2017,2017-07-12,0.04885
"3067","N5",2017,2017-07-20,0.0397666666666667
"3068","N5",2018,2018-05-01,0.0203230769230769
"3069","N5",2018,2018-05-09,0.0238
"3070","N5",2018,2018-05-17,0.031432
"3071","N5",2018,2018-05-25,0.0286961538461538
"3072","N5",2018,2018-06-02,0.043865
"3073","N5",2018,2018-06-10,0.0393214285714286
"3074","N5",2018,2018-06-18,0.0385
"3075","N5",2018,2018-06-26,0.0409958333333333
"3076","N5",2018,2018-07-04,0.0480181818181818
"3077","N5",2018,2018-07-12,0.0427791666666667
"3078","N5",2018,2018-07-20,0.0425047619047619
"3079","N5",2018,2018-07-28,0.0459652173913044
"3080","N5",2019,2019-05-01,0.0104545454545455
"3081","N5",2019,2019-05-09,0.018165
"3082","N5",2019,2019-05-25,0.0301619047619048
"3083","N5",2019,2019-06-02,0.0380391304347826
"3084","N5",2019,2019-06-10,0.0314541666666667
"3085","N5",2019,2019-06-18,0.0342285714285714
"3086","N5",2019,2019-06-26,0.0251230769230769
"3087","N5",2019,2019-07-04,0.0417538461538462
"3088","N5",2019,2019-07-12,0.0342761904761905
"3089","N5",2019,2019-07-20,0.043
"3090","N5",2019,2019-07-28,0.0460291666666667
"3091","N5",2020,2020-05-08,0.0151227272727273
"3092","N5",2020,2020-05-24,0.03495
"3093","N5",2020,2020-06-01,0.0349416666666667
"3094","N5",2020,2020-06-09,0.0423846153846154
"3095","N5",2020,2020-06-25,0.036825
"3096","N5",2020,2020-07-03,0.0363
"3097","N5",2020,2020-07-11,0.03905
"3098","N5",2020,2020-07-19,0.0436277777777778
"3099","N5",2020,2020-07-27,0.0375333333333333
"3100","N5",2021,2021-05-01,0.0226590909090909
"3101","N5",2021,2021-05-09,0.0223588235294118
"3102","N5",2021,2021-05-17,0.03218
"3103","N5",2021,2021-05-25,0.03085
"3104","N5",2021,2021-06-02,0.0352653846153846
"3105","N5",2021,2021-06-10,0.0412652173913043
"3106","N5",2021,2021-06-18,0.0338375
"3107","N5",2021,2021-06-26,0.0380625
"3108","N5",2021,2021-07-04,0.035844
"3109","N5",2021,2021-07-20,0.0365263157894737
"3110","N5",2021,2021-07-28,0.03025
"3111","N5",2022,2022-05-01,0.0107363636363636
"3112","N5",2022,2022-05-09,0.0243346153846154
"3113","N5",2022,2022-05-17,0.0213785714285714
"3114","N5",2022,2022-05-25,0.0284625
"3115","N5",2022,2022-06-02,0.0367666666666667
"3116","N5",2022,2022-06-10,0.0403541666666667
"3117","N5",2022,2022-06-18,0.04166
"3118","N5",2022,2022-06-26,0.0476434782608696
"3119","N5",2022,2022-07-04,0.0378416666666667
"3120","N5",2022,2022-07-12,0.0497736842105263
"3121","N5",2022,2022-07-20,0.0463833333333333
"3122","N5",2022,2022-07-28,0.0499315789473684
"3123","N5",2023,2023-05-09,0.024444
"3124","N5",2023,2023-05-17,0.035775
"3125","N5",2023,2023-05-25,0.029152
"3126","N5",2023,2023-06-02,0.036872
"3127","N5",2023,2023-06-10,0.0372555555555556
"3128","N5",2023,2023-06-18,0.04158
"3129","N5",2023,2023-06-26,0.0275833333333333
"3130","N5",2023,2023-07-04,0.044044
"3131","N5",2023,2023-07-12,0.04515
"3132","N5",2023,2023-07-20,0.037792
"3133","N5",2023,2023-07-28,0.0338952380952381
"3134","N5",2024,2024-05-08,0.028832
"3135","N5",2024,2024-05-16,0.0373
"3136","N5",2024,2024-05-24,0.033212
"3137","N5",2024,2024-06-09,0.036725
"3138","N5",2024,2024-06-17,0.0336761904761905
"3139","N5",2024,2024-06-25,0.043295652173913
"3140","N5",2024,2024-07-03,0.0429416666666667
"3141","N5",2024,2024-07-11,0.04526
"3142","N5",2024,2024-07-19,0.0425263157894737
"3143","N5",2024,2024-07-27,0.0339652173913043
"3144","N5",2025,2025-05-01,0.0235
"3145","N5",2025,2025-05-09,0.0324434782608696
"3146","N5",2025,2025-05-17,0.0200461538461538
"3147","N5",2025,2025-05-25,0.03455
"3148","N5",2025,2025-06-02,0.0306454545454545
"3149","N5",2025,2025-06-10,0.03672
"3150","N5",2025,2025-06-18,0.032344
"3151","N5",2025,2025-07-04,0.0369708333333333
"3152","N5",2025,2025-07-12,0.0385647058823529
"3153","N5",2025,2025-07-20,0.0324941176470588
"3154","N5",2025,2025-07-28,0.0377052631578947
"3155","N6",2013,2013-05-01,0.0179884615384615
"3156","N6",2013,2013-05-09,0.0252961538461538
"3157","N6",2013,2013-05-17,0.0312055555555556
"3158","N6",2013,2013-05-25,0.0202545454545455
"3159","N6",2013,2013-06-02,0.03073
"3160","N6",2013,2013-06-10,0.039768
"3161","N6",2013,2013-06-18,0.0254238095238095
"3162","N6",2013,2013-06-26,0.040348
"3163","N6",2013,2013-07-04,0.0471884615384615
"3164","N6",2013,2013-07-12,0.03934
"3165","N6",2013,2013-07-20,0.0426833333333333
"3166","N6",2013,2013-07-28,0.046088
"3167","N6",2014,2014-05-01,0.0137428571428571
"3168","N6",2014,2014-05-17,0.0339576923076923
"3169","N6",2014,2014-05-25,0.0278708333333333
"3170","N6",2014,2014-06-02,0.039896
"3171","N6",2014,2014-06-10,0.0344384615384615
"3172","N6",2014,2014-06-18,0.0328045454545455
"3173","N6",2014,2014-06-26,0.0441115384615385
"3174","N6",2014,2014-07-04,0.048492
"3175","N6",2014,2014-07-12,0.0501666666666667
"3176","N6",2014,2014-07-20,0.0455727272727273
"3177","N6",2014,2014-07-28,0.043812
"3178","N6",2015,2015-05-01,0.020504347826087
"3179","N6",2015,2015-05-09,0.0234333333333333
"3180","N6",2015,2015-05-17,0.0280461538461538
"3181","N6",2015,2015-05-25,0.030604347826087
"3182","N6",2015,2015-06-10,0.0350142857142857
"3183","N6",2015,2015-06-18,0.0437190476190476
"3184","N6",2015,2015-06-26,0.0427809523809524
"3185","N6",2015,2015-07-04,0.0375291666666667
"3186","N6",2015,2015-07-12,0.0405772727272727
"3187","N6",2015,2015-07-20,0.0410291666666667
"3188","N6",2015,2015-07-28,0.0471076923076923
"3189","N6",2016,2016-05-08,0.0235
"3190","N6",2016,2016-05-16,0.0337136363636364
"3191","N6",2016,2016-05-24,0.030636
"3192","N6",2016,2016-06-01,0.0454083333333333
"3193","N6",2016,2016-06-09,0.0356217391304348
"3194","N6",2016,2016-06-17,0.0447769230769231
"3195","N6",2016,2016-06-25,0.053112
"3196","N6",2016,2016-07-11,0.040775
"3197","N6",2016,2016-07-19,0.0280238095238095
"3198","N6",2016,2016-07-27,0.0388333333333333
"3199","N6",2017,2017-05-01,0.0172666666666667
"3200","N6",2017,2017-05-09,0.031985
"3201","N6",2017,2017-05-25,0.0450269230769231
"3202","N6",2017,2017-06-02,0.0411391304347826
"3203","N6",2017,2017-06-10,0.029948
"3204","N6",2017,2017-06-18,0.0393217391304348
"3205","N6",2017,2017-06-26,0.03973125
"3206","N6",2017,2017-07-04,0.0375818181818182
"3207","N6",2017,2017-07-12,0.048096
"3208","N6",2017,2017-07-20,0.0392882352941176
"3209","N6",2018,2018-05-01,0.0245115384615385
"3210","N6",2018,2018-05-09,0.0259115384615385
"3211","N6",2018,2018-05-17,0.0334538461538462
"3212","N6",2018,2018-05-25,0.0305307692307692
"3213","N6",2018,2018-06-02,0.0439117647058824
"3214","N6",2018,2018-06-10,0.0328
"3215","N6",2018,2018-06-18,0.0368727272727273
"3216","N6",2018,2018-06-26,0.038375
"3217","N6",2018,2018-07-04,0.045768
"3218","N6",2018,2018-07-12,0.042156
"3219","N6",2018,2018-07-20,0.0436285714285714
"3220","N6",2018,2018-07-28,0.0428692307692308
"3221","N6",2019,2019-05-01,0.0155055555555556
"3222","N6",2019,2019-05-09,0.0223615384615385
"3223","N6",2019,2019-05-25,0.02948
"3224","N6",2019,2019-06-02,0.0407576923076923
"3225","N6",2019,2019-06-10,0.031396
"3226","N6",2019,2019-06-18,0.0404
"3227","N6",2019,2019-06-26,0.0255692307692308
"3228","N6",2019,2019-07-04,0.0408541666666667
"3229","N6",2019,2019-07-12,0.0333909090909091
"3230","N6",2019,2019-07-20,0.0433307692307692
"3231","N6",2019,2019-07-28,0.0446652173913044
"3232","N6",2020,2020-05-08,0.0192565217391304
"3233","N6",2020,2020-05-16,0.0216
"3234","N6",2020,2020-05-24,0.0338933333333333
"3235","N6",2020,2020-06-01,0.035924
"3236","N6",2020,2020-06-09,0.0435730769230769
"3237","N6",2020,2020-06-25,0.037148
"3238","N6",2020,2020-07-03,0.0359782608695652
"3239","N6",2020,2020-07-11,0.0318666666666667
"3240","N6",2020,2020-07-19,0.04465625
"3241","N6",2020,2020-07-27,0.03439
"3242","N6",2021,2021-05-01,0.0247958333333333
"3243","N6",2021,2021-05-09,0.0212846153846154
"3244","N6",2021,2021-05-17,0.0303875
"3245","N6",2021,2021-05-25,0.0314269230769231
"3246","N6",2021,2021-06-02,0.03015
"3247","N6",2021,2021-06-10,0.0362076923076923
"3248","N6",2021,2021-06-18,0.0268363636363636
"3249","N6",2021,2021-06-26,0.0352346153846154
"3250","N6",2021,2021-07-04,0.0326
"3251","N6",2021,2021-07-20,0.0350416666666667
"3252","N6",2021,2021-07-28,0.0363
"3253","N6",2022,2022-05-01,0.0114038461538462
"3254","N6",2022,2022-05-09,0.0233666666666667
"3255","N6",2022,2022-05-17,0.0193380952380952
"3256","N6",2022,2022-05-25,0.0255869565217391
"3257","N6",2022,2022-06-02,0.0368230769230769
"3258","N6",2022,2022-06-10,0.0387923076923077
"3259","N6",2022,2022-06-18,0.0399346153846154
"3260","N6",2022,2022-06-26,0.04625
"3261","N6",2022,2022-07-04,0.03695
"3262","N6",2022,2022-07-12,0.0490909090909091
"3263","N6",2022,2022-07-20,0.0442733333333333
"3264","N6",2022,2022-07-28,0.0482478260869565
"3265","N6",2023,2023-05-09,0.0257565217391304
"3266","N6",2023,2023-05-17,0.0330153846153846
"3267","N6",2023,2023-05-25,0.0302884615384615
"3268","N6",2023,2023-06-02,0.0368304347826087
"3269","N6",2023,2023-06-10,0.0385882352941176
"3270","N6",2023,2023-06-18,0.0406461538461538
"3271","N6",2023,2023-06-26,0.0265166666666667
"3272","N6",2023,2023-07-04,0.0448416666666667
"3273","N6",2023,2023-07-12,0.0471772727272727
"3274","N6",2023,2023-07-20,0.0379857142857143
"3275","N6",2023,2023-07-28,0.0344576923076923
"3276","N6",2024,2024-05-08,0.0275846153846154
"3277","N6",2024,2024-05-16,0.035308
"3278","N6",2024,2024-05-24,0.035996
"3279","N6",2024,2024-06-09,0.0417076923076923
"3280","N6",2024,2024-06-17,0.033496
"3281","N6",2024,2024-06-25,0.043296
"3282","N6",2024,2024-07-03,0.0424083333333333
"3283","N6",2024,2024-07-11,0.0443260869565217
"3284","N6",2024,2024-07-19,0.0430625
"3285","N6",2024,2024-07-27,0.032964
"3286","N6",2025,2025-05-01,0.0217653846153846
"3287","N6",2025,2025-05-09,0.0295208333333333
"3288","N6",2025,2025-05-17,0.0169846153846154
"3289","N6",2025,2025-05-25,0.029
"3290","N6",2025,2025-06-02,0.0290434782608696
"3291","N6",2025,2025-06-10,0.0390555555555556
"3292","N6",2025,2025-06-18,0.0317291666666667
"3293","N6",2025,2025-07-04,0.0374384615384615
"3294","N6",2025,2025-07-12,0.0421555555555556
"3295","N6",2025,2025-07-20,0.0300461538461538
"3296","N6",2025,2025-07-28,0.0398954545454545
"3297","N7",2013,2013-05-01,0.0207730769230769
"3298","N7",2013,2013-05-09,0.0301653846153846
"3299","N7",2013,2013-05-17,0.0379807692307692
"3300","N7",2013,2013-05-25,0.02355
"3301","N7",2013,2013-06-02,0.03805
"3302","N7",2013,2013-06-10,0.0462958333333333
"3303","N7",2013,2013-06-18,0.0276260869565217
"3304","N7",2013,2013-06-26,0.0401076923076923
"3305","N7",2013,2013-07-04,0.049725
"3306","N7",2013,2013-07-12,0.0436347826086957
"3307","N7",2013,2013-07-20,0.044896
"3308","N7",2013,2013-07-28,0.0448875
"3309","N7",2014,2014-05-01,0.0142083333333333
"3310","N7",2014,2014-05-17,0.0382346153846154
"3311","N7",2014,2014-05-25,0.0356173913043478
"3312","N7",2014,2014-06-02,0.0476846153846154
"3313","N7",2014,2014-06-10,0.0401884615384615
"3314","N7",2014,2014-06-18,0.03416
"3315","N7",2014,2014-06-26,0.0516434782608696
"3316","N7",2014,2014-07-04,0.051168
"3317","N7",2014,2014-07-12,0.051832
"3318","N7",2014,2014-07-20,0.048608
"3319","N7",2014,2014-07-28,0.0479461538461538
"3320","N7",2015,2015-05-01,0.0225769230769231
"3321","N7",2015,2015-05-09,0.024392
"3322","N7",2015,2015-05-17,0.0313038461538462
"3323","N7",2015,2015-05-25,0.036568
"3324","N7",2015,2015-06-10,0.0373882352941176
"3325","N7",2015,2015-06-18,0.048608
"3326","N7",2015,2015-06-26,0.0485333333333333
"3327","N7",2015,2015-07-04,0.04
"3328","N7",2015,2015-07-12,0.0386142857142857
"3329","N7",2015,2015-07-20,0.03828
"3330","N7",2015,2015-07-28,0.0493541666666667
"3331","N7",2016,2016-05-08,0.026544
"3332","N7",2016,2016-05-16,0.0337576923076923
"3333","N7",2016,2016-05-24,0.0350583333333333
"3334","N7",2016,2016-06-01,0.0554
"3335","N7",2016,2016-06-09,0.040908
"3336","N7",2016,2016-06-17,0.0494083333333333
"3337","N7",2016,2016-06-25,0.0543478260869565
"3338","N7",2016,2016-07-11,0.0373217391304348
"3339","N7",2016,2016-07-19,0.0285083333333333
"3340","N7",2016,2016-07-27,0.0384444444444444
"3341","N7",2017,2017-05-01,0.0171230769230769
"3342","N7",2017,2017-05-09,0.031828
"3343","N7",2017,2017-05-17,0.0209307692307692
"3344","N7",2017,2017-05-25,0.0503346153846154
"3345","N7",2017,2017-06-02,0.0478478260869565
"3346","N7",2017,2017-06-10,0.0323875
"3347","N7",2017,2017-06-18,0.0472526315789474
"3348","N7",2017,2017-06-26,0.0433923076923077
"3349","N7",2017,2017-07-04,0.0426166666666667
"3350","N7",2017,2017-07-12,0.0472086956521739
"3351","N7",2017,2017-07-20,0.04246
"3352","N7",2018,2018-05-01,0.02378
"3353","N7",2018,2018-05-09,0.0267115384615385
"3354","N7",2018,2018-05-17,0.0362818181818182
"3355","N7",2018,2018-05-25,0.0340115384615385
"3356","N7",2018,2018-06-02,0.0496055555555556
"3357","N7",2018,2018-06-10,0.0349541666666667
"3358","N7",2018,2018-06-18,0.0382590909090909
"3359","N7",2018,2018-06-26,0.03812
"3360","N7",2018,2018-07-04,0.0475478260869565
"3361","N7",2018,2018-07-12,0.04435
"3362","N7",2018,2018-07-20,0.047948
"3363","N7",2018,2018-07-28,0.0434576923076923
"3364","N7",2019,2019-05-01,0.00885714285714286
"3365","N7",2019,2019-05-09,0.0207095238095238
"3366","N7",2019,2019-05-25,0.0309333333333333
"3367","N7",2019,2019-06-02,0.04635
"3368","N7",2019,2019-06-10,0.0400961538461538
"3369","N7",2019,2019-06-18,0.0406333333333333
"3370","N7",2019,2019-06-26,0.0250818181818182
"3371","N7",2019,2019-07-04,0.040624
"3372","N7",2019,2019-07-12,0.0351791666666667
"3373","N7",2019,2019-07-20,0.0438615384615385
"3374","N7",2019,2019-07-28,0.0455791666666667
"3375","N7",2020,2020-05-08,0.0167576923076923
"3376","N7",2020,2020-05-16,0.0164888888888889
"3377","N7",2020,2020-05-24,0.03094
"3378","N7",2020,2020-06-01,0.0367346153846154
"3379","N7",2020,2020-06-09,0.0493307692307692
"3380","N7",2020,2020-06-25,0.0388461538461538
"3381","N7",2020,2020-07-03,0.0354846153846154
"3382","N7",2020,2020-07-11,0.04
"3383","N7",2020,2020-07-19,0.04571
"3384","N7",2020,2020-07-27,0.0355642857142857
"3385","N7",2021,2021-05-01,0.022555
"3386","N7",2021,2021-05-09,0.0194705882352941
"3387","N7",2021,2021-05-17,0.0290608695652174
"3388","N7",2021,2021-05-25,0.034924
"3389","N7",2021,2021-06-02,0.0372818181818182
"3390","N7",2021,2021-06-10,0.0450333333333333
"3391","N7",2021,2021-06-18,0.0335958333333333
"3392","N7",2021,2021-06-26,0.0401125
"3393","N7",2021,2021-07-04,0.0386307692307692
"3394","N7",2021,2021-07-20,0.037292
"3395","N7",2022,2022-05-01,0.010092
"3396","N7",2022,2022-05-09,0.0228791666666667
"3397","N7",2022,2022-05-17,0.02485
"3398","N7",2022,2022-05-25,0.0325545454545455
"3399","N7",2022,2022-06-02,0.040056
"3400","N7",2022,2022-06-10,0.0432923076923077
"3401","N7",2022,2022-06-18,0.0456916666666667
"3402","N7",2022,2022-06-26,0.0522
"3403","N7",2022,2022-07-04,0.0362791666666667
"3404","N7",2022,2022-07-12,0.0511928571428571
"3405","N7",2022,2022-07-20,0.04494
"3406","N7",2022,2022-07-28,0.0490578947368421
"3407","N7",2023,2023-05-09,0.0267538461538462
"3408","N7",2023,2023-05-17,0.038
"3409","N7",2023,2023-05-25,0.0322545454545455
"3410","N7",2023,2023-06-02,0.03915
"3411","N7",2023,2023-06-10,0.04144
"3412","N7",2023,2023-06-18,0.04605
"3413","N7",2023,2023-07-04,0.046508
"3414","N7",2023,2023-07-12,0.0479458333333333
"3415","N7",2023,2023-07-20,0.0409461538461538
"3416","N7",2023,2023-07-28,0.0389909090909091
"3417","N7",2024,2024-05-08,0.0316318181818182
"3418","N7",2024,2024-05-16,0.0381166666666667
"3419","N7",2024,2024-05-24,0.041128
"3420","N7",2024,2024-06-09,0.045468
"3421","N7",2024,2024-06-17,0.0371
"3422","N7",2024,2024-06-25,0.04238125
"3423","N7",2024,2024-07-03,0.0447
"3424","N7",2024,2024-07-11,0.0461625
"3425","N7",2024,2024-07-19,0.0469380952380952
"3426","N7",2024,2024-07-27,0.032884
"3427","N7",2025,2025-05-01,0.0217346153846154
"3428","N7",2025,2025-05-09,0.0283818181818182
"3429","N7",2025,2025-05-17,0.0251619047619048
"3430","N7",2025,2025-05-25,0.0356083333333333
"3431","N7",2025,2025-06-02,0.0320208333333333
"3432","N7",2025,2025-06-10,0.0406538461538462
"3433","N7",2025,2025-06-18,0.03534
"3434","N7",2025,2025-07-04,0.038496
"3435","N7",2025,2025-07-12,0.0367857142857143
"3436","N7",2025,2025-07-20,0.0304
"3437","N7",2025,2025-07-28,0.0401166666666667
"3438","N8",2013,2013-05-01,0.016324
"3439","N8",2013,2013-05-09,0.024692
"3440","N8",2013,2013-05-17,0.029524
"3441","N8",2013,2013-05-25,0.019296
"3442","N8",2013,2013-06-02,0.0366285714285714
"3443","N8",2013,2013-06-10,0.04172
"3444","N8",2013,2013-06-18,0.028152
"3445","N8",2013,2013-06-26,0.041452
"3446","N8",2013,2013-07-04,0.051976
"3447","N8",2013,2013-07-12,0.0449
"3448","N8",2013,2013-07-20,0.0494772727272727
"3449","N8",2013,2013-07-28,0.049625
"3450","N8",2014,2014-05-01,0.0118571428571429
"3451","N8",2014,2014-05-17,0.031112
"3452","N8",2014,2014-05-25,0.0310041666666667
"3453","N8",2014,2014-06-02,0.0390777777777778
"3454","N8",2014,2014-06-10,0.03688
"3455","N8",2014,2014-06-18,0.0333846153846154
"3456","N8",2014,2014-06-26,0.0518
"3457","N8",2014,2014-07-04,0.052132
"3458","N8",2014,2014-07-12,0.052948
"3459","N8",2014,2014-07-20,0.050588
"3460","N8",2014,2014-07-28,0.049196
"3461","N8",2015,2015-05-01,0.020404
"3462","N8",2015,2015-05-09,0.0237
"3463","N8",2015,2015-05-17,0.029204
"3464","N8",2015,2015-05-25,0.0349695652173913
"3465","N8",2015,2015-06-10,0.0363444444444444
"3466","N8",2015,2015-06-18,0.0490583333333333
"3467","N8",2015,2015-06-26,0.0477117647058824
"3468","N8",2015,2015-07-04,0.0406434782608696
"3469","N8",2015,2015-07-12,0.04517
"3470","N8",2015,2015-07-20,0.0415272727272727
"3471","N8",2015,2015-07-28,0.049732
"3472","N8",2016,2016-05-08,0.0231958333333333
"3473","N8",2016,2016-05-16,0.0308761904761905
"3474","N8",2016,2016-05-24,0.0289125
"3475","N8",2016,2016-06-01,0.0483041666666667
"3476","N8",2016,2016-06-09,0.0368565217391304
"3477","N8",2016,2016-06-17,0.048532
"3478","N8",2016,2016-06-25,0.052072
"3479","N8",2016,2016-07-11,0.039325
"3480","N8",2016,2016-07-19,0.0298045454545455
"3481","N8",2016,2016-07-27,0.0420263157894737
"3482","N8",2017,2017-05-01,0.01606
"3483","N8",2017,2017-05-09,0.0309318181818182
"3484","N8",2017,2017-05-17,0.01545
"3485","N8",2017,2017-05-25,0.047356
"3486","N8",2017,2017-06-02,0.0429291666666667
"3487","N8",2017,2017-06-10,0.0313304347826087
"3488","N8",2017,2017-06-18,0.0446916666666667
"3489","N8",2017,2017-06-26,0.040776
"3490","N8",2017,2017-07-04,0.041856
"3491","N8",2017,2017-07-12,0.046356
"3492","N8",2017,2017-07-20,0.043104
"3493","N8",2018,2018-05-01,0.0199208333333333
"3494","N8",2018,2018-05-09,0.022896
"3495","N8",2018,2018-05-17,0.0325636363636364
"3496","N8",2018,2018-05-25,0.0309636363636364
"3497","N8",2018,2018-06-02,0.044
"3498","N8",2018,2018-06-10,0.0337
"3499","N8",2018,2018-06-18,0.0366238095238095
"3500","N8",2018,2018-06-26,0.039224
"3501","N8",2018,2018-07-04,0.0488
"3502","N8",2018,2018-07-12,0.0460375
"3503","N8",2018,2018-07-20,0.0508434782608696
"3504","N8",2018,2018-07-28,0.045092
"3505","N8",2019,2019-05-01,0.00851428571428571
"3506","N8",2019,2019-05-09,0.0191681818181818
"3507","N8",2019,2019-05-25,0.027536
"3508","N8",2019,2019-06-02,0.04285
"3509","N8",2019,2019-06-10,0.036248
"3510","N8",2019,2019-06-18,0.038052
"3511","N8",2019,2019-06-26,0.024075
"3512","N8",2019,2019-07-04,0.0395416666666667
"3513","N8",2019,2019-07-12,0.0355173913043478
"3514","N8",2019,2019-07-20,0.04482
"3515","N8",2019,2019-07-28,0.046796
"3516","N8",2020,2020-05-08,0.015784
"3517","N8",2020,2020-05-16,0.0139818181818182
"3518","N8",2020,2020-05-24,0.0307111111111111
"3519","N8",2020,2020-06-01,0.032444
"3520","N8",2020,2020-06-09,0.045448
"3521","N8",2020,2020-06-25,0.038592
"3522","N8",2020,2020-07-03,0.03686
"3523","N8",2020,2020-07-11,0.0369333333333333
"3524","N8",2020,2020-07-19,0.0474142857142857
"3525","N8",2020,2020-07-27,0.0377565217391304
"3526","N8",2021,2021-05-01,0.0191473684210526
"3527","N8",2021,2021-05-09,0.0197
"3528","N8",2021,2021-05-17,0.0272857142857143
"3529","N8",2021,2021-05-25,0.032404
"3530","N8",2021,2021-06-02,0.03312
"3531","N8",2021,2021-06-10,0.043516
"3532","N8",2021,2021-06-18,0.0327590909090909
"3533","N8",2021,2021-06-26,0.03994
"3534","N8",2021,2021-07-04,0.040024
"3535","N8",2021,2021-07-20,0.0380913043478261
"3536","N8",2022,2022-05-01,0.009108
"3537","N8",2022,2022-05-09,0.0213478260869565
"3538","N8",2022,2022-05-17,0.0193857142857143
"3539","N8",2022,2022-05-25,0.0273458333333333
"3540","N8",2022,2022-06-02,0.03752
"3541","N8",2022,2022-06-10,0.04038
"3542","N8",2022,2022-06-18,0.0426083333333333
"3543","N8",2022,2022-06-26,0.050048
"3544","N8",2022,2022-07-04,0.0366
"3545","N8",2022,2022-07-12,0.051347619047619
"3546","N8",2022,2022-07-28,0.0496181818181818
"3547","N8",2023,2023-05-09,0.026588
"3548","N8",2023,2023-05-17,0.0359789473684211
"3549","N8",2023,2023-05-25,0.0279636363636364
"3550","N8",2023,2023-06-02,0.036512
"3551","N8",2023,2023-06-10,0.0406782608695652
"3552","N8",2023,2023-06-18,0.04532
"3553","N8",2023,2023-07-04,0.046808
"3554","N8",2023,2023-07-12,0.0485041666666667
"3555","N8",2023,2023-07-20,0.041904
"3556","N8",2023,2023-07-28,0.0400052631578947
"3557","N8",2024,2024-05-08,0.0282473684210526
"3558","N8",2024,2024-05-16,0.034728
"3559","N8",2024,2024-05-24,0.034704
"3560","N8",2024,2024-06-09,0.040516
"3561","N8",2024,2024-06-17,0.0334916666666667
"3562","N8",2024,2024-06-25,0.0448642857142857
"3563","N8",2024,2024-07-03,0.0448695652173913
"3564","N8",2024,2024-07-11,0.047828
"3565","N8",2024,2024-07-19,0.0481263157894737
"3566","N8",2024,2024-07-27,0.0334
"3567","N8",2025,2025-05-01,0.0216875
"3568","N8",2025,2025-05-09,0.026652
"3569","N8",2025,2025-05-17,0.021205
"3570","N8",2025,2025-05-25,0.0310833333333333
"3571","N8",2025,2025-06-02,0.0279666666666667
"3572","N8",2025,2025-06-10,0.0384555555555556
"3573","N8",2025,2025-06-18,0.035224
"3574","N8",2025,2025-07-04,0.039288
"3575","N8",2025,2025-07-12,0.041725
"3576","N8",2025,2025-07-20,0.03072
"3577","N8",2025,2025-07-28,0.0387521739130435
"3578","N9",2013,2013-05-01,0.018144
"3579","N9",2013,2013-05-09,0.022668
"3580","N9",2013,2013-05-17,0.0339625
"3581","N9",2013,2013-05-25,0.0368615384615385
"3582","N9",2013,2013-06-02,0.0394
"3583","N9",2013,2013-06-10,0.05157
"3584","N9",2013,2013-06-18,0.0363941176470588
"3585","N9",2013,2013-06-26,0.04813125
"3586","N9",2013,2013-07-04,0.05146
"3587","N9",2013,2013-07-12,0.0433222222222222
"3588","N9",2013,2013-07-20,0.0395636363636364
"3589","N9",2013,2013-07-28,0.0495133333333333
"3590","N9",2014,2014-05-01,0.01494
"3591","N9",2014,2014-05-17,0.0372
"3592","N9",2014,2014-05-25,0.0371909090909091
"3593","N9",2014,2014-06-02,0.0479863636363636
"3594","N9",2014,2014-06-10,0.0454625
"3595","N9",2014,2014-06-26,0.0571
"3596","N9",2014,2014-07-04,0.05344
"3597","N9",2014,2014-07-12,0.05164375
"3598","N9",2014,2014-07-20,0.0439235294117647
"3599","N9",2014,2014-07-28,0.0477733333333333
"3600","N9",2015,2015-05-01,0.0185833333333333
"3601","N9",2015,2015-05-09,0.0209958333333333
"3602","N9",2015,2015-05-17,0.03344
"3603","N9",2015,2015-05-25,0.0396315789473684
"3604","N9",2015,2015-06-10,0.0422235294117647
"3605","N9",2015,2015-06-18,0.05836
"3606","N9",2015,2015-06-26,0.05894
"3607","N9",2015,2015-07-04,0.05389
"3608","N9",2015,2015-07-12,0.0462
"3609","N9",2015,2015-07-20,0.04236875
"3610","N9",2015,2015-07-28,0.0450769230769231
"3611","N9",2016,2016-05-08,0.020496
"3612","N9",2016,2016-05-16,0.0383391304347826
"3613","N9",2016,2016-05-24,0.0393444444444444
"3614","N9",2016,2016-06-01,0.0493444444444444
"3615","N9",2016,2016-06-09,0.04813
"3616","N9",2016,2016-06-17,0.0491133333333333
"3617","N9",2016,2016-06-25,0.0633714285714286
"3618","N9",2016,2016-07-11,0.0426230769230769
"3619","N9",2016,2016-07-19,0.0324866666666667
"3620","N9",2016,2016-07-27,0.039652380952381
"3621","N9",2017,2017-05-01,0.020716
"3622","N9",2017,2017-05-09,0.0328666666666667
"3623","N9",2017,2017-05-17,0.0275809523809524
"3624","N9",2017,2017-05-25,0.0528904761904762
"3625","N9",2017,2017-06-02,0.05335
"3626","N9",2017,2017-06-10,0.0403764705882353
"3627","N9",2017,2017-06-18,0.0496941176470588
"3628","N9",2017,2017-06-26,0.0468588235294118
"3629","N9",2017,2017-07-04,0.0531230769230769
"3630","N9",2017,2017-07-12,0.0568375
"3631","N9",2017,2017-07-20,0.038535
"3632","N9",2018,2018-05-01,0.022704
"3633","N9",2018,2018-05-09,0.0241125
"3634","N9",2018,2018-05-17,0.03415
"3635","N9",2018,2018-05-25,0.0408842105263158
"3636","N9",2018,2018-06-02,0.0552380952380952
"3637","N9",2018,2018-06-10,0.0420368421052632
"3638","N9",2018,2018-06-18,0.0458
"3639","N9",2018,2018-06-26,0.0440714285714286
"3640","N9",2018,2018-07-04,0.0519833333333333
"3641","N9",2018,2018-07-12,0.0473583333333333
"3642","N9",2018,2018-07-20,0.05378
"3643","N9",2018,2018-07-28,0.0432
"3644","N9",2019,2019-05-01,0.0127208333333333
"3645","N9",2019,2019-05-09,0.0215545454545455
"3646","N9",2019,2019-05-25,0.0332913043478261
"3647","N9",2019,2019-06-02,0.050047619047619
"3648","N9",2019,2019-06-10,0.0374260869565217
"3649","N9",2019,2019-06-18,0.044475
"3650","N9",2019,2019-06-26,0.0337823529411765
"3651","N9",2019,2019-07-04,0.0511785714285714
"3652","N9",2019,2019-07-12,0.0392176470588235
"3653","N9",2019,2019-07-20,0.0468384615384615
"3654","N9",2019,2019-07-28,0.0459823529411765
"3655","N9",2020,2020-05-08,0.0182541666666667
"3656","N9",2020,2020-05-16,0.028496
"3657","N9",2020,2020-05-24,0.043352380952381
"3658","N9",2020,2020-06-01,0.0484944444444444
"3659","N9",2020,2020-06-09,0.0560466666666667
"3660","N9",2020,2020-06-25,0.0522866666666667
"3661","N9",2020,2020-07-03,0.0391307692307692
"3662","N9",2020,2020-07-11,0.0422375
"3663","N9",2020,2020-07-19,0.0499444444444444
"3664","N9",2020,2020-07-27,0.039275
"3665","N9",2021,2021-05-01,0.0210947368421053
"3666","N9",2021,2021-05-09,0.0217642857142857
"3667","N9",2021,2021-05-17,0.0345458333333333
"3668","N9",2021,2021-05-25,0.0410833333333333
"3669","N9",2021,2021-06-02,0.0390947368421053
"3670","N9",2021,2021-06-10,0.0471705882352941
"3671","N9",2021,2021-06-18,0.040521052631579
"3672","N9",2021,2021-06-26,0.04303125
"3673","N9",2021,2021-07-04,0.04263125
"3674","N9",2021,2021-07-20,0.0383375
"3675","N9",2021,2021-07-28,0.0412947368421053
"3676","N9",2022,2022-05-01,0.01074
"3677","N9",2022,2022-05-09,0.029092
"3678","N9",2022,2022-05-17,0.0329565217391304
"3679","N9",2022,2022-06-02,0.04285
"3680","N9",2022,2022-06-10,0.050395
"3681","N9",2022,2022-06-18,0.0469235294117647
"3682","N9",2022,2022-06-26,0.0583944444444444
"3683","N9",2022,2022-07-04,0.05065
"3684","N9",2022,2022-07-12,0.04965
"3685","N9",2022,2022-07-20,0.0512642857142857
"3686","N9",2022,2022-07-28,0.0503571428571429
"3687","N9",2023,2023-05-09,0.030396
"3688","N9",2023,2023-05-17,0.0421315789473684
"3689","N9",2023,2023-05-25,0.0428590909090909
"3690","N9",2023,2023-06-02,0.04635
"3691","N9",2023,2023-06-10,0.0381222222222222
"3692","N9",2023,2023-06-18,0.0462705882352941
"3693","N9",2023,2023-06-26,0.0335857142857143
"3694","N9",2023,2023-07-04,0.04823
"3695","N9",2023,2023-07-12,0.0494733333333333
"3696","N9",2023,2023-07-20,0.0386866666666667
"3697","N9",2023,2023-07-28,0.0393071428571429
"3698","N9",2024,2024-05-08,0.0339875
"3699","N9",2024,2024-05-16,0.046685
"3700","N9",2024,2024-05-24,0.0426818181818182
"3701","N9",2024,2024-06-09,0.0485058823529412
"3702","N9",2024,2024-06-17,0.02632
"3703","N9",2024,2024-06-25,0.0451190476190476
"3704","N9",2024,2024-07-03,0.0395739130434783
"3705","N9",2024,2024-07-11,0.04506
"3706","N9",2024,2024-07-19,0.04645
"3707","N9",2024,2024-07-27,0.03478125
"3708","N9",2025,2025-05-01,0.019824
"3709","N9",2025,2025-05-09,0.033376
"3710","N9",2025,2025-05-17,0.0172
"3711","N9",2025,2025-05-25,0.037695
"3712","N9",2025,2025-06-02,0.0413538461538462
"3713","N9",2025,2025-06-10,0.0491
"3714","N9",2025,2025-06-18,0.0368444444444444
"3715","N9",2025,2025-07-04,0.0432166666666667
"3716","N9",2025,2025-07-12,0.0444846153846154
"3717","N9",2025,2025-07-20,0.0348761904761905
"3718","N9",2025,2025-07-28,0.0396375
"3719","OAK",2013,2013-05-01,0.0158884615384615
"3720","OAK",2013,2013-05-09,0.024
"3721","OAK",2013,2013-05-17,0.0286846153846154
"3722","OAK",2013,2013-05-25,0.01885
"3723","OAK",2013,2013-06-02,0.03715
"3724","OAK",2013,2013-06-10,0.0411384615384615
"3725","OAK",2013,2013-06-18,0.0279
"3726","OAK",2013,2013-06-26,0.0416576923076923
"3727","OAK",2013,2013-07-04,0.0519
"3728","OAK",2013,2013-07-12,0.044648
"3729","OAK",2013,2013-07-20,0.0497217391304348
"3730","OAK",2013,2013-07-28,0.049724
"3731","OAK",2014,2014-05-01,0.0115136363636364
"3732","OAK",2014,2014-05-17,0.0302384615384615
"3733","OAK",2014,2014-05-25,0.030108
"3734","OAK",2014,2014-06-02,0.0376842105263158
"3735","OAK",2014,2014-06-10,0.0359846153846154
"3736","OAK",2014,2014-06-18,0.0338642857142857
"3737","OAK",2014,2014-06-26,0.0516346153846154
"3738","OAK",2014,2014-07-04,0.0518230769230769
"3739","OAK",2014,2014-07-12,0.0531038461538462
"3740","OAK",2014,2014-07-20,0.0505346153846154
"3741","OAK",2014,2014-07-28,0.0493269230769231
"3742","OAK",2015,2015-05-01,0.0208076923076923
"3743","OAK",2015,2015-05-09,0.0233428571428571
"3744","OAK",2015,2015-05-17,0.0297538461538462
"3745","OAK",2015,2015-05-25,0.0345875
"3746","OAK",2015,2015-06-10,0.0363631578947368
"3747","OAK",2015,2015-06-18,0.049256
"3748","OAK",2015,2015-06-26,0.0477117647058824
"3749","OAK",2015,2015-07-04,0.0407130434782609
"3750","OAK",2015,2015-07-12,0.0448
"3751","OAK",2015,2015-07-20,0.0414086956521739
"3752","OAK",2015,2015-07-28,0.0495884615384615
"3753","OAK",2016,2016-05-08,0.022344
"3754","OAK",2016,2016-05-16,0.0298181818181818
"3755","OAK",2016,2016-05-24,0.0282055555555556
"3756","OAK",2016,2016-06-01,0.0483608695652174
"3757","OAK",2016,2016-06-09,0.036575
"3758","OAK",2016,2016-06-17,0.0482730769230769
"3759","OAK",2016,2016-06-25,0.0519076923076923
"3760","OAK",2016,2016-07-11,0.0393
"3761","OAK",2016,2016-07-19,0.02985
"3762","OAK",2016,2016-07-27,0.04194
"3763","OAK",2017,2017-05-01,0.0155923076923077
"3764","OAK",2017,2017-05-09,0.0298347826086957
"3765","OAK",2017,2017-05-17,0.01545
"3766","OAK",2017,2017-05-25,0.0455653846153846
"3767","OAK",2017,2017-06-02,0.041988
"3768","OAK",2017,2017-06-10,0.030284
"3769","OAK",2017,2017-06-18,0.0445
"3770","OAK",2017,2017-06-26,0.0407961538461538
"3771","OAK",2017,2017-07-04,0.0418961538461538
"3772","OAK",2017,2017-07-12,0.0465538461538462
"3773","OAK",2017,2017-07-20,0.04305
"3774","OAK",2018,2018-05-01,0.019352
"3775","OAK",2018,2018-05-09,0.0222076923076923
"3776","OAK",2018,2018-05-17,0.0319681818181818
"3777","OAK",2018,2018-05-25,0.0305217391304348
"3778","OAK",2018,2018-06-02,0.043388
"3779","OAK",2018,2018-06-10,0.0332769230769231
"3780","OAK",2018,2018-06-18,0.0365681818181818
"3781","OAK",2018,2018-06-26,0.0390538461538462
"3782","OAK",2018,2018-07-04,0.0487307692307692
"3783","OAK",2018,2018-07-12,0.0460346153846154
"3784","OAK",2018,2018-07-20,0.0500739130434783
"3785","OAK",2018,2018-07-28,0.0452115384615385
"3786","OAK",2019,2019-05-01,0.00826666666666667
"3787","OAK",2019,2019-05-09,0.0187272727272727
"3788","OAK",2019,2019-05-25,0.0263807692307692
"3789","OAK",2019,2019-06-02,0.042225
"3790","OAK",2019,2019-06-10,0.035904
"3791","OAK",2019,2019-06-18,0.0367961538461538
"3792","OAK",2019,2019-06-26,0.0237571428571429
"3793","OAK",2019,2019-07-04,0.039464
"3794","OAK",2019,2019-07-12,0.0357041666666667
"3795","OAK",2019,2019-07-20,0.0448
"3796","OAK",2019,2019-07-28,0.0468653846153846
"3797","OAK",2020,2020-05-08,0.0154
"3798","OAK",2020,2020-05-16,0.0134615384615385
"3799","OAK",2020,2020-05-24,0.0291111111111111
"3800","OAK",2020,2020-06-01,0.0322
"3801","OAK",2020,2020-06-09,0.0444423076923077
"3802","OAK",2020,2020-06-25,0.0382884615384615
"3803","OAK",2020,2020-07-03,0.0371076923076923
"3804","OAK",2020,2020-07-11,0.0369333333333333
"3805","OAK",2020,2020-07-19,0.0472071428571429
"3806","OAK",2020,2020-07-27,0.0377869565217391
"3807","OAK",2021,2021-05-01,0.01856
"3808","OAK",2021,2021-05-09,0.0191708333333333
"3809","OAK",2021,2021-05-17,0.0271846153846154
"3810","OAK",2021,2021-05-25,0.0317692307692308
"3811","OAK",2021,2021-06-02,0.0322653846153846
"3812","OAK",2021,2021-06-10,0.0430615384615385
"3813","OAK",2021,2021-06-18,0.032295652173913
"3814","OAK",2021,2021-06-26,0.0401153846153846
"3815","OAK",2021,2021-07-04,0.0400269230769231
"3816","OAK",2021,2021-07-20,0.0381166666666667
"3817","OAK",2022,2022-05-01,0.00905769230769231
"3818","OAK",2022,2022-05-09,0.0215083333333333
"3819","OAK",2022,2022-05-17,0.0196636363636364
"3820","OAK",2022,2022-05-25,0.0273913043478261
"3821","OAK",2022,2022-06-02,0.0366769230769231
"3822","OAK",2022,2022-06-10,0.0395961538461538
"3823","OAK",2022,2022-06-18,0.0419846153846154
"3824","OAK",2022,2022-06-26,0.0499038461538462
"3825","OAK",2022,2022-07-04,0.0366041666666667
"3826","OAK",2022,2022-07-12,0.0513714285714286
"3827","OAK",2022,2022-07-28,0.0497090909090909
"3828","OAK",2023,2023-05-09,0.0262846153846154
"3829","OAK",2023,2023-05-17,0.0362684210526316
"3830","OAK",2023,2023-05-25,0.0270909090909091
"3831","OAK",2023,2023-06-02,0.0359538461538462
"3832","OAK",2023,2023-06-10,0.0410181818181818
"3833","OAK",2023,2023-06-18,0.0450576923076923
"3834","OAK",2023,2023-07-04,0.0469230769230769
"3835","OAK",2023,2023-07-12,0.048384
"3836","OAK",2023,2023-07-20,0.041936
"3837","OAK",2023,2023-07-28,0.0400631578947368
"3838","OAK",2024,2024-05-08,0.0267904761904762
"3839","OAK",2024,2024-05-16,0.034628
"3840","OAK",2024,2024-05-24,0.034252
"3841","OAK",2024,2024-06-09,0.0400884615384615
"3842","OAK",2024,2024-06-17,0.033828
"3843","OAK",2024,2024-06-25,0.0435933333333333
"3844","OAK",2024,2024-07-03,0.0448416666666667
"3845","OAK",2024,2024-07-11,0.047764
"3846","OAK",2024,2024-07-19,0.048155
"3847","OAK",2024,2024-07-27,0.0333153846153846
"3848","OAK",2025,2025-05-01,0.0214083333333333
"3849","OAK",2025,2025-05-09,0.0260576923076923
"3850","OAK",2025,2025-05-17,0.0202409090909091
"3851","OAK",2025,2025-05-25,0.0304052631578947
"3852","OAK",2025,2025-06-02,0.027208
"3853","OAK",2025,2025-06-10,0.0369
"3854","OAK",2025,2025-06-18,0.0349153846153846
"3855","OAK",2025,2025-07-04,0.0391192307692308
"3856","OAK",2025,2025-07-12,0.039525
"3857","OAK",2025,2025-07-20,0.0307291666666667
"3858","OAK",2025,2025-07-28,0.0385434782608696
"3859","PLA",2013,2013-05-01,0.0196333333333333
"3860","PLA",2013,2013-05-09,0.0239619047619048
"3861","PLA",2013,2013-05-17,0.0262263157894737
"3862","PLA",2013,2013-05-25,0.0216076923076923
"3863","PLA",2013,2013-06-02,0.0360238095238095
"3864","PLA",2013,2013-06-10,0.0286411764705882
"3865","PLA",2013,2013-06-18,0.0293454545454545
"3866","PLA",2013,2013-06-26,0.0303
"3867","PLA",2013,2013-07-04,0.0212222222222222
"3868","PLA",2013,2013-07-12,0.03996
"3869","PLA",2013,2013-07-20,0.0384857142857143
"3870","PLA",2013,2013-07-28,0.04626875
"3871","PLA",2014,2014-05-01,0.0245684210526316
"3872","PLA",2014,2014-05-17,0.03175
"3873","PLA",2014,2014-05-25,0.03195
"3874","PLA",2014,2014-06-02,0.0364125
"3875","PLA",2014,2014-06-10,0.0386190476190476
"3876","PLA",2014,2014-06-26,0.0300615384615385
"3877","PLA",2014,2014-07-04,0.0456842105263158
"3878","PLA",2014,2014-07-12,0.0372714285714286
"3879","PLA",2014,2014-07-28,0.0431619047619048
"3880","PLA",2015,2015-05-01,0.02992
"3881","PLA",2015,2015-05-09,0.0259181818181818
"3882","PLA",2015,2015-05-17,0.0260555555555556
"3883","PLA",2015,2015-05-25,0.0248578947368421
"3884","PLA",2015,2015-06-10,0.0223888888888889
"3885","PLA",2015,2015-06-18,0.0270052631578947
"3886","PLA",2015,2015-06-26,0.03771
"3887","PLA",2015,2015-07-04,0.0310190476190476
"3888","PLA",2015,2015-07-12,0.0259111111111111
"3889","PLA",2015,2015-07-20,0.030325
"3890","PLA",2015,2015-07-28,0.0406666666666667
"3891","PLA",2016,2016-05-08,0.0239
"3892","PLA",2016,2016-05-16,0.0307555555555556
"3893","PLA",2016,2016-05-24,0.0281555555555556
"3894","PLA",2016,2016-06-01,0.02981
"3895","PLA",2016,2016-06-09,0.0316952380952381
"3896","PLA",2016,2016-06-17,0.0382285714285714
"3897","PLA",2016,2016-06-25,0.0425666666666667
"3898","PLA",2016,2016-07-11,0.03569
"3899","PLA",2016,2016-07-19,0.0273473684210526
"3900","PLA",2016,2016-07-27,0.0338555555555556
"3901","PLA",2017,2017-05-01,0.0182571428571429
"3902","PLA",2017,2017-05-09,0.0314526315789474
"3903","PLA",2017,2017-05-17,0.02698
"3904","PLA",2017,2017-05-25,0.0389473684210526
"3905","PLA",2017,2017-06-02,0.03435
"3906","PLA",2017,2017-06-10,0.0302166666666667
"3907","PLA",2017,2017-06-18,0.0327523809523809
"3908","PLA",2017,2017-06-26,0.040535
"3909","PLA",2017,2017-07-04,0.0288052631578947
"3910","PLA",2017,2017-07-12,0.0361368421052632
"3911","PLA",2017,2017-07-20,0.03022
"3912","PLA",2018,2018-05-01,0.0266538461538462
"3913","PLA",2018,2018-05-09,0.018725
"3914","PLA",2018,2018-05-17,0.0296619047619048
"3915","PLA",2018,2018-05-25,0.0238904761904762
"3916","PLA",2018,2018-06-02,0.0360333333333333
"3917","PLA",2018,2018-06-10,0.0245571428571429
"3918","PLA",2018,2018-06-18,0.0345190476190476
"3919","PLA",2018,2018-06-26,0.0312222222222222
"3920","PLA",2018,2018-07-04,0.03792
"3921","PLA",2018,2018-07-12,0.0329047619047619
"3922","PLA",2018,2018-07-28,0.0303857142857143
"3923","PLA",2019,2019-05-01,0.0254571428571429
"3924","PLA",2019,2019-05-09,0.0219375
"3925","PLA",2019,2019-05-25,0.02589375
"3926","PLA",2019,2019-06-02,0.03146875
"3927","PLA",2019,2019-06-10,0.0277368421052632
"3928","PLA",2019,2019-06-18,0.0282238095238095
"3929","PLA",2019,2019-06-26,0.0233
"3930","PLA",2019,2019-07-04,0.0294421052631579
"3931","PLA",2019,2019-07-12,0.0267111111111111
"3932","PLA",2019,2019-07-20,0.0303952380952381
"3933","PLA",2019,2019-07-28,0.0374428571428571
"3934","PLA",2020,2020-05-08,0.0194578947368421
"3935","PLA",2020,2020-05-16,0.0191555555555556
"3936","PLA",2020,2020-05-24,0.03392
"3937","PLA",2020,2020-06-01,0.0327333333333333
"3938","PLA",2020,2020-06-09,0.0385190476190476
"3939","PLA",2020,2020-06-25,0.025175
"3940","PLA",2020,2020-07-03,0.0253272727272727
"3941","PLA",2020,2020-07-11,0.0324153846153846
"3942","PLA",2020,2020-07-19,0.0238
"3943","PLA",2020,2020-07-27,0.0283125
"3944","PLA",2021,2021-05-01,0.019285
"3945","PLA",2021,2021-05-09,0.0253421052631579
"3946","PLA",2021,2021-05-25,0.0196294117647059
"3947","PLA",2021,2021-06-02,0.0284904761904762
"3948","PLA",2021,2021-06-10,0.0310047619047619
"3949","PLA",2021,2021-06-18,0.0248166666666667
"3950","PLA",2021,2021-06-26,0.0319333333333333
"3951","PLA",2021,2021-07-04,0.03082
"3952","PLA",2021,2021-07-20,0.0361153846153846
"3953","PLA",2021,2021-07-28,0.0341363636363636
"3954","PLA",2022,2022-05-01,0.0235809523809524
"3955","PLA",2022,2022-05-09,0.0343476190476191
"3956","PLA",2022,2022-05-17,0.03165
"3957","PLA",2022,2022-05-25,0.0319714285714286
"3958","PLA",2022,2022-06-02,0.0336333333333333
"3959","PLA",2022,2022-06-10,0.0252
"3960","PLA",2022,2022-06-18,0.0320285714285714
"3961","PLA",2022,2022-06-26,0.0295
"3962","PLA",2022,2022-07-04,0.0195714285714286
"3963","PLA",2022,2022-07-12,0.0298894736842105
"3964","PLA",2022,2022-07-20,0.02348
"3965","PLA",2022,2022-07-28,0.02872
"3966","PLA",2023,2023-05-09,0.0229333333333333
"3967","PLA",2023,2023-05-17,0.0355578947368421
"3968","PLA",2023,2023-05-25,0.0314777777777778
"3969","PLA",2023,2023-06-02,0.0294714285714286
"3970","PLA",2023,2023-06-10,0.02744
"3971","PLA",2023,2023-06-18,0.0247125
"3972","PLA",2023,2023-06-26,0.0215142857142857
"3973","PLA",2023,2023-07-04,0.029005
"3974","PLA",2023,2023-07-12,0.02744
"3975","PLA",2023,2023-07-20,0.023995
"3976","PLA",2023,2023-07-28,0.026745
"3977","PLA",2024,2024-05-08,0.0223
"3978","PLA",2024,2024-05-16,0.0307
"3979","PLA",2024,2024-05-24,0.03231
"3980","PLA",2024,2024-06-09,0.0354142857142857
"3981","PLA",2024,2024-06-17,0.02315
"3982","PLA",2024,2024-06-25,0.0275210526315789
"3983","PLA",2024,2024-07-03,0.0257307692307692
"3984","PLA",2024,2024-07-11,0.02155
"3985","PLA",2024,2024-07-19,0.03385
"3986","PLA",2024,2024-07-27,0.0208388888888889
"3987","PLA",2025,2025-05-01,0.0187333333333333
"3988","PLA",2025,2025-05-09,0.0276619047619048
"3989","PLA",2025,2025-05-17,0.0251190476190476
"3990","PLA",2025,2025-05-25,0.0274
"3991","PLA",2025,2025-06-02,0.0273210526315789
"3992","PLA",2025,2025-06-10,0.0208909090909091
"3993","PLA",2025,2025-06-18,0.0304470588235294
"3994","PLA",2025,2025-07-04,0.0255285714285714
"3995","PLA",2025,2025-07-12,0.0190333333333333
"3996","PLA",2025,2025-07-20,0.02032
"3997","PLA",2025,2025-07-28,0.0252263157894737
"3998","PS",2013,2013-05-01,0.0316625
"3999","PS",2013,2013-05-09,0.0325952380952381
"4000","PS",2013,2013-05-17,0.025052380952381
"4001","PS",2013,2013-05-25,0.0296583333333333
"4002","PS",2013,2013-06-10,0.0186142857142857
"4003","PS",2013,2013-06-18,0.0262863636363636
"4004","PS",2013,2013-06-26,0.0101954545454545
"4005","PS",2013,2013-07-04,0.0295857142857143
"4006","PS",2013,2013-07-12,0.0121
"4007","PS",2013,2013-07-20,0.0160272727272727
"4008","PS",2013,2013-07-28,0.0163380952380952
"4009","PS",2014,2014-05-01,0.0274125
"4010","PS",2014,2014-05-17,0.0276818181818182
"4011","PS",2014,2014-05-25,0.01
"4012","PS",2014,2014-06-02,0.0206916666666667
"4013","PS",2014,2014-06-10,0.0155947368421053
"4014","PS",2014,2014-06-18,0.0114923076923077
"4015","PS",2014,2014-06-26,0.00808181818181818
"4016","PS",2014,2014-07-04,0.0141
"4017","PS",2014,2014-07-12,0.00548571428571429
"4018","PS",2014,2014-07-20,0.0101666666666667
"4019","PS",2014,2014-07-28,0.0153785714285714
"4020","PS",2015,2015-05-01,0.0329818181818182
"4021","PS",2015,2015-05-09,0.01889375
"4022","PS",2015,2015-05-17,0.0210153846153846
"4023","PS",2015,2015-05-25,0.0185363636363636
"4024","PS",2015,2015-06-10,0.00645833333333333
"4025","PS",2015,2015-06-18,0.00266111111111111
"4026","PS",2015,2015-06-26,0.00329285714285714
"4027","PS",2015,2015-07-04,0.00626842105263158
"4028","PS",2015,2015-07-12,0.00548666666666667
"4029","PS",2015,2015-07-20,0.0155
"4030","PS",2015,2015-07-28,0.0201947368421053
"4031","PS",2016,2016-05-08,0.02216
"4032","PS",2016,2016-05-16,0.0176384615384615
"4033","PS",2016,2016-05-24,0.0195208333333333
"4034","PS",2016,2016-06-01,0.008784
"4035","PS",2016,2016-06-09,0.00893157894736842
"4036","PS",2016,2016-06-17,0.0182625
"4037","PS",2016,2016-06-25,0.00761304347826087
"4038","PS",2016,2016-07-11,0.00241666666666667
"4039","PS",2016,2016-07-19,0.00881666666666667
"4040","PS",2016,2016-07-27,0.00393333333333333
"4041","PS",2017,2017-05-01,0.0236521739130435
"4042","PS",2017,2017-05-09,0.0166333333333333
"4043","PS",2017,2017-05-17,0.0108083333333333
"4044","PS",2017,2017-05-25,0.0124333333333333
"4045","PS",2017,2017-06-02,0.0088
"4046","PS",2017,2017-06-10,0.0133307692307692
"4047","PS",2017,2017-06-18,0.0172434782608696
"4048","PS",2017,2017-06-26,0.0116666666666667
"4049","PS",2017,2017-07-04,0.0110173913043478
"4050","PS",2017,2017-07-12,0.0107
"4051","PS",2017,2017-07-20,0.0131434782608696
"4052","PS",2018,2018-05-01,0.0280086956521739
"4053","PS",2018,2018-05-09,0.00943809523809524
"4054","PS",2018,2018-05-17,0.0151230769230769
"4055","PS",2018,2018-05-25,0.01919
"4056","PS",2018,2018-06-02,0.01932
"4057","PS",2018,2018-06-10,0.0210666666666667
"4058","PS",2018,2018-06-18,0.0144809523809524
"4059","PS",2018,2018-06-26,0.0146904761904762
"4060","PS",2018,2018-07-04,0.015775
"4061","PS",2018,2018-07-12,0.0103227272727273
"4062","PS",2018,2018-07-20,0.012925
"4063","PS",2018,2018-07-28,0.0172272727272727
"4064","PS",2019,2019-05-01,0.0202
"4065","PS",2019,2019-05-09,0.0233625
"4066","PS",2019,2019-05-25,0.00805
"4067","PS",2019,2019-06-02,0.00676086956521739
"4068","PS",2019,2019-06-10,0.0140588235294118
"4069","PS",2019,2019-06-18,0.0120277777777778
"4070","PS",2019,2019-06-26,0.00802857142857143
"4071","PS",2019,2019-07-04,0.0064
"4072","PS",2019,2019-07-12,0.0048
"4073","PS",2019,2019-07-20,0.00796666666666667
"4074","PS",2019,2019-07-28,0.0199933333333333
"4075","PS",2020,2020-05-08,0.03475
"4076","PS",2020,2020-05-16,0.018345
"4077","PS",2020,2020-05-24,0.0125583333333333
"4078","PS",2020,2020-06-01,0.0118071428571429
"4079","PS",2020,2020-06-09,0.02954
"4080","PS",2020,2020-06-25,0.00693125
"4081","PS",2020,2020-07-03,0.0160647058823529
"4082","PS",2020,2020-07-11,0.0159214285714286
"4083","PS",2020,2020-07-19,0.0103136363636364
"4084","PS",2020,2020-07-27,0.01644
"4085","PS",2021,2021-05-01,0.0237666666666667
"4086","PS",2021,2021-05-09,0.0247611111111111
"4087","PS",2021,2021-05-17,0.0289
"4088","PS",2021,2021-05-25,0.0171708333333333
"4089","PS",2021,2021-06-02,0.01112
"4090","PS",2021,2021-06-10,0.00929090909090909
"4091","PS",2021,2021-06-18,0.0105
"4092","PS",2021,2021-06-26,0.0174153846153846
"4093","PS",2021,2021-07-04,0.0119958333333333
"4094","PS",2021,2021-07-20,0.0151866666666667
"4095","PS",2021,2021-07-28,0.0116866666666667
"4096","PS",2022,2022-05-01,0.0228666666666667
"4097","PS",2022,2022-05-09,0.0343916666666667
"4098","PS",2022,2022-05-17,0.01113
"4099","PS",2022,2022-05-25,0.0220208333333333
"4100","PS",2022,2022-06-02,0.0210739130434783
"4101","PS",2022,2022-06-10,0.01425
"4102","PS",2022,2022-06-18,0.0122117647058824
"4103","PS",2022,2022-06-26,0.0188541666666667
"4104","PS",2022,2022-07-04,0.01441
"4105","PS",2022,2022-07-12,0.0184785714285714
"4106","PS",2022,2022-07-20,0.011775
"4107","PS",2022,2022-07-28,0.013575
"4108","PS",2023,2023-05-09,0.0219368421052632
"4109","PS",2023,2023-05-17,0.0180428571428571
"4110","PS",2023,2023-05-25,0.0289727272727273
"4111","PS",2023,2023-06-02,0.0249
"4112","PS",2023,2023-06-10,0.0149666666666667
"4113","PS",2023,2023-06-18,0.0231
"4114","PS",2023,2023-06-26,0.026675
"4115","PS",2023,2023-07-04,0.0144181818181818
"4116","PS",2023,2023-07-12,0.0209142857142857
"4117","PS",2023,2023-07-20,0.0139777777777778
"4118","PS",2023,2023-07-28,0.0161
"4119","PS",2024,2024-05-08,0.0175086956521739
"4120","PS",2024,2024-05-16,0.02548
"4121","PS",2024,2024-05-24,0.012475
"4122","PS",2024,2024-06-09,0.013752380952381
"4123","PS",2024,2024-06-17,0.0191727272727273
"4124","PS",2024,2024-06-25,0.0084
"4125","PS",2024,2024-07-03,0.0107928571428571
"4126","PS",2024,2024-07-11,0.00814545454545455
"4127","PS",2024,2024-07-19,0.00782777777777778
"4128","PS",2024,2024-07-27,0.0103714285714286
"4129","PS",2025,2025-05-01,0.02085
"4130","PS",2025,2025-05-09,0.0195375
"4131","PS",2025,2025-05-17,0.0126952380952381
"4132","PS",2025,2025-05-25,0.0165363636363636
"4133","PS",2025,2025-06-02,0.0144133333333333
"4134","PS",2025,2025-06-10,0.0111611111111111
"4135","PS",2025,2025-06-18,0.0126478260869565
"4136","PS",2025,2025-07-04,0.01302
"4137","PS",2025,2025-07-12,0.014095652173913
"4138","PS",2025,2025-07-20,0.012725
"4139","PS",2025,2025-07-28,0.00990454545454545
"4140","QUI",2013,2013-05-01,0.0342181818181818
"4141","QUI",2013,2013-05-09,0.039472
"4142","QUI",2013,2013-05-17,0.0240115384615385
"4143","QUI",2013,2013-05-25,0.0200739130434783
"4144","QUI",2013,2013-06-02,0.01835
"4145","QUI",2013,2013-06-10,0.0108130434782609
"4146","QUI",2013,2013-06-18,0.0180666666666667
"4147","QUI",2013,2013-06-26,0.0101555555555556
"4148","QUI",2013,2013-07-12,0.0213947368421053
"4149","QUI",2013,2013-07-20,0.0241333333333333
"4150","QUI",2013,2013-07-28,0.0184666666666667
"4151","QUI",2014,2014-05-01,0.043836
"4152","QUI",2014,2014-05-17,0.0426916666666667
"4153","QUI",2014,2014-05-25,0.0203681818181818
"4154","QUI",2014,2014-06-02,0.03217
"4155","QUI",2014,2014-06-10,0.02877
"4156","QUI",2014,2014-06-18,0.0147272727272727
"4157","QUI",2014,2014-06-26,0.0117833333333333
"4158","QUI",2014,2014-07-04,0.0134384615384615
"4159","QUI",2014,2014-07-12,0.0133571428571429
"4160","QUI",2014,2014-07-20,0.01795
"4161","QUI",2014,2014-07-28,0.0136916666666667
"4162","QUI",2015,2015-05-01,0.0424190476190476
"4163","QUI",2015,2015-05-09,0.018065
"4164","QUI",2015,2015-05-17,0.0233368421052632
"4165","QUI",2015,2015-05-25,0.01775625
"4166","QUI",2015,2015-06-10,0.00594
"4167","QUI",2015,2015-06-18,0.00069375
"4168","QUI",2015,2015-06-26,0.0124153846153846
"4169","QUI",2015,2015-07-04,0.0054125
"4170","QUI",2015,2015-07-12,-0.00527826086956522
"4171","QUI",2015,2015-07-20,0.00271904761904762
"4172","QUI",2015,2015-07-28,0.00902
"4173","QUI",2016,2016-05-08,0.0271291666666667
"4174","QUI",2016,2016-05-16,0.0217611111111111
"4175","QUI",2016,2016-05-24,0.0150769230769231
"4176","QUI",2016,2016-06-01,0.007764
"4177","QUI",2016,2016-06-09,0.00846470588235294
"4178","QUI",2016,2016-06-17,0.01795
"4179","QUI",2016,2016-06-25,0.00650555555555556
"4180","QUI",2016,2016-07-11,0.00538260869565217
"4181","QUI",2016,2016-07-19,0.000982352941176471
"4182","QUI",2016,2016-07-27,0.00288571428571429
"4183","QUI",2017,2017-05-01,0.0243086956521739
"4184","QUI",2017,2017-05-09,0.016016
"4185","QUI",2017,2017-05-17,0.0119090909090909
"4186","QUI",2017,2017-05-25,0.01265
"4187","QUI",2017,2017-06-02,0.0178
"4188","QUI",2017,2017-06-10,0.0193916666666667
"4189","QUI",2017,2017-06-26,0.01895
"4190","QUI",2017,2017-07-04,0.0162782608695652
"4191","QUI",2017,2017-07-12,0.0135
"4192","QUI",2017,2017-07-20,0.02478
"4193","QUI",2018,2018-05-01,0.025128
"4194","QUI",2018,2018-05-09,0.007716
"4195","QUI",2018,2018-05-17,0.0193428571428571
"4196","QUI",2018,2018-05-25,0.0176555555555556
"4197","QUI",2018,2018-06-02,0.01756
"4198","QUI",2018,2018-06-10,0.02172
"4199","QUI",2018,2018-06-18,0.01324
"4200","QUI",2018,2018-06-26,0.012868
"4201","QUI",2018,2018-07-04,0.0225428571428571
"4202","QUI",2018,2018-07-12,0.00834
"4203","QUI",2018,2018-07-20,0.01266
"4204","QUI",2018,2018-07-28,0.0132166666666667
"4205","QUI",2019,2019-05-01,0.023465
"4206","QUI",2019,2019-05-09,0.0287111111111111
"4207","QUI",2019,2019-05-25,-0.000225
"4208","QUI",2019,2019-06-02,0.005624
"4209","QUI",2019,2019-06-10,0.01454
"4210","QUI",2019,2019-06-18,0.0123166666666667
"4211","QUI",2019,2019-06-26,0.0122875
"4212","QUI",2019,2019-07-12,0.00703157894736842
"4213","QUI",2019,2019-07-20,0.0192428571428571
"4214","QUI",2019,2019-07-28,0.01215
"4215","QUI",2020,2020-05-08,0.042516
"4216","QUI",2020,2020-05-16,0.0223
"4217","QUI",2020,2020-05-24,0.0172428571428571
"4218","QUI",2020,2020-06-01,0.0177888888888889
"4219","QUI",2020,2020-06-09,0.03925
"4220","QUI",2020,2020-06-25,0.01233
"4221","QUI",2020,2020-07-03,0.02382
"4222","QUI",2020,2020-07-11,0.0114190476190476
"4223","QUI",2020,2020-07-19,0.0170857142857143
"4224","QUI",2020,2020-07-27,0.008604
"4225","QUI",2021,2021-05-01,0.038352380952381
"4226","QUI",2021,2021-05-09,0.03993125
"4227","QUI",2021,2021-05-17,0.044985
"4228","QUI",2021,2021-05-25,0.0337636363636364
"4229","QUI",2021,2021-06-02,0.0105083333333333
"4230","QUI",2021,2021-06-10,0.0142153846153846
"4231","QUI",2021,2021-06-18,0.0205952380952381
"4232","QUI",2021,2021-06-26,0.0233285714285714
"4233","QUI",2021,2021-07-04,0.0161894736842105
"4234","QUI",2021,2021-07-20,0.0218190476190476
"4235","QUI",2021,2021-07-28,0.0124277777777778
"4236","QUI",2022,2022-05-01,0.0325173913043478
"4237","QUI",2022,2022-05-09,0.039764
"4238","QUI",2022,2022-05-17,0.0190115384615385
"4239","QUI",2022,2022-05-25,0.0241863636363636
"4240","QUI",2022,2022-06-02,0.0204190476190476
"4241","QUI",2022,2022-06-10,0.0194555555555556
"4242","QUI",2022,2022-06-18,-0.00263684210526316
"4243","QUI",2022,2022-06-26,0.01339375
"4244","QUI",2022,2022-07-04,0.00316
"4245","QUI",2022,2022-07-12,0.0215428571428571
"4246","QUI",2022,2022-07-20,0.011475
"4247","QUI",2022,2022-07-28,0.00857894736842105
"4248","QUI",2023,2023-05-09,0.0210428571428571
"4249","QUI",2023,2023-05-25,0.0446
"4250","QUI",2023,2023-06-02,0.0363304347826087
"4251","QUI",2023,2023-06-10,0.0187684210526316
"4252","QUI",2023,2023-06-18,0.0252714285714286
"4253","QUI",2023,2023-06-26,0.023535
"4254","QUI",2023,2023-07-04,0.0242
"4255","QUI",2023,2023-07-12,0.0136095238095238
"4256","QUI",2023,2023-07-20,0.0155875
"4257","QUI",2023,2023-07-28,0.018716
"4258","QUI",2024,2024-05-08,0.02008
"4259","QUI",2024,2024-05-16,0.03293
"4260","QUI",2024,2024-05-24,0.0272578947368421
"4261","QUI",2024,2024-06-09,0.0147208333333333
"4262","QUI",2024,2024-06-17,0.0151208333333333
"4263","QUI",2024,2024-06-25,0.0151181818181818
"4264","QUI",2024,2024-07-03,0.00939090909090909
"4265","QUI",2024,2024-07-11,0.00931304347826087
"4266","QUI",2024,2024-07-19,0.011775
"4267","QUI",2024,2024-07-27,0.0074125
"4268","QUI",2025,2025-05-01,0.029408
"4269","QUI",2025,2025-05-09,0.0292875
"4270","QUI",2025,2025-05-17,0.022804347826087
"4271","QUI",2025,2025-05-25,0.0252208333333333
"4272","QUI",2025,2025-06-02,0.0229428571428571
"4273","QUI",2025,2025-06-10,0.0164190476190476
"4274","QUI",2025,2025-06-18,0.0164076923076923
"4275","QUI",2025,2025-07-04,0.01625
"4276","QUI",2025,2025-07-12,0.0165809523809524
"4277","QUI",2025,2025-07-20,0.0185666666666667
"4278","QUI",2025,2025-07-28,0.0132578947368421
"4279","REF",2013,2013-05-01,0.0315
"4280","REF",2013,2013-05-09,0.0477083333333333
"4281","REF",2013,2013-05-17,0.0369222222222222
"4282","REF",2013,2013-05-25,0.0503
"4283","REF",2013,2013-06-02,0.0221
"4284","REF",2013,2013-06-10,0.0452285714285714
"4285","REF",2013,2013-06-18,0.0394769230769231
"4286","REF",2013,2013-06-26,0.0309571428571429
"4287","REF",2013,2013-07-04,0.02235
"4288","REF",2013,2013-07-12,0.03123
"4289","REF",2013,2013-07-20,0.0319
"4290","REF",2013,2013-07-28,0.0334
"4291","REF",2014,2014-05-01,0.0598428571428571
"4292","REF",2014,2014-05-17,0.03785
"4293","REF",2014,2014-05-25,0.0318428571428571
"4294","REF",2014,2014-06-02,0.0293
"4295","REF",2014,2014-06-10,0.0266928571428571
"4296","REF",2014,2014-06-18,0.0277142857142857
"4297","REF",2014,2014-06-26,0.0260090909090909
"4298","REF",2014,2014-07-04,0.0245777777777778
"4299","REF",2014,2014-07-12,0.0242428571428571
"4300","REF",2014,2014-07-20,0.0210285714285714
"4301","REF",2014,2014-07-28,0.037
"4302","REF",2015,2015-05-01,0.0472444444444444
"4303","REF",2015,2015-05-09,0.0318
"4304","REF",2015,2015-05-17,0.0454222222222222
"4305","REF",2015,2015-05-25,0.0390285714285714
"4306","REF",2015,2015-06-10,0.0294625
"4307","REF",2015,2015-06-18,0.01824
"4308","REF",2015,2015-06-26,0.01723
"4309","REF",2015,2015-07-04,0.02815
"4310","REF",2015,2015-07-12,0.0247
"4311","REF",2015,2015-07-20,0.02064
"4312","REF",2015,2015-07-28,0.01929
"4313","REF",2016,2016-05-08,0.04825
"4314","REF",2016,2016-05-16,0.04666
"4315","REF",2016,2016-05-24,0.0401555555555556
"4316","REF",2016,2016-06-01,0.0298625
"4317","REF",2016,2016-06-09,0.0221111111111111
"4318","REF",2016,2016-06-17,0.0213875
"4319","REF",2016,2016-06-25,0.0194333333333333
"4320","REF",2016,2016-07-11,0.00883333333333333
"4321","REF",2016,2016-07-19,-0.0017625
"4322","REF",2016,2016-07-27,0.00882
"4323","REF",2017,2017-05-01,0.044325
"4324","REF",2017,2017-05-09,0.0408833333333333
"4325","REF",2017,2017-05-17,0.0322846153846154
"4326","REF",2017,2017-05-25,0.02338
"4327","REF",2017,2017-06-02,0.0379
"4328","REF",2017,2017-06-10,0.0305
"4329","REF",2017,2017-06-26,0.0382857142857143
"4330","REF",2017,2017-07-04,0.0268
"4331","REF",2017,2017-07-12,0.0133416666666667
"4332","REF",2017,2017-07-20,0.00741
"4333","REF",2018,2018-05-01,0.0469
"4334","REF",2018,2018-05-09,0.0281285714285714
"4335","REF",2018,2018-05-17,0.0369
"4336","REF",2018,2018-06-02,0.0383153846153846
"4337","REF",2018,2018-06-10,0.0358
"4338","REF",2018,2018-06-18,0.0265857142857143
"4339","REF",2018,2018-06-26,0.02195
"4340","REF",2018,2018-07-04,0.0220375
"4341","REF",2018,2018-07-12,0.01450625
"4342","REF",2018,2018-07-20,0.0242307692307692
"4343","REF",2018,2018-07-28,0.0182714285714286
"4344","REF",2019,2019-05-01,0.0362285714285714
"4345","REF",2019,2019-05-09,0.0364
"4346","REF",2019,2019-05-25,0.038925
"4347","REF",2019,2019-06-02,0.0239
"4348","REF",2019,2019-06-10,0.0370083333333333
"4349","REF",2019,2019-06-18,0.0297727272727273
"4350","REF",2019,2019-06-26,0.0181416666666667
"4351","REF",2019,2019-07-04,0.0258769230769231
"4352","REF",2019,2019-07-12,0.0171375
"4353","REF",2019,2019-07-20,0.0323230769230769
"4354","REF",2019,2019-07-28,0.01295
"4355","REF",2020,2020-05-08,0.03869
"4356","REF",2020,2020-05-16,0.0353
"4357","REF",2020,2020-05-24,0.0470625
"4358","REF",2020,2020-06-01,0.030275
"4359","REF",2020,2020-06-09,0.0509
"4360","REF",2020,2020-07-03,0.021
"4361","REF",2020,2020-07-11,0.016925
"4362","REF",2020,2020-07-19,0.0109125
"4363","REF",2021,2021-05-01,0.0365222222222222
"4364","REF",2021,2021-05-09,0.04425
"4365","REF",2021,2021-05-17,0.042675
"4366","REF",2021,2021-05-25,0.0360166666666667
"4367","REF",2021,2021-06-02,0.028125
"4368","REF",2021,2021-06-10,0.0365545454545455
"4369","REF",2021,2021-06-18,0.04235
"4370","REF",2021,2021-06-26,0.03705
"4371","REF",2021,2021-07-04,0.0288888888888889
"4372","REF",2021,2021-07-20,0.0279
"4373","REF",2021,2021-07-28,0.0277181818181818
"4374","REF",2022,2022-05-01,0.044275
"4375","REF",2022,2022-05-09,0.046225
"4376","REF",2022,2022-05-17,0.0234833333333333
"4377","REF",2022,2022-05-25,0.0333
"4378","REF",2022,2022-06-02,0.03625
"4379","REF",2022,2022-06-10,0.0178
"4380","REF",2022,2022-06-18,0.0252666666666667
"4381","REF",2022,2022-06-26,0.0116166666666667
"4382","REF",2022,2022-07-04,0.0162090909090909
"4383","REF",2022,2022-07-12,0.0153111111111111
"4384","REF",2022,2022-07-20,0.0123
"4385","REF",2022,2022-07-28,0.0175454545454545
"4386","REF",2023,2023-05-09,0.0384941176470588
"4387","REF",2023,2023-05-17,0.0498666666666667
"4388","REF",2023,2023-05-25,0.0520428571428571
"4389","REF",2023,2023-06-02,0.04594
"4390","REF",2023,2023-06-10,0.03874375
"4391","REF",2023,2023-06-18,0.0275
"4392","REF",2023,2023-06-26,0.0300666666666667
"4393","REF",2023,2023-07-04,0.035225
"4394","REF",2023,2023-07-12,0.02862
"4395","REF",2023,2023-07-20,0.02365
"4396","REF",2023,2023-07-28,0.02584
"4397","REF",2024,2024-05-08,0.0363666666666667
"4398","REF",2024,2024-05-16,0.0322909090909091
"4399","REF",2024,2024-05-24,0.0384818181818182
"4400","REF",2024,2024-06-09,0.0375666666666667
"4401","REF",2024,2024-06-17,0.02415
"4402","REF",2024,2024-06-25,0.0235
"4403","REF",2024,2024-07-03,0.01122
"4404","REF",2024,2024-07-11,0.00835
"4405","REF",2024,2024-07-27,0.0247333333333333
"4406","REF",2025,2025-05-01,0.02674
"4407","REF",2025,2025-05-17,0.03226
"4408","REF",2025,2025-06-02,0.0372117647058824
"4409","REF",2025,2025-06-18,0.0248071428571429
"4410","REF",2025,2025-07-04,0.02688
"4411","REF",2025,2025-07-12,0.0179642857142857
"4412","REF",2025,2025-07-20,0.026325
"4413","REF",2025,2025-07-28,0.026175
"4414","SHE",2013,2013-05-01,0.03386
"4415","SHE",2013,2013-05-09,0.0466363636363636
"4416","SHE",2013,2013-05-17,0.0345833333333333
"4417","SHE",2013,2013-05-25,0.0431772727272727
"4418","SHE",2013,2013-06-02,0.0362
"4419","SHE",2013,2013-06-10,0.0444173913043478
"4420","SHE",2013,2013-06-18,0.039425
"4421","SHE",2013,2013-06-26,0.0340555555555556
"4422","SHE",2013,2013-07-04,0.0182
"4423","SHE",2013,2013-07-12,0.0452916666666667
"4424","SHE",2013,2013-07-20,0.02816
"4425","SHE",2013,2013-07-28,0.035745
"4426","SHE",2014,2014-05-01,0.05406
"4427","SHE",2014,2014-05-17,0.0425411764705882
"4428","SHE",2014,2014-05-25,0.024925
"4429","SHE",2014,2014-06-02,0.0375428571428571
"4430","SHE",2014,2014-06-10,0.0388666666666667
"4431","SHE",2014,2014-06-18,0.0311588235294118
"4432","SHE",2014,2014-06-26,0.0350666666666667
"4433","SHE",2014,2014-07-04,0.0408913043478261
"4434","SHE",2014,2014-07-12,0.0362833333333333
"4435","SHE",2014,2014-07-20,0.029936
"4436","SHE",2014,2014-07-28,0.03074
"4437","SHE",2015,2015-05-01,0.0467
"4438","SHE",2015,2015-05-09,0.0326954545454545
"4439","SHE",2015,2015-05-17,0.045535
"4440","SHE",2015,2015-06-10,0.0168666666666667
"4441","SHE",2015,2015-06-18,0.025435
"4442","SHE",2015,2015-06-26,0.0278571428571429
"4443","SHE",2015,2015-07-04,0.03497
"4444","SHE",2015,2015-07-12,0.0218777777777778
"4445","SHE",2015,2015-07-20,0.0267153846153846
"4446","SHE",2015,2015-07-28,0.0191125
"4447","SHE",2016,2016-05-08,0.04208
"4448","SHE",2016,2016-05-16,0.0447380952380952
"4449","SHE",2016,2016-05-24,0.0326125
"4450","SHE",2016,2016-06-01,0.0369391304347826
"4451","SHE",2016,2016-06-09,0.0348631578947368
"4452","SHE",2016,2016-06-17,0.034221052631579
"4453","SHE",2016,2016-06-25,0.035078947368421
"4454","SHE",2016,2016-07-11,0.0197304347826087
"4455","SHE",2016,2016-07-19,0.0147
"4456","SHE",2016,2016-07-27,0.01995
"4457","SHE",2017,2017-05-01,0.0451375
"4458","SHE",2017,2017-05-09,0.0460333333333333
"4459","SHE",2017,2017-05-17,0.0382777777777778
"4460","SHE",2017,2017-05-25,0.0390125
"4461","SHE",2017,2017-06-02,0.0397666666666667
"4462","SHE",2017,2017-06-10,0.0388428571428571
"4463","SHE",2017,2017-06-18,0.0362695652173913
"4464","SHE",2017,2017-06-26,0.0431181818181818
"4465","SHE",2017,2017-07-04,0.0321590909090909
"4466","SHE",2017,2017-07-12,0.02045
"4467","SHE",2017,2017-07-20,0.0101235294117647
"4468","SHE",2018,2018-05-01,0.0400714285714286
"4469","SHE",2018,2018-05-09,0.0320695652173913
"4470","SHE",2018,2018-05-17,0.0341947368421053
"4471","SHE",2018,2018-05-25,0.02565
"4472","SHE",2018,2018-06-02,0.0417
"4473","SHE",2018,2018-06-10,0.0356
"4474","SHE",2018,2018-06-18,0.0312
"4475","SHE",2018,2018-06-26,0.0234789473684211
"4476","SHE",2018,2018-07-04,0.0279571428571429
"4477","SHE",2018,2018-07-12,0.0381434782608696
"4478","SHE",2018,2018-07-20,0.029845
"4479","SHE",2018,2018-07-28,0.0247916666666667
"4480","SHE",2019,2019-05-01,0.0361944444444444
"4481","SHE",2019,2019-05-09,0.0339
"4482","SHE",2019,2019-05-25,0.040275
"4483","SHE",2019,2019-06-02,0.0324857142857143
"4484","SHE",2019,2019-06-10,0.0445869565217391
"4485","SHE",2019,2019-06-18,0.0285285714285714
"4486","SHE",2019,2019-06-26,0.0242125
"4487","SHE",2019,2019-07-04,0.031475
"4488","SHE",2019,2019-07-12,0.0199666666666667
"4489","SHE",2019,2019-07-20,0.0396545454545455
"4490","SHE",2019,2019-07-28,0.0311352941176471
"4491","SHE",2020,2020-05-08,0.039684
"4492","SHE",2020,2020-05-24,0.0445541666666667
"4493","SHE",2020,2020-06-01,0.0344913043478261
"4494","SHE",2020,2020-06-09,0.0525666666666667
"4495","SHE",2020,2020-06-25,0.0249142857142857
"4496","SHE",2020,2020-07-03,0.02216
"4497","SHE",2020,2020-07-11,0.0255625
"4498","SHE",2020,2020-07-19,0.0155722222222222
"4499","SHE",2020,2020-07-27,0.0179666666666667
"4500","SHE",2021,2021-05-01,0.0414818181818182
"4501","SHE",2021,2021-05-09,0.047504347826087
"4502","SHE",2021,2021-05-17,0.0370958333333333
"4503","SHE",2021,2021-05-25,0.0387954545454545
"4504","SHE",2021,2021-06-02,0.03225
"4505","SHE",2021,2021-06-10,0.0412652173913043
"4506","SHE",2021,2021-06-18,0.0462761904761905
"4507","SHE",2021,2021-06-26,0.0347444444444444
"4508","SHE",2021,2021-07-04,0.0332083333333333
"4509","SHE",2021,2021-07-20,0.0302434782608696
"4510","SHE",2021,2021-07-28,0.0408285714285714
"4511","SHE",2022,2022-05-01,0.0318333333333333
"4512","SHE",2022,2022-05-09,0.0459545454545455
"4513","SHE",2022,2022-05-17,0.033875
"4514","SHE",2022,2022-05-25,0.0423583333333333
"4515","SHE",2022,2022-06-02,0.0415363636363636
"4516","SHE",2022,2022-06-10,0.0221
"4517","SHE",2022,2022-06-18,0.0339
"4518","SHE",2022,2022-06-26,0.025316
"4519","SHE",2022,2022-07-04,0.0193
"4520","SHE",2022,2022-07-12,0.0245
"4521","SHE",2022,2022-07-20,0.0138352941176471
"4522","SHE",2022,2022-07-28,0.021932
"4523","SHE",2023,2023-05-09,0.0329863636363636
"4524","SHE",2023,2023-05-17,0.0508111111111111
"4525","SHE",2023,2023-05-25,0.053952380952381
"4526","SHE",2023,2023-06-02,0.040304
"4527","SHE",2023,2023-06-10,0.039792
"4528","SHE",2023,2023-06-18,0.03555
"4529","SHE",2023,2023-06-26,0.0358
"4530","SHE",2023,2023-07-04,0.0328636363636364
"4531","SHE",2023,2023-07-12,0.020972
"4532","SHE",2023,2023-07-20,0.0317166666666667
"4533","SHE",2023,2023-07-28,0.025675
"4534","SHE",2024,2024-05-08,0.0239222222222222
"4535","SHE",2024,2024-05-16,0.0403
"4536","SHE",2024,2024-05-24,0.0463590909090909
"4537","SHE",2024,2024-06-09,0.0436588235294118
"4538","SHE",2024,2024-06-17,0.0336227272727273
"4539","SHE",2024,2024-06-25,0.0434631578947368
"4540","SHE",2024,2024-07-03,0.0358222222222222
"4541","SHE",2024,2024-07-11,0.0234541666666667
"4542","SHE",2024,2024-07-27,0.025296
"4543","SHE",2025,2025-05-01,0.028925
"4544","SHE",2025,2025-05-09,0.0330434782608696
"4545","SHE",2025,2025-05-17,0.0381
"4546","SHE",2025,2025-05-25,0.0401
"4547","SHE",2025,2025-06-02,0.040496
"4548","SHE",2025,2025-06-10,0.023896
"4549","SHE",2025,2025-06-18,0.03628
"4550","SHE",2025,2025-07-04,0.0366125
"4551","SHE",2025,2025-07-12,0.0260727272727273
"4552","SHE",2025,2025-07-20,0.0318388888888889
"4553","SHE",2025,2025-07-28,0.0275285714285714
"4554","SUW",2013,2013-05-01,0.032075
"4555","SUW",2013,2013-05-09,0.02815
"4556","SUW",2013,2013-05-17,0.0286333333333333
"4557","SUW",2013,2013-05-25,0.0195333333333333
"4558","SUW",2013,2013-06-02,0.0129
"4559","SUW",2013,2013-06-10,0.03756
"4560","SUW",2013,2013-06-18,0.0276857142857143
"4561","SUW",2013,2013-06-26,0.00495
"4562","SUW",2013,2013-07-04,0.0396555555555556
"4563","SUW",2013,2013-07-12,0.0311555555555556
"4564","SUW",2013,2013-07-20,0.007875
"4565","SUW",2013,2013-07-28,0.0162
"4566","SUW",2014,2014-05-01,0.0275666666666667
"4567","SUW",2014,2014-05-17,0.0509111111111111
"4568","SUW",2014,2014-05-25,0.01715
"4569","SUW",2014,2014-06-02,0.0223666666666667
"4570","SUW",2014,2014-06-10,0.023
"4571","SUW",2014,2014-06-18,0.0268272727272727
"4572","SUW",2014,2014-06-26,0.00813333333333333
"4573","SUW",2014,2014-07-04,0.0311411764705882
"4574","SUW",2014,2014-07-12,0.029075
"4575","SUW",2014,2014-07-20,0.03198
"4576","SUW",2014,2014-07-28,0.012275
"4577","SUW",2015,2015-05-01,0.0313666666666667
"4578","SUW",2015,2015-05-09,0.0232
"4579","SUW",2015,2015-05-17,0.0201333333333333
"4580","SUW",2015,2015-05-25,0.01385
"4581","SUW",2015,2015-06-10,0.01752
"4582","SUW",2015,2015-06-18,0.00915
"4583","SUW",2015,2015-06-26,0.0314333333333333
"4584","SUW",2015,2015-07-04,0.0262571428571429
"4585","SUW",2015,2015-07-12,0.01
"4586","SUW",2015,2015-07-20,0.00706666666666667
"4587","SUW",2015,2015-07-28,0.0157
"4588","SUW",2016,2016-05-08,0.02565
"4589","SUW",2016,2016-05-16,0.022475
"4590","SUW",2016,2016-05-24,0.04289
"4591","SUW",2016,2016-06-01,0.0100333333333333
"4592","SUW",2016,2016-06-09,0.0183666666666667
"4593","SUW",2016,2016-06-17,0.0175333333333333
"4594","SUW",2016,2016-06-25,0.0138333333333333
"4595","SUW",2016,2016-07-11,0.0157142857142857
"4596","SUW",2016,2016-07-19,0.0131666666666667
"4597","SUW",2016,2016-07-27,0.0300761904761905
"4598","SUW",2017,2017-05-01,0.02035
"4599","SUW",2017,2017-05-09,0.03892
"4600","SUW",2017,2017-05-17,0.0294882352941176
"4601","SUW",2017,2017-05-25,0.0387571428571429
"4602","SUW",2017,2017-06-02,0.01708
"4603","SUW",2017,2017-06-10,0.0308538461538462
"4604","SUW",2017,2017-06-18,0.0274
"4605","SUW",2017,2017-06-26,0.0299210526315789
"4606","SUW",2017,2017-07-04,0.0067
"4607","SUW",2017,2017-07-12,0.0200571428571429
"4608","SUW",2017,2017-07-20,0.00983333333333333
"4609","SUW",2018,2018-05-01,0.0310666666666667
"4610","SUW",2018,2018-05-09,0.0081
"4611","SUW",2018,2018-05-17,0.027725
"4612","SUW",2018,2018-05-25,0.0096
"4613","SUW",2018,2018-06-10,0.02184
"4614","SUW",2018,2018-06-18,0.0163666666666667
"4615","SUW",2018,2018-06-26,0.0392
"4616","SUW",2018,2018-07-04,0.0271
"4617","SUW",2018,2018-07-12,0.0145
"4618","SUW",2018,2018-07-20,0.0179666666666667
"4619","SUW",2018,2018-07-28,0.0210818181818182
"4620","SUW",2019,2019-05-01,0.0474
"4621","SUW",2019,2019-05-09,0.0292666666666667
"4622","SUW",2019,2019-05-25,0.0194333333333333
"4623","SUW",2019,2019-06-02,0.0116
"4624","SUW",2019,2019-06-10,0.01755
"4625","SUW",2019,2019-06-18,0.0237545454545455
"4626","SUW",2019,2019-06-26,0.012475
"4627","SUW",2019,2019-07-04,0.01075
"4628","SUW",2019,2019-07-12,0.0269166666666667
"4629","SUW",2019,2019-07-20,0.0207222222222222
"4630","SUW",2019,2019-07-28,0.0115333333333333
"4631","SUW",2020,2020-05-08,0.0327333333333333
"4632","SUW",2020,2020-05-16,0.02145
"4633","SUW",2020,2020-05-24,0.0272
"4634","SUW",2020,2020-06-01,0.01438
"4635","SUW",2020,2020-06-09,0.04684
"4636","SUW",2020,2020-06-25,0.0168416666666667
"4637","SUW",2020,2020-07-03,0.0154333333333333
"4638","SUW",2020,2020-07-11,0.01582
"4639","SUW",2020,2020-07-19,0.0309714285714286
"4640","SUW",2020,2020-07-27,0.0370142857142857
"4641","SUW",2021,2021-05-01,0.0261666666666667
"4642","SUW",2021,2021-05-09,0.024175
"4643","SUW",2021,2021-05-17,0.035875
"4644","SUW",2021,2021-05-25,0.0261666666666667
"4645","SUW",2021,2021-06-02,0.0131
"4646","SUW",2021,2021-06-10,0.0298166666666667
"4647","SUW",2021,2021-06-26,0.02784375
"4648","SUW",2021,2021-07-04,0.0222
"4649","SUW",2021,2021-07-20,0.0147
"4650","SUW",2021,2021-07-28,0.0153941176470588
"4651","SUW",2022,2022-05-01,0.02155
"4652","SUW",2022,2022-05-09,0.03375
"4653","SUW",2022,2022-05-17,0.00905
"4654","SUW",2022,2022-05-25,0.0446478260869565
"4655","SUW",2022,2022-06-02,0.0406333333333333
"4656","SUW",2022,2022-06-10,0.030525
"4657","SUW",2022,2022-06-18,0.03114
"4658","SUW",2022,2022-06-26,0.0280083333333333
"4659","SUW",2022,2022-07-04,0.01205
"4660","SUW",2022,2022-07-12,0.0296
"4661","SUW",2022,2022-07-20,0.0262166666666667
"4662","SUW",2022,2022-07-28,0.0151
"4663","SUW",2023,2023-05-09,0.03832
"4664","SUW",2023,2023-05-17,0.0339636363636364
"4665","SUW",2023,2023-05-25,0.024975
"4666","SUW",2023,2023-06-02,0.02888
"4667","SUW",2023,2023-06-10,0.0327785714285714
"4668","SUW",2023,2023-06-18,0.0180333333333333
"4669","SUW",2023,2023-06-26,0.03055
"4670","SUW",2023,2023-07-04,0.0204857142857143
"4671","SUW",2023,2023-07-12,0.01365
"4672","SUW",2023,2023-07-20,0.0193636363636364
"4673","SUW",2023,2023-07-28,0.03
"4674","SUW",2024,2024-05-08,0.0328666666666667
"4675","SUW",2024,2024-05-16,0.0468636363636364
"4676","SUW",2024,2024-05-24,0.0210666666666667
"4677","SUW",2024,2024-06-09,0.02468
"4678","SUW",2024,2024-06-17,0.0445764705882353
"4679","SUW",2024,2024-06-25,0.03165
"4680","SUW",2024,2024-07-03,0.035255
"4681","SUW",2024,2024-07-11,0.02555
"4682","SUW",2024,2024-07-19,0.0078
"4683","SUW",2024,2024-07-27,0.0153285714285714
"4684","SUW",2025,2025-05-01,0.0475652173913043
"4685","SUW",2025,2025-05-09,0.0469235294117647
"4686","SUW",2025,2025-05-17,0.0442875
"4687","SUW",2025,2025-05-25,0.0427384615384615
"4688","SUW",2025,2025-06-02,0.0366863636363636
"4689","SUW",2025,2025-06-10,0.02624
"4690","SUW",2025,2025-06-18,0.027
"4691","SUW",2025,2025-07-04,0.0297208333333333
"4692","SUW",2025,2025-07-12,0.0291
"4693","SUW",2025,2025-07-20,0.03483125
"4694","SUW",2025,2025-07-28,0.0323695652173913
"4695","TAL",2013,2013-05-01,0.037325
"4696","TAL",2013,2013-05-09,0.0402666666666667
"4697","TAL",2013,2013-05-17,0.0299428571428571
"4698","TAL",2013,2013-05-25,0.0171454545454545
"4699","TAL",2013,2013-06-02,0.011225
"4700","TAL",2013,2013-06-10,0.0131470588235294
"4701","TAL",2013,2013-06-18,0.0179125
"4702","TAL",2013,2013-06-26,0.00948
"4703","TAL",2013,2013-07-12,0.0215181818181818
"4704","TAL",2013,2013-07-20,0.02176
"4705","TAL",2013,2013-07-28,0.027025
"4706","TAL",2014,2014-05-01,0.0476409090909091
"4707","TAL",2014,2014-05-17,0.0490952380952381
"4708","TAL",2014,2014-05-25,0.02095
"4709","TAL",2014,2014-06-02,0.0372529411764706
"4710","TAL",2014,2014-06-10,0.0234461538461538
"4711","TAL",2014,2014-06-18,0.0145071428571429
"4712","TAL",2014,2014-06-26,0.00676666666666667
"4713","TAL",2014,2014-07-04,0.009305
"4714","TAL",2014,2014-07-12,0.0103944444444444
"4715","TAL",2014,2014-07-20,0.0145642857142857
"4716","TAL",2014,2014-07-28,0.00394
"4717","TAL",2015,2015-05-01,0.0474681818181818
"4718","TAL",2015,2015-05-09,0.01518125
"4719","TAL",2015,2015-05-17,0.0244636363636364
"4720","TAL",2015,2015-05-25,0.01609
"4721","TAL",2015,2015-06-10,0.00545454545454545
"4722","TAL",2015,2015-06-18,-0.0012
"4723","TAL",2015,2015-06-26,0.0170571428571429
"4724","TAL",2015,2015-07-04,-0.00171818181818182
"4725","TAL",2015,2015-07-12,-0.0100416666666667
"4726","TAL",2015,2015-07-20,-0.0039
"4727","TAL",2015,2015-07-28,0.00427272727272727
"4728","TAL",2016,2016-05-08,0.0229555555555556
"4729","TAL",2016,2016-05-16,0.02462
"4730","TAL",2016,2016-05-24,0.0132736842105263
"4731","TAL",2016,2016-06-01,0.00842380952380952
"4732","TAL",2016,2016-06-09,0.0062
"4733","TAL",2016,2016-06-17,0.0160294117647059
"4734","TAL",2016,2016-06-25,0.00685
"4735","TAL",2016,2016-07-11,0.00477272727272727
"4736","TAL",2016,2016-07-19,-0.0007625
"4737","TAL",2016,2016-07-27,0.000733333333333333
"4738","TAL",2017,2017-05-01,0.0258772727272727
"4739","TAL",2017,2017-05-09,0.0092
"4740","TAL",2017,2017-05-17,0.00983846153846154
"4741","TAL",2017,2017-05-25,0.0109666666666667
"4742","TAL",2017,2017-06-10,0.02224
"4743","TAL",2017,2017-06-26,0.0214277777777778
"4744","TAL",2017,2017-07-04,0.0190125
"4745","TAL",2017,2017-07-12,0.01212
"4746","TAL",2017,2017-07-20,0.023625
"4747","TAL",2018,2018-05-01,0.02469
"4748","TAL",2018,2018-05-09,0.00514782608695652
"4749","TAL",2018,2018-05-17,0.0242705882352941
"4750","TAL",2018,2018-05-25,0.019052380952381
"4751","TAL",2018,2018-06-02,0.0102
"4752","TAL",2018,2018-06-18,0.0158
"4753","TAL",2018,2018-06-26,0.0118
"4754","TAL",2018,2018-07-04,0.0184333333333333
"4755","TAL",2018,2018-07-12,0.00213913043478261
"4756","TAL",2018,2018-07-20,0.0157823529411765
"4757","TAL",2018,2018-07-28,0.00969230769230769
"4758","TAL",2019,2019-05-01,0.0209176470588235
"4759","TAL",2019,2019-05-25,0.00104090909090909
"4760","TAL",2019,2019-06-02,0.00185
"4761","TAL",2019,2019-06-10,0.0145909090909091
"4762","TAL",2019,2019-06-18,0.00945
"4763","TAL",2019,2019-06-26,0.0074
"4764","TAL",2019,2019-07-04,0.01023
"4765","TAL",2019,2019-07-12,0.0046
"4766","TAL",2019,2019-07-20,0.01865
"4767","TAL",2019,2019-07-28,0.0122555555555556
"4768","TAL",2020,2020-05-08,0.0458409090909091
"4769","TAL",2020,2020-05-16,0.0254444444444444
"4770","TAL",2020,2020-05-24,0.01695
"4771","TAL",2020,2020-06-01,0.0191
"4772","TAL",2020,2020-06-09,0.0433894736842105
"4773","TAL",2020,2020-06-25,0.0137666666666667
"4774","TAL",2020,2020-07-11,0.00880588235294118
"4775","TAL",2020,2020-07-19,0.016
"4776","TAL",2020,2020-07-27,0.00586818181818182
"4777","TAL",2021,2021-05-01,0.0455909090909091
"4778","TAL",2021,2021-05-09,0.0489428571428571
"4779","TAL",2021,2021-05-17,0.04642
"4780","TAL",2021,2021-05-25,0.0357235294117647
"4781","TAL",2021,2021-06-02,0.012575
"4782","TAL",2021,2021-06-10,0.011575
"4783","TAL",2021,2021-06-18,0.023725
"4784","TAL",2021,2021-06-26,0.0287
"4785","TAL",2021,2021-07-04,0.0196
"4786","TAL",2021,2021-07-20,0.0171333333333333
"4787","TAL",2021,2021-07-28,0.0118875
"4788","TAL",2022,2022-05-01,0.0330285714285714
"4789","TAL",2022,2022-05-09,0.0440636363636364
"4790","TAL",2022,2022-05-17,0.0198071428571429
"4791","TAL",2022,2022-05-25,0.0290666666666667
"4792","TAL",2022,2022-06-02,0.017
"4793","TAL",2022,2022-06-18,-0.00446923076923077
"4794","TAL",2022,2022-06-26,0.0125454545454545
"4795","TAL",2022,2022-07-04,0.00444545454545454
"4796","TAL",2022,2022-07-20,0.0131368421052632
"4797","TAL",2022,2022-07-28,0.006865
"4798","TAL",2023,2023-05-09,0.0240692307692308
"4799","TAL",2023,2023-05-17,0.0161666666666667
"4800","TAL",2023,2023-05-25,0.05034
"4801","TAL",2023,2023-06-02,0.03606
"4802","TAL",2023,2023-06-10,0.0206571428571429
"4803","TAL",2023,2023-06-18,0.0232714285714286
"4804","TAL",2023,2023-06-26,0.0217666666666667
"4805","TAL",2023,2023-07-04,0.0208578947368421
"4806","TAL",2023,2023-07-12,0.0143454545454545
"4807","TAL",2023,2023-07-20,0.0153947368421053
"4808","TAL",2023,2023-07-28,0.01931
"4809","TAL",2024,2024-05-08,0.023775
"4810","TAL",2024,2024-05-16,0.0296333333333333
"4811","TAL",2024,2024-05-24,0.0269714285714286
"4812","TAL",2024,2024-06-09,0.0131
"4813","TAL",2024,2024-06-17,0.0118
"4814","TAL",2024,2024-06-25,0.01388
"4815","TAL",2024,2024-07-03,0.00476315789473684
"4816","TAL",2024,2024-07-11,0.007415
"4817","TAL",2024,2024-07-19,0.01018
"4818","TAL",2024,2024-07-27,0.00878
"4819","TAL",2025,2025-05-01,0.0314590909090909
"4820","TAL",2025,2025-05-09,0.0319318181818182
"4821","TAL",2025,2025-05-17,0.0218647058823529
"4822","TAL",2025,2025-05-25,0.01813
"4823","TAL",2025,2025-06-02,0.0223466666666667
"4824","TAL",2025,2025-06-10,0.0048
"4825","TAL",2025,2025-06-18,0.01499375
"4826","TAL",2025,2025-07-04,0.01569
"4827","TAL",2025,2025-07-12,0.0159611111111111
"4828","TAL",2025,2025-07-20,0.0190882352941176
"4829","TAL",2025,2025-07-28,0.01375
"4830","TU",2013,2013-05-09,0.03675
"4831","TU",2013,2013-05-17,0.0308909090909091
"4832","TU",2013,2013-05-25,0.0279818181818182
"4833","TU",2013,2013-06-02,0.01714
"4834","TU",2013,2013-06-10,0.012925
"4835","TU",2013,2013-07-12,0.0212
"4836","TU",2013,2013-07-20,0.0205857142857143
"4837","TU",2013,2013-07-28,0.02564
"4838","TU",2014,2014-05-01,0.0436818181818182
"4839","TU",2014,2014-05-17,0.0471833333333333
"4840","TU",2014,2014-05-25,0.0175
"4841","TU",2014,2014-06-02,0.0293571428571429
"4842","TU",2014,2014-06-10,0.0226571428571429
"4843","TU",2014,2014-06-18,0.0167888888888889
"4844","TU",2014,2014-06-26,0.016125
"4845","TU",2014,2014-07-04,0.0267181818181818
"4846","TU",2014,2014-07-12,0.02672
"4847","TU",2014,2014-07-20,0.01764
"4848","TU",2014,2014-07-28,0.018625
"4849","TU",2015,2015-05-01,0.0453181818181818
"4850","TU",2015,2015-05-09,0.0211454545454545
"4851","TU",2015,2015-05-17,0.0322181818181818
"4852","TU",2015,2015-05-25,0.0206125
"4853","TU",2015,2015-06-10,0.0128
"4854","TU",2015,2015-06-18,0.0055
"4855","TU",2015,2015-06-26,0.0158333333333333
"4856","TU",2015,2015-07-04,0.0127833333333333
"4857","TU",2015,2015-07-12,-0.00208333333333333
"4858","TU",2015,2015-07-20,0.0039
"4859","TU",2015,2015-07-28,-0.00968333333333333
"4860","TU",2016,2016-05-08,0.0320909090909091
"4861","TU",2016,2016-05-16,0.0289636363636364
"4862","TU",2016,2016-05-24,0.0181636363636364
"4863","TU",2016,2016-06-01,0.01768
"4864","TU",2016,2016-06-09,0.0196428571428571
"4865","TU",2016,2016-06-17,0.0198875
"4866","TU",2016,2016-06-25,0.00693
"4867","TU",2016,2016-07-11,0.00787142857142857
"4868","TU",2016,2016-07-19,0.0012
"4869","TU",2016,2016-07-27,0.0101777777777778
"4870","TU",2017,2017-05-01,0.0314454545454545
"4871","TU",2017,2017-05-09,0.0205777777777778
"4872","TU",2017,2017-05-17,0.0188
"4873","TU",2017,2017-05-25,0.02946
"4874","TU",2017,2017-06-02,0.019975
"4875","TU",2017,2017-06-18,0.0201
"4876","TU",2017,2017-06-26,0.028775
"4877","TU",2017,2017-07-04,0.02355
"4878","TU",2017,2017-07-12,0.02575
"4879","TU",2017,2017-07-20,0.02366
"4880","TU",2018,2018-05-01,0.0382636363636364
"4881","TU",2018,2018-05-09,0.0187
"4882","TU",2018,2018-05-25,0.0238666666666667
"4883","TU",2018,2018-06-02,0.02917
"4884","TU",2018,2018-06-10,0.0230333333333333
"4885","TU",2018,2018-06-18,0.0244
"4886","TU",2018,2018-06-26,0.02123
"4887","TU",2018,2018-07-04,0.0297
"4888","TU",2018,2018-07-12,0.0166142857142857
"4889","TU",2018,2018-07-20,0.02226
"4890","TU",2018,2018-07-28,0.0148
"4891","TU",2019,2019-05-01,0.0325363636363636
"4892","TU",2019,2019-05-09,0.03655
"4893","TU",2019,2019-05-25,0.0195
"4894","TU",2019,2019-06-02,0.0162727272727273
"4895","TU",2019,2019-06-10,0.0300727272727273
"4896","TU",2019,2019-06-18,0.01537
"4897","TU",2019,2019-06-26,0.0154
"4898","TU",2019,2019-07-04,0.0123
"4899","TU",2019,2019-07-12,0.0105
"4900","TU",2019,2019-07-20,0.0210857142857143
"4901","TU",2019,2019-07-28,0.00839
"4902","TU",2020,2020-05-08,0.0405090909090909
"4903","TU",2020,2020-05-16,0.0278111111111111
"4904","TU",2020,2020-05-24,0.0271363636363636
"4905","TU",2020,2020-06-09,0.0368818181818182
"4906","TU",2020,2020-06-25,0.0140888888888889
"4907","TU",2020,2020-07-03,0.0248
"4908","TU",2020,2020-07-11,0.016825
"4909","TU",2020,2020-07-19,0.0180555555555556
"4910","TU",2020,2020-07-27,0.0199571428571429
"4911","TU",2021,2021-05-01,0.0371727272727273
"4912","TU",2021,2021-05-09,0.0348888888888889
"4913","TU",2021,2021-05-17,0.0454375
"4914","TU",2021,2021-05-25,0.0376363636363636
"4915","TU",2021,2021-06-02,0.01755
"4916","TU",2021,2021-06-10,0.0226090909090909
"4917","TU",2021,2021-06-18,0.022
"4918","TU",2021,2021-06-26,0.0143
"4919","TU",2021,2021-07-04,0.01855
"4920","TU",2021,2021-07-20,0.0171
"4921","TU",2021,2021-07-28,0.0113
"4922","TU",2022,2022-05-01,0.0327363636363636
"4923","TU",2022,2022-05-09,0.0261636363636364
"4924","TU",2022,2022-05-17,0.01637
"4925","TU",2022,2022-05-25,0.0244181818181818
"4926","TU",2022,2022-06-02,0.02226
"4927","TU",2022,2022-06-10,0.0158
"4928","TU",2022,2022-06-18,0.00549
"4929","TU",2022,2022-06-26,0.00998571428571429
"4930","TU",2022,2022-07-04,0.0100666666666667
"4931","TU",2022,2022-07-20,0.01495
"4932","TU",2022,2022-07-28,0.01015
"4933","TU",2023,2023-05-09,0.0270166666666667
"4934","TU",2023,2023-05-25,0.0463333333333333
"4935","TU",2023,2023-06-02,0.0331428571428571
"4936","TU",2023,2023-06-10,0.01896
"4937","TU",2023,2023-06-18,0.02694
"4938","TU",2023,2023-06-26,0.0193545454545455
"4939","TU",2023,2023-07-04,0.02354
"4940","TU",2023,2023-07-12,0.01994
"4941","TU",2023,2023-07-20,0.01654
"4942","TU",2023,2023-07-28,0.01475
"4943","TU",2024,2024-05-08,0.02382
"4944","TU",2024,2024-05-16,0.02885
"4945","TU",2024,2024-05-24,0.0304454545454545
"4946","TU",2024,2024-06-09,0.0195909090909091
"4947","TU",2024,2024-06-17,0.0162
"4948","TU",2024,2024-06-25,0.0151545454545455
"4949","TU",2024,2024-07-03,0.01595
"4950","TU",2024,2024-07-11,0.0110125
"4951","TU",2024,2024-07-19,0.0179545454545455
"4952","TU",2024,2024-07-27,0.00928333333333333
"4953","TU",2025,2025-05-01,0.0288272727272727
"4954","TU",2025,2025-05-09,0.0221666666666667
"4955","TU",2025,2025-05-17,0.0288454545454545
"4956","TU",2025,2025-05-25,0.0251857142857143
"4957","TU",2025,2025-06-02,0.0270363636363636
"4958","TU",2025,2025-06-10,0.0147714285714286
"4959","TU",2025,2025-06-18,0.0206090909090909
"4960","TU",2025,2025-07-04,0.01251
"4961","TU",2025,2025-07-12,0.016825
"4962","TU",2025,2025-07-20,0.01975
"4963","TU",2025,2025-07-28,0.0101545454545455
